CustomerID,Recency,Frequency,Monetary,FirstPurchase,LastPurchase,Country,Tenure,AvgOrderValue
12346,326,3,77352.96,2010-03-02 13:08:00,2011-01-18 10:01:00,United Kingdom,321,25784.32
12347,2,8,4921.53,2010-10-31 14:20:00,2011-12-07 15:52:00,Iceland,402,615.19
12348,75,5,1658.3999999999999,2010-09-27 14:59:00,2011-09-25 13:13:00,Finland,362,331.68
12349,19,3,3678.69,2010-04-29 13:20:00,2011-11-21 09:51:00,Italy,570,1226.23
12350,310,1,294.4,2011-02-02 16:01:00,2011-02-02 16:01:00,Norway,0,294.4
12351,375,1,300.93,2010-11-29 15:23:00,2010-11-29 15:23:00,Unspecified,0,300.93
12352,36,9,1729.54,2010-11-12 10:20:00,2011-11-03 14:37:00,Norway,356,192.17
12353,204,2,406.76,2010-10-27 12:44:00,2011-05-19 17:47:00,Bahrain,204,203.38
12354,232,1,1079.4,2011-04-21 13:11:00,2011-04-21 13:11:00,Spain,0,1079.4
12355,214,2,947.61,2010-05-21 11:59:00,2011-05-09 13:49:00,Bahrain,353,473.8
12356,23,6,5611.73,2010-10-11 09:42:00,2011-11-17 08:40:00,Portugal,401,935.29
12357,33,2,17437.66,2010-11-16 10:05:00,2011-11-06 16:07:00,Switzerland,355,8718.83
12358,2,5,3447.07,2009-12-08 07:59:00,2011-12-08 10:26:00,Austria,730,689.41
12359,58,10,8873.39,2009-12-05 13:32:00,2011-10-13 12:47:00,Cyprus,676,887.34
12360,52,6,3612.89,2010-02-22 09:32:00,2011-10-18 15:22:00,Austria,603,602.15
12361,287,4,451.25,2010-01-26 14:37:00,2011-02-25 13:51:00,Belgium,394,112.81
12362,3,10,4737.23,2011-02-17 10:30:00,2011-12-06 15:40:00,Belgium,292,473.72
12363,110,2,552.0,2011-04-11 13:29:00,2011-08-22 10:18:00,Unspecified,132,276.0
12364,8,4,1208.1,2011-08-19 15:24:00,2011-12-02 10:22:00,Belgium,104,302.02
12365,291,1,320.69,2011-02-21 13:51:00,2011-02-21 13:51:00,Cyprus,0,320.69
12366,634,1,500.24,2010-03-16 10:28:00,2010-03-16 10:28:00,Cyprus,0,500.24
12367,4,1,150.9,2011-12-05 16:48:00,2011-12-05 16:48:00,Denmark,0,150.9
12368,628,1,917.6999999999999,2010-03-21 15:56:00,2010-03-21 15:56:00,Cyprus,0,917.7
12369,413,3,1511.15,2010-03-08 08:09:00,2010-10-22 13:13:00,Austria,228,503.72
12370,51,7,3956.56,2010-02-09 09:41:00,2011-10-19 14:51:00,Cyprus,617,565.22
12371,60,4,3347.38,2010-03-04 18:23:00,2011-10-11 10:43:00,Switzerland,585,836.84
12372,72,3,1196.04,2011-02-16 12:46:00,2011-09-29 12:12:00,Denmark,224,398.68
12373,311,3,927.6500000000001,2010-02-04 12:08:00,2011-02-01 13:10:00,Austria,362,309.22
12374,25,3,2669.22,2010-04-30 14:01:00,2011-11-14 15:37:00,Austria,563,889.74
12375,11,2,377.5,2011-09-02 14:23:00,2011-11-29 10:36:00,Finland,87,188.75
12376,390,2,383.15,2010-10-18 08:42:00,2010-11-15 12:15:00,Switzerland,28,191.58
12377,315,4,3266.32,2010-04-29 15:34:00,2011-01-28 15:45:00,Switzerland,274,816.58
12378,130,2,5416.32,2010-05-26 14:07:00,2011-08-02 10:34:00,Switzerland,432,2708.16
12379,82,4,1470.22,2010-06-23 12:49:00,2011-09-19 10:09:00,Belgium,452,367.56
12380,22,8,7210.65,2010-02-15 12:05:00,2011-11-18 11:27:00,Belgium,640,901.33
12381,5,3,1474.81,2011-08-12 09:57:00,2011-12-05 12:44:00,Norway,115,491.6
12383,185,5,1628.56,2010-12-22 14:28:00,2011-06-08 08:02:00,Belgium,167,325.71
12384,29,2,425.27000000000004,2011-08-10 11:23:00,2011-11-11 08:39:00,Switzerland,92,212.64
12385,379,1,1668.4,2010-11-25 15:14:00,2010-11-25 15:14:00,Belgium,0,1668.4
12386,338,2,401.9,2010-12-08 09:53:00,2011-01-06 12:37:00,Australia,29,200.95
12387,415,1,143.94,2010-10-20 16:27:00,2010-10-20 16:27:00,Australia,0,143.94
12388,16,8,3901.11,2010-05-06 12:54:00,2011-11-24 12:30:00,Australia,566,487.64
12389,403,3,1433.33,2010-02-22 10:15:00,2010-11-02 11:52:00,Australia,253,477.78
12390,80,1,504.84000000000003,2011-09-21 09:33:00,2011-09-21 09:33:00,Belgium,0,504.84
12391,22,6,2724.84,2010-02-15 10:12:00,2011-11-18 12:07:00,Cyprus,641,454.14
12392,591,1,234.75000000000003,2010-04-27 14:04:00,2010-04-27 14:04:00,Australia,0,234.75
12393,72,6,2399.4500000000003,2010-10-07 13:49:00,2011-09-28 15:41:00,Australia,356,399.91
12394,64,2,1080.48,2011-05-06 14:01:00,2011-10-07 08:08:00,Belgium,153,540.24
12395,19,15,4241.17,2010-04-16 10:16:00,2011-11-20 15:21:00,Belgium,583,282.74
12396,674,1,931.43,2010-02-03 13:22:00,2010-02-03 13:22:00,RSA,0,931.43
12397,36,2,2214.9,2011-07-27 14:21:00,2011-11-04 09:52:00,Belgium,99,1107.45
12398,46,1,1435.66,2011-10-25 10:27:00,2011-10-25 10:27:00,Switzerland,0,1435.66
12399,119,7,1842.3,2010-03-05 08:45:00,2011-08-12 13:15:00,Belgium,525,263.19
12400,414,1,205.25,2010-10-21 13:45:00,2010-10-21 13:45:00,Australia,0,205.25
12401,303,1,69.3,2011-02-09 13:50:00,2011-02-09 13:50:00,Belgium,0,69.3
12402,323,6,1136.9,2010-02-07 12:41:00,2011-01-20 13:49:00,Belgium,347,189.48
12403,50,2,947.36,2010-07-06 11:39:00,2011-10-21 10:51:00,Denmark,471,473.68
12405,149,1,1390.39,2011-07-14 08:52:00,2011-07-14 08:52:00,Finland,0,1390.39
12406,22,5,6390.36,2010-01-11 14:04:00,2011-11-17 19:22:00,Denmark,675,1278.07
12407,50,5,1507.1200000000001,2011-03-20 13:21:00,2011-10-21 10:11:00,Belgium,214,301.42
12408,33,8,3905.77,2010-07-29 13:27:00,2011-11-07 12:27:00,Belgium,465,488.22
12409,79,7,23419.29,2010-05-23 15:21:00,2011-09-22 10:38:00,Switzerland,486,3345.61
12410,309,3,773.71,2010-07-25 13:26:00,2011-02-04 10:39:00,Switzerland,193,257.9
12411,410,1,346.9,2010-10-26 09:25:00,2010-10-26 09:25:00,Australia,0,346.9
12412,75,6,2404.93,2010-06-18 13:22:00,2011-09-26 10:16:00,Denmark,464,400.82
12413,67,4,871.45,2010-11-02 13:26:00,2011-10-04 09:00:00,France,335,217.86
12414,217,4,532.41,2010-09-02 12:22:00,2011-05-06 14:51:00,Austria,246,133.1
12415,24,24,144033.37,2010-06-30 08:30:00,2011-11-15 14:22:00,Australia,503,6001.39
12416,657,1,202.56,2010-02-21 10:19:00,2010-02-21 10:19:00,Australia,0,202.56
12417,3,20,5998.41,2009-12-06 10:30:00,2011-12-06 14:52:00,Belgium,730,299.92
12418,113,4,2021.2,2010-03-19 14:47:00,2011-08-19 11:08:00,Switzerland,517,505.3
12419,386,2,391.01,2010-10-22 10:40:00,2010-11-19 10:04:00,Spain,27,195.5
12420,64,1,600.39,2011-10-07 08:55:00,2011-10-07 08:55:00,Cyprus,0,600.39
12421,16,6,874.6,2010-07-22 13:57:00,2011-11-24 09:07:00,Spain,489,145.77
12422,96,12,3639.35,2009-12-18 12:44:00,2011-09-05 09:48:00,Switzerland,625,303.28
12423,1,10,2301.39,2010-08-31 09:31:00,2011-12-09 10:10:00,Belgium,465,230.14
12424,163,4,3340.03,2010-06-09 15:15:00,2011-06-30 12:06:00,Australia,385,835.01
12425,78,2,1741.41,2010-09-17 14:10:00,2011-09-22 17:31:00,Portugal,370,870.7
12426,195,2,1201.21,2010-02-15 08:41:00,2011-05-29 12:26:00,Germany,468,600.6
12427,22,3,699.8,2010-12-03 10:44:00,2011-11-18 08:56:00,Germany,349,233.27
12428,26,8,6405.26,2011-03-01 09:33:00,2011-11-14 08:22:00,Finland,257,800.66
12429,9,8,5842.41,2010-06-11 13:28:00,2011-11-30 17:22:00,Denmark,537,730.3
12430,43,1,216.4,2011-10-27 15:09:00,2011-10-27 15:09:00,Norway,0,216.4
12431,36,25,10102.22,2010-01-15 09:04:00,2011-11-04 11:55:00,Australia,658,404.09
12432,43,4,4359.32,2011-06-20 13:27:00,2011-10-28 11:43:00,Norway,129,1089.83
12433,1,10,16794.14,2010-08-20 09:23:00,2011-12-09 10:02:00,Norway,476,1679.41
12434,85,3,1103.43,2010-11-23 13:38:00,2011-09-16 12:38:00,Australia,296,367.81
12435,80,6,13925.93,2009-12-02 13:58:00,2011-09-21 09:06:00,Denmark,657,2320.99
12436,100,1,429.01000000000005,2011-09-01 12:09:00,2011-09-01 12:09:00,Norway,0,429.01
12437,2,38,11282.4,2009-12-02 16:24:00,2011-12-08 11:35:00,France,735,296.91
12438,14,2,2466.85,2011-07-22 13:29:00,2011-11-25 13:28:00,Norway,125,1233.42
12439,683,2,1142.88,2009-12-14 08:40:00,2010-01-26 12:11:00,Cyprus,43,571.44
12440,462,2,739.2,2009-12-22 12:03:00,2010-09-03 13:11:00,Austria,255,369.6
12441,367,1,155.55,2010-12-08 10:45:00,2010-12-08 10:45:00,France,0,155.55
12442,3,1,144.06,2011-12-06 14:22:00,2011-12-06 14:22:00,Spain,0,144.06
12443,732,1,365.31,2009-12-07 15:42:00,2009-12-07 15:42:00,Norway,0,365.31
12444,21,5,4085.46,2011-06-21 14:00:00,2011-11-18 13:23:00,Norway,149,817.09
12445,22,2,378.98,2010-10-15 12:28:00,2011-11-17 18:43:00,Spain,398,189.49
12446,58,1,1002.3100000000001,2011-10-13 12:50:00,2011-10-13 12:50:00,RSA,0,1002.31
12447,243,1,431.49,2011-04-10 13:25:00,2011-04-10 13:25:00,Belgium,0,431.49
12448,44,1,365.45,2011-10-26 13:46:00,2011-10-26 13:46:00,Spain,0,365.45
12449,22,5,4274.89,2010-09-27 09:37:00,2011-11-17 13:46:00,Belgium,416,854.98
12450,156,5,688.2,2010-08-22 13:11:00,2011-07-06 14:41:00,Spain,318,137.64
12451,11,8,12629.88,2010-06-28 12:58:00,2011-11-29 08:40:00,Switzerland,518,1578.74
12452,17,1,348.57,2011-11-23 08:05:00,2011-11-23 08:05:00,Switzerland,0,348.57
12453,134,1,707.09,2011-07-28 14:08:00,2011-07-28 14:08:00,Austria,0,707.09
12454,56,4,16459.78,2010-10-14 17:33:00,2011-10-14 17:13:00,Spain,364,4114.94
12455,73,9,5722.95,2009-12-18 12:33:00,2011-09-27 15:31:00,Cyprus,648,635.88
12456,44,3,2581.04,2011-03-30 09:12:00,2011-10-26 14:41:00,Switzerland,210,860.35
12457,66,7,2555.91,2010-09-30 17:59:00,2011-10-04 13:13:00,Switzerland,368,365.13
12458,71,4,1502.49,2010-08-09 10:33:00,2011-09-29 15:25:00,Switzerland,416,375.62
12459,605,1,398.36,2010-04-13 14:53:00,2010-04-13 14:53:00,Spain,0,398.36
12460,456,1,296.65,2010-09-09 13:51:00,2010-09-09 13:51:00,Belgium,0,296.65
12461,155,1,626.88,2011-07-08 10:23:00,2011-07-08 10:23:00,Switzerland,0,626.88
12462,19,2,937.59,2011-02-09 14:44:00,2011-11-21 09:11:00,Spain,284,468.8
12463,53,4,1200.78,2011-04-12 12:47:00,2011-10-17 13:44:00,Belgium,188,300.2
12464,10,8,957.05,2011-02-03 13:30:00,2011-11-29 13:33:00,Belgium,299,119.63
12465,17,2,682.1899999999999,2011-06-23 13:37:00,2011-11-22 16:34:00,Belgium,152,341.1
12467,423,1,132.8,2010-10-12 15:41:00,2010-10-12 15:41:00,USA,0,132.8
12468,188,5,3238.74,2010-01-26 10:09:00,2011-06-05 11:36:00,Germany,495,647.75
12469,523,2,3070.54,2010-06-21 10:30:00,2010-07-05 12:40:00,Thailand,14,1535.27
12470,690,1,211.95,2010-01-19 11:01:00,2010-01-19 11:01:00,Unspecified,0,211.95
12471,2,71,35099.9,2009-12-07 10:41:00,2011-12-07 15:43:00,Germany,730,494.36
12472,32,19,14971.289999999999,2009-12-14 10:49:00,2011-11-07 14:01:00,Germany,693,787.96
12473,54,3,2585.73,2011-06-01 10:15:00,2011-10-17 11:27:00,Germany,138,861.91
12474,17,29,11310.75,2010-02-11 09:41:00,2011-11-22 14:39:00,Germany,649,390.03
12475,54,2,1065.64,2010-10-26 08:49:00,2011-10-17 10:10:00,Germany,356,532.82
12476,16,18,12319.91,2010-07-26 09:04:00,2011-11-24 12:40:00,Germany,486,684.44
12477,23,9,20276.37,2010-03-26 14:01:00,2011-11-17 09:51:00,Germany,600,2252.93
12478,4,1,545.99,2011-12-06 09:56:00,2011-12-06 09:56:00,Greece,0,545.99
12479,11,1,473.2,2011-11-28 13:26:00,2011-11-28 13:26:00,Germany,0,473.2
12480,28,7,4834.85,2010-07-20 13:21:00,2011-11-11 14:52:00,Germany,479,690.69
12481,23,14,11033.51,2010-04-11 13:10:00,2011-11-17 08:29:00,Germany,584,788.11
12482,576,27,21941.72,2010-02-24 10:24:00,2010-05-12 16:51:00,Sweden,77,812.66
12483,17,19,4069.1800000000003,2010-01-31 13:28:00,2011-11-22 17:02:00,Sweden,660,214.17
12484,35,9,5557.1,2010-01-27 16:41:00,2011-11-04 15:18:00,Spain,645,617.46
12485,529,1,708.1,2010-06-28 15:22:00,2010-06-28 15:22:00,Sweden,0,708.1
12486,432,1,917.28,2010-10-04 12:14:00,2010-10-04 12:14:00,Sweden,0,917.28
12487,731,1,285.29999999999995,2009-12-09 11:36:00,2009-12-09 11:36:00,Sweden,0,285.3
12488,10,3,1244.66,2011-09-25 10:34:00,2011-11-30 08:50:00,France,65,414.89
12489,336,1,298.93,2011-01-07 13:13:00,2011-01-07 13:13:00,France,0,298.93
12490,5,20,8764.64,2009-12-01 12:52:00,2011-12-04 16:07:00,France,733,438.23
12491,39,1,424.40000000000003,2011-11-01 12:18:00,2011-11-01 12:18:00,France,0,424.4
12492,63,3,607.21,2010-11-01 14:58:00,2011-10-07 15:15:00,Germany,340,202.4
12493,166,2,379.74,2011-05-26 14:53:00,2011-06-27 10:17:00,France,31,189.87
12494,16,9,1563.27,2010-05-12 13:52:00,2011-11-24 09:34:00,France,560,173.7
12495,641,1,277.4,2010-03-09 10:53:00,2010-03-09 10:53:00,Sweden,0,277.4
12496,620,2,45.34,2010-03-29 13:57:00,2010-03-29 14:06:00,Spain,0,22.67
12497,82,3,5996.5,2010-03-05 09:39:00,2011-09-19 12:29:00,Germany,563,1998.83
12498,21,3,349.70000000000005,2011-10-13 09:30:00,2011-11-18 12:53:00,Germany,36,116.57
12499,560,1,357.72,2010-05-28 15:12:00,2010-05-28 15:12:00,Germany,0,357.72
12500,23,18,5559.21,2010-02-04 15:05:00,2011-11-16 16:20:00,Germany,650,308.85
12501,337,1,2025.39,2011-01-07 12:28:00,2011-01-07 12:28:00,Germany,0,2025.39
12502,96,5,2995.87,2011-02-03 10:41:00,2011-09-05 11:52:00,Spain,214,599.17
12503,584,1,896.0,2010-05-04 13:59:00,2010-05-04 13:59:00,Spain,0,896.0
12504,18,4,689.05,2010-04-22 10:24:00,2011-11-21 16:02:00,Germany,578,172.26
12505,409,1,787.2,2010-10-27 09:18:00,2010-10-27 09:18:00,Italy,0,787.2
12506,233,1,73.5,2011-04-21 08:54:00,2011-04-21 08:54:00,France,0,73.5
12507,134,4,1508.06,2010-05-04 09:23:00,2011-07-28 17:09:00,Spain,450,377.02
12508,26,2,397.88,2011-11-10 16:27:00,2011-11-13 15:37:00,France,2,198.94
12509,284,1,158.5,2011-02-28 14:45:00,2011-02-28 14:45:00,France,0,158.5
12510,143,7,3039.03,2009-12-04 13:47:00,2011-07-20 10:15:00,Spain,592,434.15
12511,429,1,3084.02,2010-10-07 10:39:00,2010-10-07 10:39:00,Greece,0,3084.02
12512,66,2,132.18,2011-10-04 14:53:00,2011-10-04 14:55:00,Israel,0,66.09
12513,113,1,558.29,2011-08-19 10:51:00,2011-08-19 10:51:00,France,0,558.29
12514,267,2,1597.76,2010-03-08 12:18:00,2011-03-17 16:38:00,Italy,374,798.88
12515,353,1,278.7,2010-12-21 15:43:00,2010-12-21 15:43:00,Italy,0,278.7
12516,78,4,2288.62,2010-04-19 14:14:00,2011-09-23 09:13:00,Germany,521,572.16
12517,28,4,2301.6,2011-06-02 15:13:00,2011-11-11 13:57:00,Germany,161,575.4
12518,1,5,1840.89,2011-08-21 13:18:00,2011-12-09 10:13:00,Germany,109,368.18
12519,64,2,626.54,2010-08-20 08:21:00,2011-10-07 09:26:00,Germany,413,313.27
12520,79,5,2346.2599999999998,2011-03-11 11:35:00,2011-09-21 15:23:00,Germany,194,469.25
12521,143,1,545.68,2011-07-20 10:51:00,2011-07-20 10:51:00,Germany,0,545.68
12522,39,2,156.72,2011-10-19 14:41:00,2011-10-31 15:30:00,Germany,12,78.36
12523,19,23,4010.35,2009-12-07 13:46:00,2011-11-20 12:55:00,France,712,174.36
12524,9,17,9794.11,2010-02-08 14:41:00,2011-11-30 15:31:00,Germany,660,576.12
12525,498,3,883.73,2010-03-02 14:01:00,2010-07-29 16:08:00,France,149,294.58
12526,1,3,1172.66,2011-09-06 14:19:00,2011-12-09 12:09:00,Germany,93,390.89
12527,82,5,717.51,2010-06-28 15:37:00,2011-09-19 11:55:00,Germany,447,143.5
12528,9,6,1645.48,2011-01-31 09:05:00,2011-11-30 14:40:00,Germany,303,274.25
12529,528,1,316.48,2010-06-29 13:10:00,2010-06-29 13:10:00,France,0,316.48
12530,60,9,3381.26,2010-03-07 14:37:00,2011-10-11 12:34:00,Germany,582,375.7
12531,15,2,1771.2,2010-01-22 14:17:00,2011-11-25 11:12:00,Germany,671,885.6
12532,30,1,313.83000000000004,2011-11-09 13:47:00,2011-11-09 13:47:00,France,0,313.83
12533,628,2,1223.89,2009-12-01 11:50:00,2010-03-22 10:56:00,Germany,110,611.95
12534,131,1,981.18,2011-08-01 10:26:00,2011-08-01 10:26:00,Germany,0,981.18
12535,92,2,716.35,2011-06-06 12:47:00,2011-09-09 08:48:00,France,94,358.18
12536,59,1,4279.71,2011-10-11 14:52:00,2011-10-11 14:52:00,France,0,4279.71
12537,409,1,612.94,2010-10-27 08:36:00,2010-10-27 08:36:00,Sweden,0,612.94
12538,29,2,640.45,2010-11-26 13:02:00,2011-11-10 17:16:00,Spain,349,320.23
12539,22,7,11186.75,2009-12-23 13:00:00,2011-11-17 13:30:00,Spain,694,1598.11
12540,20,32,19250.49,2009-12-07 16:56:00,2011-11-20 11:31:00,Spain,712,601.58
12541,30,3,841.18,2011-03-04 09:32:00,2011-11-10 10:40:00,Spain,251,280.39
12542,484,2,481.88,2010-03-09 16:26:00,2010-08-12 19:12:00,Spain,156,240.94
12543,448,1,840.25,2010-09-17 15:51:00,2010-09-17 15:51:00,Spain,0,840.25
12544,36,1,316.7,2011-11-03 16:15:00,2011-11-03 16:15:00,Spain,0,316.7
12545,75,2,832.39,2011-03-25 12:04:00,2011-09-25 13:39:00,Spain,184,416.2
12546,47,2,1021.5,2011-09-23 09:44:00,2011-10-24 12:09:00,Spain,31,510.75
12547,198,3,299.58,2010-07-27 13:55:00,2011-05-26 12:38:00,Spain,302,99.86
12548,166,1,67.19999999999999,2011-06-26 15:35:00,2011-06-26 15:35:00,Spain,0,67.2
12549,576,5,1570.68,2010-01-11 12:29:00,2010-05-13 12:05:00,USA,121,314.14
12550,79,1,824.83,2011-09-21 14:35:00,2011-09-21 14:35:00,Spain,0,824.83
12551,358,1,168.0,2010-12-17 11:23:00,2010-12-17 11:23:00,Spain,0,168.0
12552,40,1,317.82,2011-10-31 12:11:00,2011-10-31 12:11:00,Italy,0,317.82
12553,8,12,4104.75,2010-10-12 13:35:00,2011-12-01 16:38:00,France,415,342.06
12554,449,1,384.5,2010-09-17 12:29:00,2010-09-17 12:29:00,Spain,0,384.5
12556,50,2,599.56,2011-07-11 13:35:00,2011-10-20 13:06:00,Spain,100,299.78
12557,16,8,18096.14,2009-12-17 10:39:00,2011-11-23 16:59:00,Spain,706,2262.02
12558,8,1,269.96,2011-12-02 10:41:00,2011-12-02 10:41:00,USA,0,269.96
12559,311,2,525.71,2011-01-24 10:12:00,2011-02-02 09:49:00,Germany,8,262.86
12560,5,2,1918.01,2011-07-19 15:55:00,2011-12-04 13:54:00,Germany,137,959.0
12561,303,1,238.85,2011-02-10 11:39:00,2011-02-10 11:39:00,Germany,0,238.85
12562,8,9,4426.92,2010-09-30 13:13:00,2011-12-01 17:20:00,France,427,491.88
12563,409,1,221.24,2010-10-27 09:52:00,2010-10-27 09:52:00,Italy,0,221.24
12564,261,1,402.9,2011-03-23 14:55:00,2011-03-23 14:55:00,France,0,402.9
12565,289,1,145.92,2011-02-24 10:34:00,2011-02-24 10:34:00,Saudi Arabia,0,145.92
12566,86,1,297.65,2011-09-14 14:30:00,2011-09-14 14:30:00,Germany,0,297.65
12567,23,15,10741.48,2010-02-11 10:30:00,2011-11-17 11:02:00,France,644,716.1
12568,645,1,52.0,2010-03-05 09:15:00,2010-03-05 09:15:00,Germany,0,52.0
12569,2,32,3152.69,2011-04-01 13:47:00,2011-12-07 16:24:00,Germany,250,98.52
12571,40,2,519.61,2011-08-10 12:35:00,2011-10-31 10:19:00,France,81,259.8
12572,9,2,912.42,2011-10-19 08:20:00,2011-12-01 09:20:00,Germany,43,456.21
12573,227,5,717.41,2010-08-31 17:25:00,2011-04-26 15:52:00,France,237,143.48
12574,316,1,182.45000000000002,2011-01-28 09:20:00,2011-01-28 09:20:00,France,0,182.45
12575,457,2,568.8199999999999,2010-07-01 09:15:00,2010-09-08 13:09:00,France,69,284.41
12576,36,8,2062.72,2010-07-01 13:46:00,2011-11-04 10:11:00,Poland,490,257.84
12577,35,8,1613.15,2009-12-03 19:31:00,2011-11-04 13:24:00,France,700,201.64
12578,21,4,4026.4500000000003,2010-09-22 11:19:00,2011-11-18 13:30:00,Italy,422,1006.61
12579,78,1,386.42,2011-09-22 17:15:00,2011-09-22 17:15:00,France,0,386.42
12580,247,2,962.9,2010-05-12 11:45:00,2011-04-07 10:24:00,Germany,329,481.45
12581,40,1,179.71,2011-10-31 08:56:00,2011-10-31 08:56:00,Germany,0,179.71
12582,239,4,1820.4,2010-05-11 09:55:00,2011-04-15 08:45:00,Finland,338,455.1
12583,3,27,12493.58,2009-12-06 11:57:00,2011-12-07 08:07:00,France,730,462.73
12584,4,9,2254.15,2011-03-04 15:15:00,2011-12-06 09:35:00,Italy,276,250.46
12585,234,2,1824.1,2010-12-23 12:58:00,2011-04-19 13:39:00,Germany,117,912.05
12586,17,4,2062.67,2009-12-16 13:15:00,2011-11-22 16:24:00,Italy,706,515.67
12587,8,1,104.0,2011-12-02 12:47:00,2011-12-02 12:47:00,Finland,0,104.0
12588,39,3,718.78,2010-04-21 12:22:00,2011-10-31 15:01:00,Finland,558,239.59
12589,29,6,3294.91,2010-01-19 12:26:00,2011-11-11 10:19:00,France,660,549.15
12590,211,1,9341.26,2011-05-12 14:46:00,2011-05-12 14:46:00,Germany,0,9341.26
12591,317,3,1114.95,2010-10-27 10:42:00,2011-01-26 14:35:00,Italy,91,371.65
12592,92,4,1723.6399999999999,2010-07-08 14:06:00,2011-09-08 15:04:00,Germany,427,430.91
12593,109,3,382.09999999999997,2011-05-05 09:29:00,2011-08-23 12:43:00,France,110,127.37
12594,38,14,4890.110000000001,2010-03-03 13:51:00,2011-11-02 12:20:00,Italy,608,349.29
12595,505,1,281.02,2010-07-23 09:10:00,2010-07-23 09:10:00,Germany,0,281.02
12596,51,2,450.27,2011-04-11 13:22:00,2011-10-19 13:02:00,Spain,190,225.14
12597,19,4,3195.22,2011-03-16 14:00:00,2011-11-20 13:33:00,Spain,248,798.8
12598,10,10,4192.09,2010-03-01 09:58:00,2011-11-30 12:18:00,France,639,419.21
12599,29,13,2026.72,2010-05-11 10:42:00,2011-11-10 13:34:00,France,548,155.9
12600,29,20,4385.85,2009-12-07 13:37:00,2011-11-11 10:29:00,Germany,703,219.29
12601,190,6,573.26,2010-10-31 10:57:00,2011-06-03 10:17:00,Germany,214,95.54
12602,59,1,153.12,2011-10-12 11:22:00,2011-10-12 11:22:00,France,0,153.12
12603,22,1,613.1999999999999,2011-11-18 10:42:00,2011-11-18 10:42:00,Germany,0,613.2
12604,79,2,236.18,2011-03-23 12:06:00,2011-09-21 14:08:00,France,182,118.09
12605,376,3,1124.95,2010-09-07 14:21:00,2010-11-28 14:18:00,Germany,81,374.98
12607,60,1,1579.51,2011-10-10 16:06:00,2011-10-10 16:06:00,USA,0,1579.51
12608,405,1,415.79,2010-10-31 10:49:00,2010-10-31 10:49:00,United Kingdom,0,415.79
12609,78,9,3021.86,2009-12-20 13:30:00,2011-09-22 16:34:00,Germany,641,335.76
12610,23,4,1747.54,2011-08-05 13:52:00,2011-11-17 09:34:00,Italy,103,436.88
12611,52,1,1193.32,2011-10-18 13:12:00,2011-10-18 13:12:00,Italy,0,1193.32
12612,74,1,668.0400000000001,2011-09-26 15:35:00,2011-09-26 15:35:00,Germany,0,668.04
12613,57,9,6277.37,2009-12-14 13:10:00,2011-10-13 14:59:00,Germany,668,697.49
12614,278,1,315.6,2011-03-07 10:22:00,2011-03-07 10:22:00,Germany,0,315.6
12615,2,8,5362.98,2010-03-18 14:09:00,2011-12-07 15:02:00,France,629,670.37
12616,95,3,1023.1,2010-11-16 11:38:00,2011-09-05 15:17:00,France,293,341.03
12617,29,1,352.98,2011-11-10 14:39:00,2011-11-10 14:39:00,France,0,352.98
12618,22,1,137.31,2011-11-18 11:10:00,2011-11-18 11:10:00,Italy,0,137.31
12619,16,9,3085.7,2010-05-28 12:52:00,2011-11-23 14:52:00,Germany,544,342.86
12620,15,3,1303.41,2011-05-19 12:10:00,2011-11-25 10:20:00,France,189,434.47
12621,2,35,22097.2,2010-02-09 12:01:00,2011-12-08 11:25:00,Germany,666,631.35
12622,232,1,162.1,2011-04-21 16:39:00,2011-04-21 16:39:00,Germany,0,162.1
12623,276,7,3315.84,2010-01-12 11:45:00,2011-03-08 13:50:00,Germany,420,473.69
12624,106,2,569.13,2011-06-15 12:34:00,2011-08-25 15:04:00,France,71,284.56
12625,212,4,4678.88,2010-04-22 11:33:00,2011-05-12 09:54:00,Germany,384,1169.72
12626,23,9,5954.48,2011-01-17 11:01:00,2011-11-16 16:06:00,Germany,303,661.61
12627,11,6,4082.53,2011-07-22 13:59:00,2011-11-29 12:07:00,Germany,129,680.42
12628,4,3,732.46,2011-10-06 09:28:00,2011-12-05 13:15:00,Germany,60,244.15
12629,386,2,1198.22,2010-10-12 16:40:00,2010-11-19 09:18:00,Sweden,37,599.11
12630,10,2,1030.88,2011-10-27 10:41:00,2011-11-30 10:48:00,Finland,34,515.44
12631,57,6,3321.57,2010-01-15 14:50:00,2011-10-13 13:53:00,Finland,635,553.6
12632,521,2,714.88,2010-05-24 09:07:00,2010-07-07 09:39:00,Germany,44,357.44
12633,59,7,5156.16,2010-07-02 11:44:00,2011-10-12 11:40:00,Germany,466,736.59
12634,548,1,360.0,2010-06-09 15:41:00,2010-06-09 15:41:00,USA,0,360.0
12635,90,4,2624.41,2010-09-09 10:50:00,2011-09-11 11:04:00,Germany,367,656.1
12637,67,12,8085.8099999999995,2010-06-14 13:36:00,2011-10-03 13:46:00,France,476,673.82
12638,33,2,681.49,2010-03-10 10:30:00,2011-11-06 13:11:00,Sweden,606,340.74
12639,239,3,1072.37,2010-03-22 09:05:00,2011-04-15 12:48:00,Sweden,389,357.46
12640,24,3,994.58,2011-09-19 12:01:00,2011-11-16 11:52:00,France,57,331.53
12641,115,1,145.9,2011-08-16 13:26:00,2011-08-16 13:26:00,Sweden,0,145.9
12642,25,3,905.26,2011-08-24 09:23:00,2011-11-14 15:03:00,Germany,82,301.75
12643,128,11,7803.82,2010-04-07 14:16:00,2011-08-03 12:56:00,France,482,709.44
12644,130,4,1900.49,2010-01-14 13:02:00,2011-08-02 10:33:00,Germany,564,475.12
12645,34,8,3215.3,2010-02-09 10:49:00,2011-11-06 12:38:00,Germany,635,401.91
12646,5,2,1346.97,2011-10-21 12:52:00,2011-12-05 10:14:00,USA,44,673.48
12647,22,35,14109.55,2010-01-13 15:06:00,2011-11-17 12:56:00,Germany,672,403.13
12648,155,4,1039.0,2010-01-07 18:38:00,2011-07-08 11:55:00,Germany,546,259.75
12649,107,8,2096.65,2010-01-12 17:24:00,2011-08-24 14:41:00,Germany,588,262.08
12650,3,1,242.44000000000003,2011-12-06 16:34:00,2011-12-06 16:34:00,France,0,242.44
12651,335,4,377.75,2010-08-31 15:21:00,2011-01-09 12:46:00,France,130,94.44
12652,331,2,891.03,2010-10-01 15:16:00,2011-01-12 15:00:00,France,102,445.52
12653,149,3,4160.83,2010-07-01 09:56:00,2011-07-14 10:41:00,Israel,378,1386.94
12654,11,5,529.98,2011-02-17 13:16:00,2011-11-29 10:10:00,Germany,284,106.0
12655,424,1,243.35000000000002,2010-10-12 09:17:00,2010-10-12 09:17:00,France,0,243.35
12656,17,8,5723.83,2010-05-26 09:00:00,2011-11-22 13:42:00,France,545,715.48
12657,11,4,1427.18,2011-09-22 11:40:00,2011-11-28 15:47:00,France,67,356.8
12658,19,1,632.05,2011-11-21 10:22:00,2011-11-21 10:22:00,Germany,0,632.05
12659,30,1,73.68,2011-11-10 11:53:00,2011-11-10 11:53:00,France,0,73.68
12660,11,1,227.1,2011-11-28 13:26:00,2011-11-28 13:26:00,France,0,227.1
12661,436,1,162.0,2010-09-29 16:46:00,2010-09-29 16:46:00,Sweden,0,162.0
12662,1,20,6130.54,2010-04-01 09:50:00,2011-12-09 11:59:00,Germany,617,306.53
12663,625,2,185.4,2010-02-09 14:28:00,2010-03-25 09:40:00,Germany,43,92.7
12664,8,11,5420.04,2009-12-13 10:28:00,2011-12-01 17:07:00,Finland,718,492.73
12665,325,3,259.6,2010-02-08 15:11:00,2011-01-19 08:34:00,Germany,344,86.53
12666,394,1,1248.42,2010-11-10 16:40:00,2010-11-10 16:40:00,Israel,0,1248.42
12667,58,1,460.13,2011-10-12 17:00:00,2011-10-12 17:00:00,Finland,0,460.13
12668,12,9,9906.03,2010-01-31 15:45:00,2011-11-28 10:56:00,Germany,665,1100.67
12669,151,2,1427.73,2011-03-28 10:15:00,2011-07-12 09:54:00,France,105,713.86
12670,10,7,3436.29,2010-02-11 10:13:00,2011-11-29 15:23:00,France,656,490.9
12671,606,1,2622.48,2010-04-12 16:30:00,2010-04-12 16:30:00,Germany,0,2622.48
12672,330,2,407.05,2010-04-23 09:57:00,2011-01-14 09:20:00,France,265,203.52
12673,5,3,1140.02,2010-11-03 10:46:00,2011-12-04 13:55:00,Germany,396,380.01
12674,39,4,1844.6,2011-05-16 09:10:00,2011-11-01 12:12:00,France,169,461.15
12675,554,2,873.25,2010-05-10 16:44:00,2010-06-04 09:49:00,Italy,24,436.62
12676,25,10,2333.09,2010-08-13 13:29:00,2011-11-15 12:25:00,Sweden,458,233.31
12677,555,2,359.1,2010-02-11 13:55:00,2010-06-02 14:30:00,France,111,179.55
12678,42,15,32595.18,2010-01-07 16:46:00,2011-10-28 13:04:00,France,658,2173.01
12679,59,4,951.02,2011-03-01 12:26:00,2011-10-12 12:30:00,France,225,237.76
12680,1,4,790.81,2011-08-18 15:44:00,2011-12-09 12:50:00,France,112,197.7
12681,15,44,26936.76,2009-12-13 13:31:00,2011-11-25 11:33:00,France,711,612.2
12682,4,51,20736.22,2009-12-01 09:28:00,2011-12-06 10:00:00,France,735,406.59
12683,4,20,10445.7,2009-12-13 15:01:00,2011-12-05 16:28:00,France,722,522.29
12684,8,6,2073.63,2011-05-10 12:55:00,2011-12-02 09:53:00,France,205,345.6
12685,28,6,2575.08,2011-09-07 10:28:00,2011-11-11 13:46:00,France,65,429.18
12686,372,1,71.14,2010-12-03 09:51:00,2010-12-03 09:51:00,France,0,71.14
12687,481,1,1858.91,2010-08-16 12:12:00,2010-08-16 12:12:00,Sweden,0,1858.91
12688,114,1,4873.8099999999995,2011-08-18 08:49:00,2011-08-18 08:49:00,Israel,0,4873.81
12689,26,2,1139.61,2011-08-04 10:04:00,2011-11-14 08:31:00,France,101,569.8
12690,206,1,335.01,2011-05-18 09:09:00,2011-05-18 09:09:00,France,0,335.01
12691,28,6,1044.4,2010-10-15 12:00:00,2011-11-11 16:49:00,France,392,174.07
12692,637,1,110.95,2010-03-12 14:02:00,2010-03-12 14:02:00,France,0,110.95
12693,127,7,1415.02,2010-07-05 13:56:00,2011-08-04 17:51:00,Germany,395,202.15
12694,70,3,1663.35,2010-10-14 19:39:00,2011-09-30 13:06:00,France,350,554.45
12695,7,7,1371.1200000000001,2010-02-12 13:22:00,2011-12-02 13:22:00,France,658,195.87
12696,435,2,731.91,2010-07-19 10:02:00,2010-10-01 10:43:00,Finland,74,365.96
12697,29,3,757.59,2011-06-23 15:44:00,2011-11-11 08:47:00,Sweden,140,252.53
12698,590,1,285.75,2010-04-28 15:51:00,2010-04-28 15:51:00,Germany,0,285.75
12699,418,1,566.11,2010-10-18 12:07:00,2010-10-18 12:07:00,Germany,0,566.11
12700,8,4,4525.99,2011-05-08 16:10:00,2011-12-02 10:47:00,France,207,1131.5
12701,80,6,2248.41,2010-03-16 13:23:00,2011-09-21 10:47:00,Germany,553,374.73
12702,20,1,201.0,2011-11-20 10:36:00,2011-11-20 10:36:00,Germany,0,201.0
12703,71,4,898.53,2010-01-24 12:05:00,2011-09-29 17:52:00,Germany,613,224.63
12704,7,8,1740.84,2011-06-23 10:20:00,2011-12-02 13:15:00,Finland,162,217.6
12705,15,13,11114.1,2010-06-24 09:51:00,2011-11-24 13:17:00,Germany,518,854.93
12707,292,1,603.42,2011-02-21 08:38:00,2011-02-21 08:38:00,France,0,603.42
12708,30,18,4559.66,2009-12-18 10:25:00,2011-11-10 09:52:00,Germany,691,253.31
12709,15,32,29487.18,2009-12-09 13:49:00,2011-11-24 15:38:00,Germany,715,921.47
12710,97,3,1023.02,2011-05-22 14:05:00,2011-09-04 12:00:00,Germany,104,341.01
12711,612,2,1213.05,2010-02-01 11:30:00,2010-04-07 11:59:00,Germany,65,606.52
12712,29,21,5985.03,2009-12-09 10:46:00,2011-11-11 08:19:00,Germany,701,285.0
12713,1,1,794.55,2011-12-09 12:16:00,2011-12-09 12:16:00,Germany,0,794.55
12714,9,12,12815.710000000001,2009-12-04 10:00:00,2011-11-30 15:43:00,France,726,1067.98
12715,106,1,263.36,2011-08-25 15:22:00,2011-08-25 15:22:00,Sweden,0,263.36
12716,4,2,963.49,2011-07-29 13:28:00,2011-12-06 08:55:00,France,129,481.74
12717,151,3,1058.91,2010-04-28 14:34:00,2011-07-11 14:47:00,Greece,439,352.97
12718,71,1,202.25,2011-09-29 16:38:00,2011-09-29 16:38:00,France,0,202.25
12719,5,2,572.95,2011-10-05 14:50:00,2011-12-04 13:45:00,France,59,286.48
12720,3,29,6905.28,2010-07-21 09:46:00,2011-12-07 08:03:00,Germany,503,238.11
12721,32,8,3635.08,2010-08-25 11:07:00,2011-11-08 12:13:00,France,440,454.38
12722,85,4,979.63,2011-07-12 11:55:00,2011-09-15 14:50:00,France,65,244.91
12723,4,5,707.07,2011-10-05 15:52:00,2011-12-06 10:19:00,France,61,141.41
12724,5,7,2083.52,2010-06-22 14:00:00,2011-12-04 16:02:00,France,530,297.65
12725,371,3,1906.76,2010-05-04 13:59:00,2010-12-03 15:45:00,Italy,213,635.59
12726,28,11,3690.6,2010-03-25 16:25:00,2011-11-11 13:35:00,France,595,335.51
12727,11,10,4905.53,2010-02-23 09:54:00,2011-11-29 11:46:00,France,644,490.55
12728,71,5,926.17,2010-11-21 11:34:00,2011-09-29 15:31:00,France,312,185.23
12729,114,1,417.01,2011-08-18 11:40:00,2011-08-18 11:40:00,France,0,417.01
12730,522,1,703.25,2010-07-06 12:19:00,2010-07-06 12:19:00,Germany,0,703.25
12731,24,17,25631.71,2010-03-02 09:23:00,2011-11-16 11:59:00,France,624,1507.75
12732,180,1,218.26000000000002,2011-06-13 11:33:00,2011-06-13 11:33:00,France,0,218.26
12733,234,4,2424.02,2010-01-19 13:23:00,2011-04-19 16:19:00,USA,455,606.0
12734,353,3,603.65,2010-11-12 13:26:00,2010-12-22 12:47:00,France,39,201.22
12735,315,2,689.5699999999999,2011-01-06 14:26:00,2011-01-28 13:37:00,France,21,344.78
12736,333,1,144.0,2011-01-11 07:57:00,2011-01-11 07:57:00,France,0,144.0
12738,372,1,137.35,2010-12-02 18:27:00,2010-12-02 18:27:00,Germany,0,137.35
12739,99,2,2421.23,2010-11-10 14:27:00,2011-09-01 17:45:00,United Arab Emirates,295,1210.62
12740,64,1,427.6,2011-10-07 10:44:00,2011-10-07 10:44:00,France,0,427.6
12741,533,1,236.07,2010-06-24 16:24:00,2010-06-24 16:24:00,USA,0,236.07
12742,626,1,1201.52,2010-03-24 12:43:00,2010-03-24 12:43:00,United Arab Emirates,0,1201.52
12743,134,2,540.13,2011-07-28 16:06:00,2011-07-28 16:21:00,Unspecified,0,270.06
12744,56,8,13158.16,2010-04-27 16:19:00,2011-10-14 14:54:00,Singapore,534,1644.77
12745,487,2,723.85,2010-05-14 16:50:00,2010-08-10 10:14:00,United Kingdom,87,361.92
12746,541,1,254.55,2010-06-17 10:41:00,2010-06-17 10:41:00,United Kingdom,0,254.55
12747,2,26,8898.48,2009-12-07 13:23:00,2011-12-07 14:34:00,United Kingdom,730,342.25
12748,1,322,49176.74,2009-12-04 17:31:00,2011-12-09 12:20:00,United Kingdom,734,152.72
12749,4,9,6847.36,2010-07-06 15:05:00,2011-12-06 09:56:00,United Kingdom,517,760.82
12750,129,1,275.88,2011-08-03 09:13:00,2011-08-03 09:13:00,Poland,0,275.88
12751,445,1,268.27,2010-09-21 12:49:00,2010-09-21 12:49:00,Brazil,0,268.27
12752,81,1,4366.78,2011-09-19 13:32:00,2011-09-19 13:32:00,Norway,0,4366.78
12753,23,6,21429.39,2010-12-12 11:44:00,2011-11-17 10:52:00,Japan,339,3571.56
12754,236,3,3010.74,2011-02-04 10:31:00,2011-04-18 09:00:00,Japan,72,1003.58
12755,281,11,5236.259999999999,2010-01-15 11:57:00,2011-03-04 12:42:00,Japan,413,476.02
12756,87,1,112.07999999999998,2011-09-14 09:31:00,2011-09-14 09:31:00,Japan,0,112.08
12757,16,9,4176.75,2011-05-12 19:01:00,2011-11-24 12:30:00,Portugal,195,464.08
12758,117,7,9903.24,2009-12-01 14:40:00,2011-08-15 10:22:00,Portugal,621,1414.75
12759,52,8,4618.74,2009-12-04 10:47:00,2011-10-18 14:49:00,Netherlands,683,577.34
12760,456,1,317.8,2010-09-10 08:50:00,2010-09-10 08:50:00,Netherlands,0,317.8
12761,465,1,712.95,2010-09-01 10:47:00,2010-09-01 10:47:00,Netherlands,0,712.95
12762,8,2,1702.52,2011-11-14 14:23:00,2011-12-02 10:23:00,Portugal,17,851.26
12763,138,2,494.08,2010-12-05 15:46:00,2011-07-24 14:12:00,Japan,230,247.04
12764,317,1,1693.88,2011-01-27 10:19:00,2011-01-27 10:19:00,Lebanon,0,1693.88
12765,472,6,1299.58,2010-03-08 09:43:00,2010-08-24 13:51:00,Netherlands,169,216.6
12766,4,9,8134.99,2010-10-28 09:29:00,2011-12-06 08:46:00,Portugal,403,903.89
12767,376,1,949.82,2010-11-29 09:38:00,2010-11-29 09:38:00,Korea,0,949.82
12768,451,1,168.69000000000003,2010-09-15 12:08:00,2010-09-15 12:08:00,Korea,0,168.69
12769,239,1,1143.6,2011-04-15 10:25:00,2011-04-15 10:25:00,Brazil,0,1143.6
12770,211,2,3246.45,2010-09-09 11:43:00,2011-05-13 09:33:00,Japan,245,1623.22
12771,486,1,226.3,2010-08-11 11:51:00,2010-08-11 11:51:00,Portugal,0,226.3
12772,60,1,752.47,2011-10-11 09:19:00,2011-10-11 09:19:00,Portugal,0,752.47
12773,564,1,124.25,2010-05-24 17:30:00,2010-05-24 17:30:00,Portugal,0,124.25
12774,536,1,83.7,2010-06-22 10:38:00,2010-06-22 10:38:00,Netherlands,0,83.7
12775,17,7,1551.12,2010-10-26 14:24:00,2011-11-22 16:33:00,Netherlands,392,221.59
12776,668,1,27.5,2010-02-10 12:11:00,2010-02-10 12:11:00,Portugal,0,27.5
12777,458,1,519.45,2010-09-08 11:35:00,2010-09-08 11:35:00,United Kingdom,0,519.45
12778,20,9,1541.68,2010-04-16 09:57:00,2011-11-20 11:30:00,Netherlands,583,171.3
12779,38,14,6474.11,2009-12-03 07:25:00,2011-11-02 11:43:00,Poland,699,462.44
12780,599,1,322.4,2010-04-20 09:40:00,2010-04-20 09:40:00,Netherlands,0,322.4
12781,64,2,786.74,2011-02-28 08:43:00,2011-10-07 10:37:00,Czech Republic,221,393.37
12782,5,11,3862.2400000000002,2010-07-08 13:31:00,2011-12-05 09:16:00,Portugal,514,351.11
12783,2,4,1295.87,2011-09-25 15:35:00,2011-12-07 15:56:00,Portugal,73,323.97
12784,15,2,1511.15,2010-06-28 13:06:00,2011-11-24 12:53:00,Portugal,513,755.58
12785,364,3,904.4,2009-12-08 13:56:00,2010-12-10 13:48:00,Portugal,366,301.47
12786,610,1,668.5,2010-04-09 12:12:00,2010-04-09 12:12:00,Netherlands,0,668.5
12787,10,4,799.18,2010-10-22 14:57:00,2011-11-30 08:44:00,Netherlands,403,199.8
12788,463,4,384.9,2010-06-29 13:05:00,2010-09-02 14:21:00,Netherlands,65,96.22
12789,65,3,225.35,2010-01-15 12:06:00,2011-10-05 13:34:00,Netherlands,628,75.12
12790,192,2,546.85,2010-10-25 13:04:00,2011-05-31 14:14:00,Netherlands,218,273.42
12791,374,5,656.83,2010-03-25 17:29:00,2010-12-01 11:27:00,Netherlands,250,131.37
12792,257,2,715.01,2010-06-23 10:49:00,2011-03-28 11:36:00,Portugal,278,357.5
12793,335,3,745.53,2010-11-03 13:05:00,2011-01-09 12:12:00,Portugal,66,248.51
12794,53,2,860.41,2011-09-02 12:01:00,2011-10-17 14:54:00,Portugal,45,430.2
12795,19,1,318.48,2011-11-21 10:27:00,2011-11-21 10:27:00,Portugal,0,318.48
12796,628,1,351.0,2010-03-21 15:49:00,2010-03-21 15:49:00,Netherlands,0,351.0
12797,366,2,468.08000000000004,2010-10-11 12:53:00,2010-12-09 10:55:00,Portugal,58,234.04
12798,10,4,8510.93,2010-10-14 12:27:00,2011-11-29 15:52:00,Japan,411,2127.73
12799,529,1,219.35,2010-06-28 15:57:00,2010-06-28 15:57:00,Japan,0,219.35
12800,470,2,500.25,2010-02-01 11:02:00,2010-08-26 14:11:00,Portugal,206,250.12
12801,501,1,871.82,2010-07-27 09:38:00,2010-07-27 09:38:00,Sweden,0,871.82
12802,187,5,2186.42,2010-05-25 09:34:00,2011-06-06 09:36:00,Netherlands,377,437.28
12803,393,1,1017.81,2010-11-11 14:57:00,2010-11-11 14:57:00,Netherlands,0,1017.81
12804,466,2,325.37,2010-07-27 13:52:00,2010-08-31 11:58:00,Netherlands,34,162.68
12805,382,4,1230.95,2010-02-03 09:06:00,2010-11-23 12:27:00,Netherlands,293,307.74
12806,572,2,2558.96,2010-04-30 10:44:00,2010-05-16 13:49:00,Netherlands,16,1279.48
12807,383,1,250.35,2010-11-21 14:21:00,2010-11-21 14:21:00,Sweden,0,250.35
12808,37,5,748.7,2010-09-03 10:24:00,2011-11-03 10:05:00,Portugal,425,149.74
12809,178,3,1384.3400000000001,2010-03-02 14:19:00,2011-06-15 10:51:00,Portugal,469,461.45
12810,535,2,534.99,2010-02-01 09:52:00,2010-06-23 10:53:00,Japan,142,267.5
12811,262,4,893.9,2010-10-08 12:20:00,2011-03-23 10:55:00,Portugal,165,223.48
12812,45,1,229.64000000000001,2011-10-26 09:54:00,2011-10-26 09:54:00,Japan,0,229.64
12813,502,3,1621.8,2010-01-15 16:52:00,2010-07-26 09:50:00,Netherlands,191,540.6
12814,102,1,85.92,2011-08-30 12:11:00,2011-08-30 12:11:00,Poland,0,85.92
12815,148,2,863.46,2011-05-25 13:34:00,2011-07-15 10:21:00,Poland,50,431.73
12816,96,2,452.20000000000005,2011-06-16 13:24:00,2011-09-05 12:41:00,Poland,80,226.1
12817,281,3,570.98,2010-10-01 08:57:00,2011-03-03 16:28:00,Austria,153,190.33
12818,262,1,1182.0800000000002,2011-03-23 12:06:00,2011-03-23 12:06:00,Austria,0,1182.08
12819,458,1,540.52,2010-09-07 15:20:00,2010-09-07 15:20:00,United Kingdom,0,540.52
12820,3,11,2689.52,2009-12-05 13:37:00,2011-12-06 15:12:00,United Kingdom,731,244.5
12821,214,2,220.8,2010-04-07 15:14:00,2011-05-09 15:51:00,United Kingdom,397,110.4
12822,71,2,948.88,2011-09-13 13:46:00,2011-09-30 10:04:00,United Kingdom,16,474.44
12823,75,18,6501.5,2010-01-29 12:52:00,2011-09-26 07:35:00,United Kingdom,604,361.19
12824,60,1,397.12,2011-10-11 12:49:00,2011-10-11 12:49:00,United Kingdom,0,397.12
12825,521,2,518.63,2010-03-08 10:17:00,2010-07-06 13:56:00,United Kingdom,120,259.32
12826,3,12,2800.75,2009-12-18 10:43:00,2011-12-07 10:25:00,United Kingdom,718,233.4
12827,6,3,430.15000000000003,2011-10-26 15:44:00,2011-12-04 12:17:00,United Kingdom,38,143.38
12828,3,6,1018.71,2011-08-01 16:16:00,2011-12-07 08:45:00,United Kingdom,127,169.78
12829,337,3,385.3,2010-06-07 15:04:00,2011-01-07 11:13:00,United Kingdom,213,128.43
12830,38,6,6814.64,2011-06-21 10:53:00,2011-11-02 11:54:00,United Kingdom,134,1135.77
12831,262,3,451.11,2010-09-02 15:58:00,2011-03-22 13:02:00,United Kingdom,200,150.37
12832,32,2,383.03,2011-09-02 13:48:00,2011-11-07 13:30:00,United Kingdom,65,191.52
12833,145,1,417.38,2011-07-17 13:46:00,2011-07-17 13:46:00,United Kingdom,0,417.38
12834,283,1,312.38,2011-03-02 09:49:00,2011-03-02 09:49:00,United Kingdom,0,312.38
12835,428,41,5996.83,2009-12-03 12:13:00,2010-10-08 10:59:00,United Kingdom,308,146.26
12836,59,15,6559.7300000000005,2009-12-01 14:19:00,2011-10-11 15:10:00,United Kingdom,679,437.32
12837,173,2,662.66,2010-05-19 15:10:00,2011-06-19 16:07:00,United Kingdom,396,331.33
12838,34,10,2975.91,2010-04-26 09:59:00,2011-11-06 12:20:00,United Kingdom,559,297.59
12839,3,26,9669.12,2009-12-07 09:18:00,2011-12-07 12:33:00,United Kingdom,730,371.89
12840,144,7,4041.97,2010-02-03 14:51:00,2011-07-19 09:29:00,United Kingdom,530,577.42
12841,5,40,6958.2,2010-07-08 15:38:00,2011-12-05 11:13:00,United Kingdom,514,173.96
12842,70,4,1917.99,2009-12-02 08:15:00,2011-09-30 15:33:00,United Kingdom,667,479.5
12843,66,28,6461.87,2009-12-13 11:41:00,2011-10-05 12:09:00,United Kingdom,661,230.78
12844,29,4,648.6,2010-04-25 11:51:00,2011-11-10 13:31:00,United Kingdom,564,162.15
12845,267,4,354.09,2011-02-22 14:10:00,2011-03-17 13:34:00,United Kingdom,22,88.52
12847,22,2,1609.0,2010-11-17 12:44:00,2011-11-17 13:16:00,United Kingdom,365,804.5
12848,676,1,208.0,2010-02-02 12:45:00,2010-02-02 12:45:00,United Kingdom,0,208.0
12849,31,6,3015.98,2010-04-27 13:44:00,2011-11-08 13:41:00,United Kingdom,559,502.66
12850,446,1,330.0,2010-09-20 12:26:00,2010-09-20 12:26:00,United Kingdom,0,330.0
12851,97,2,280.76,2010-08-19 15:13:00,2011-09-04 12:41:00,United Kingdom,380,140.38
12852,295,1,311.55,2011-02-18 08:47:00,2011-02-18 08:47:00,United Kingdom,0,311.55
12853,135,11,3907.5,2010-02-05 11:57:00,2011-07-28 11:29:00,United Kingdom,537,355.23
12854,79,7,2970.9700000000003,2009-12-11 12:55:00,2011-09-22 12:15:00,United Kingdom,649,424.42
12855,373,4,612.84,2010-11-02 18:16:00,2010-12-02 09:37:00,United Kingdom,29,153.21
12856,8,6,2170.78,2011-10-07 12:38:00,2011-12-02 10:52:00,United Kingdom,55,361.8
12857,211,6,3688.0,2010-01-25 15:37:00,2011-05-13 10:20:00,United Kingdom,472,614.67
12858,383,1,147.27,2010-11-21 12:55:00,2010-11-21 12:55:00,United Kingdom,0,147.27
12859,459,1,575.1,2010-09-07 12:20:00,2010-09-07 12:20:00,United Kingdom,0,575.1
12860,693,1,54.22,2010-01-15 15:22:00,2010-01-15 15:22:00,United Kingdom,0,54.22
12861,620,1,68.25,2010-03-30 11:39:00,2010-03-30 11:39:00,United Kingdom,0,68.25
12862,426,2,984.62,2010-08-01 15:20:00,2010-10-10 11:47:00,United Kingdom,69,492.31
12863,52,6,2792.5499999999997,2010-04-29 13:54:00,2011-10-18 14:15:00,United Kingdom,537,465.42
12864,138,2,299.57,2010-07-19 17:22:00,2011-07-24 13:03:00,United Kingdom,369,149.78
12865,26,4,3323.47,2010-08-20 12:20:00,2011-11-13 14:31:00,Austria,450,830.87
12866,283,3,1092.35,2010-07-25 11:37:00,2011-03-01 14:11:00,Belgium,219,364.12
12867,26,13,7829.26,2009-12-16 16:25:00,2011-11-13 15:30:00,United Kingdom,696,602.25
12868,186,8,2043.76,2010-11-12 10:05:00,2011-06-07 10:42:00,United Kingdom,207,255.47
12869,682,1,337.66999999999996,2010-01-27 12:10:00,2010-01-27 12:10:00,United Kingdom,0,337.67
12870,375,3,1676.95,2010-03-25 14:32:00,2010-11-29 13:42:00,United Kingdom,248,558.98
12871,84,3,744.02,2010-09-26 10:34:00,2011-09-16 15:07:00,United Kingdom,355,248.01
12872,327,12,3283.96,2009-12-03 20:03:00,2011-01-17 10:52:00,United Kingdom,409,273.66
12873,282,3,2027.3,2010-01-27 09:50:00,2011-03-02 14:58:00,United Kingdom,399,675.77
12874,385,2,873.42,2010-06-03 12:51:00,2010-11-19 15:23:00,Belgium,169,436.71
12875,143,5,1356.99,2010-01-11 12:37:00,2011-07-19 15:30:00,United Kingdom,554,271.4
12876,58,4,3751.79,2010-04-28 13:26:00,2011-10-13 12:26:00,Belgium,532,937.95
12877,4,20,2942.14,2010-01-18 10:23:00,2011-12-06 10:30:00,United Kingdom,687,147.11
12878,236,2,854.99,2011-03-18 14:02:00,2011-04-17 13:07:00,United Kingdom,29,427.5
12879,45,3,573.22,2011-09-09 12:11:00,2011-10-26 12:24:00,United Kingdom,47,191.07
12880,382,2,640.13,2010-05-14 11:57:00,2010-11-23 10:50:00,United Kingdom,192,320.06
12881,276,1,298.0,2011-03-09 11:44:00,2011-03-09 11:44:00,United Kingdom,0,298.0
12882,9,2,1463.04,2011-11-06 11:22:00,2011-11-30 16:18:00,United Kingdom,24,731.52
12883,25,4,703.47,2011-09-11 15:18:00,2011-11-15 09:32:00,United Kingdom,64,175.87
12884,88,1,309.05,2011-09-12 13:10:00,2011-09-12 13:10:00,United Kingdom,0,309.05
12885,63,3,1175.22,2011-08-08 11:45:00,2011-10-07 13:40:00,United Kingdom,60,391.74
12886,68,2,1378.4,2011-05-04 11:21:00,2011-10-03 10:09:00,United Kingdom,151,689.2
12887,384,1,222.4,2010-11-21 11:18:00,2010-11-21 11:18:00,United Kingdom,0,222.4
12888,214,2,354.12,2011-03-29 14:31:00,2011-05-09 16:02:00,United Kingdom,41,177.06
12889,381,4,385.46000000000004,2010-07-25 14:32:00,2010-11-23 16:08:00,United Kingdom,121,96.36
12890,24,2,706.02,2010-11-17 14:05:00,2011-11-15 17:26:00,United Kingdom,363,353.01
12891,186,11,840.5,2010-02-18 14:32:00,2011-06-07 12:31:00,United Kingdom,473,76.41
12892,397,1,263.38,2010-11-08 09:51:00,2010-11-08 09:51:00,United Kingdom,0,263.38
12893,31,1,176.55,2011-11-09 12:34:00,2011-11-09 12:34:00,United Kingdom,0,176.55
12894,575,1,157.35,2010-05-13 14:47:00,2010-05-13 14:47:00,United Kingdom,0,157.35
12895,42,2,372.8,2011-09-14 08:35:00,2011-10-28 13:51:00,United Kingdom,44,186.4
12897,205,4,514.25,2010-06-14 11:58:00,2011-05-19 12:13:00,United Kingdom,339,128.56
12898,464,2,296.21000000000004,2010-02-18 12:36:00,2010-09-02 08:08:00,United Kingdom,195,148.11
12899,414,1,366.4,2010-10-22 09:53:00,2010-10-22 09:53:00,United Kingdom,0,366.4
12900,422,1,340.33,2010-10-13 15:17:00,2010-10-13 15:17:00,United Kingdom,0,340.33
12901,9,28,17654.54,2011-03-14 10:41:00,2011-12-01 10:07:00,United Kingdom,261,630.52
12902,265,1,138.68,2011-03-20 12:06:00,2011-03-20 12:06:00,United Kingdom,0,138.68
12903,429,1,833.53,2010-10-07 12:39:00,2010-10-07 12:39:00,United Kingdom,0,833.53
12904,18,2,496.06,2011-06-20 13:18:00,2011-11-21 14:34:00,United Kingdom,154,248.03
12905,577,2,1018.42,2010-01-26 14:06:00,2010-05-12 10:05:00,United Kingdom,105,509.21
12906,12,5,2919.81,2011-09-22 15:03:00,2011-11-28 09:55:00,United Kingdom,66,583.96
12907,396,2,508.91,2010-08-02 14:33:00,2010-11-09 12:08:00,United Kingdom,98,254.46
12908,176,5,1776.0,2010-03-19 15:59:00,2011-06-16 15:39:00,United Kingdom,453,355.2
12909,40,8,3103.19,2010-02-24 12:14:00,2011-10-31 12:43:00,United Kingdom,614,387.9
12910,23,13,5796.52,2010-03-28 13:10:00,2011-11-16 14:28:00,United Kingdom,598,445.89
12911,552,1,1651.72,2010-06-06 12:13:00,2010-06-06 12:13:00,United Kingdom,0,1651.72
12912,3,5,1662.3,2011-10-30 11:35:00,2011-12-07 08:55:00,United Kingdom,37,332.46
12913,5,13,6283.24,2009-12-01 12:18:00,2011-12-05 12:11:00,United Kingdom,733,483.33
12914,401,1,223.98,2010-11-04 12:28:00,2010-11-04 12:28:00,United Kingdom,0,223.98
12915,149,4,975.1,2010-04-29 19:36:00,2011-07-14 11:34:00,United Kingdom,440,243.78
12916,139,7,4479.73,2010-01-24 11:26:00,2011-07-24 10:35:00,United Kingdom,545,639.96
12917,128,6,4359.2,2009-12-09 14:22:00,2011-08-03 16:42:00,United Kingdom,602,726.53
12919,8,6,1335.19,2011-06-23 09:22:00,2011-12-01 13:47:00,United Kingdom,161,222.53
12920,17,4,486.64,2009-12-14 15:58:00,2011-11-22 15:05:00,United Kingdom,707,121.66
12921,9,74,35233.24,2009-12-01 13:43:00,2011-11-30 16:22:00,United Kingdom,729,476.12
12922,161,1,405.38,2011-07-01 15:35:00,2011-07-01 15:35:00,United Kingdom,0,405.38
12923,64,3,769.17,2010-05-13 14:55:00,2011-10-06 16:20:00,United Kingdom,511,256.39
12924,88,12,2461.45,2009-12-09 12:40:00,2011-09-12 13:55:00,United Kingdom,642,205.12
12925,5,3,729.3299999999999,2010-04-26 10:32:00,2011-12-05 11:11:00,United Kingdom,588,243.11
12926,411,4,1523.59,2009-12-14 14:35:00,2010-10-24 15:57:00,United Kingdom,314,380.9
12927,395,1,197.31,2010-11-10 10:02:00,2010-11-10 10:02:00,United Kingdom,0,197.31
12928,35,12,4304.89,2010-06-08 10:16:00,2011-11-04 14:24:00,United Kingdom,514,358.74
12929,312,1,117.85,2011-02-01 12:08:00,2011-02-01 12:08:00,United Kingdom,0,117.85
12930,78,2,415.8,2011-06-21 13:25:00,2011-09-22 15:18:00,United Kingdom,93,207.9
12931,22,57,92347.34,2009-12-01 11:46:00,2011-11-18 12:39:00,United Kingdom,717,1620.13
12932,539,8,1698.56,2010-02-10 08:46:00,2010-06-18 14:22:00,United Kingdom,128,212.32
12933,24,8,1636.6299999999999,2009-12-10 16:39:00,2011-11-15 16:38:00,United Kingdom,704,204.58
12934,737,1,181.65,2009-12-03 10:51:00,2009-12-03 10:51:00,United Kingdom,0,181.65
12935,2,15,4243.86,2010-04-11 15:59:00,2011-12-07 17:25:00,United Kingdom,605,282.92
12936,17,4,1063.9,2011-09-22 13:51:00,2011-11-22 17:32:00,United Kingdom,61,265.98
12937,15,9,3097.61,2009-12-03 15:43:00,2011-11-24 15:05:00,United Kingdom,720,344.18
12938,26,1,114.14,2011-11-14 11:21:00,2011-11-14 11:21:00,United Kingdom,0,114.14
12939,64,20,25264.8,2010-01-12 11:27:00,2011-10-06 14:33:00,United Kingdom,632,1263.24
12940,55,2,899.69,2011-09-13 10:16:00,2011-10-16 12:09:00,United Kingdom,33,449.84
12941,724,1,377.49,2009-12-15 13:12:00,2009-12-15 13:12:00,United Kingdom,0,377.49
12942,131,3,675.6,2010-12-09 09:34:00,2011-07-31 14:39:00,United Kingdom,234,225.2
12943,558,2,496.5,2010-04-13 11:03:00,2010-05-30 13:52:00,United Kingdom,47,248.25
12944,36,2,604.51,2010-12-20 10:41:00,2011-11-04 11:04:00,United Kingdom,319,302.26
12945,288,2,900.11,2010-02-21 15:18:00,2011-02-24 14:15:00,United Kingdom,367,450.06
12946,437,1,324.45,2010-09-29 10:14:00,2010-09-29 10:14:00,United Kingdom,0,324.45
12947,144,6,1603.99,2010-12-01 16:21:00,2011-07-19 10:06:00,United Kingdom,229,267.33
12948,16,9,2317.43,2009-12-02 12:28:00,2011-11-23 17:10:00,United Kingdom,721,257.49
12949,31,22,15526.7,2009-12-03 15:56:00,2011-11-09 11:25:00,United Kingdom,705,705.76
12950,2,3,1843.0,2011-11-15 13:48:00,2011-12-07 13:17:00,United Kingdom,21,614.33
12951,9,15,3213.7200000000003,2010-01-10 12:43:00,2011-12-01 12:14:00,United Kingdom,689,214.25
12952,6,4,1387.79,2011-09-22 16:37:00,2011-12-04 10:35:00,United Kingdom,72,346.95
12953,10,2,828.8100000000001,2010-07-05 13:37:00,2011-11-30 09:24:00,United Kingdom,512,414.4
12954,639,1,162.45,2010-03-11 10:16:00,2010-03-11 10:16:00,United Kingdom,0,162.45
12955,1,11,4757.16,2011-03-17 09:03:00,2011-12-08 16:29:00,United Kingdom,266,432.47
12956,306,4,521.89,2009-12-15 19:03:00,2011-02-06 16:08:00,United Kingdom,417,130.47
12957,10,13,8706.97,2009-12-11 12:01:00,2011-11-30 09:53:00,United Kingdom,718,669.77
12958,400,2,467.34,2010-05-05 16:22:00,2010-11-04 16:16:00,United Kingdom,182,233.67
12959,484,1,150.95,2010-08-12 17:20:00,2010-08-12 17:20:00,United Kingdom,0,150.95
12960,414,4,1322.07,2010-02-16 13:32:00,2010-10-22 09:31:00,United Kingdom,247,330.52
12961,379,1,211.99,2010-11-25 16:44:00,2010-11-25 16:44:00,United Kingdom,0,211.99
12962,7,2,266.39,2011-08-18 13:38:00,2011-12-02 15:55:00,United Kingdom,106,133.2
12963,8,12,3235.79,2010-07-08 14:45:00,2011-12-01 12:55:00,United Kingdom,510,269.65
12964,437,1,132.24,2010-09-28 17:47:00,2010-09-28 17:47:00,United Kingdom,0,132.24
12965,89,1,769.8100000000001,2011-09-11 15:31:00,2011-09-11 15:31:00,United Kingdom,0,769.81
12966,10,1,160.18,2011-11-30 12:38:00,2011-11-30 12:38:00,United Kingdom,0,160.18
12967,358,3,2938.52,2010-11-21 11:03:00,2010-12-16 19:10:00,United Kingdom,25,979.51
12968,112,1,135.95,2011-08-19 15:44:00,2011-08-19 15:44:00,United Kingdom,0,135.95
12969,603,1,122.45,2010-04-16 10:50:00,2010-04-16 10:50:00,United Kingdom,0,122.45
12970,7,10,1452.54,2009-12-04 14:19:00,2011-12-02 14:30:00,United Kingdom,728,145.25
12971,4,116,15704.6,2009-12-15 19:04:00,2011-12-06 12:20:00,United Kingdom,720,135.38
12972,414,4,1161.2,2010-02-16 14:30:00,2010-10-22 08:41:00,United Kingdom,247,290.3
12973,414,1,385.55,2010-10-22 10:14:00,2010-10-22 10:14:00,United Kingdom,0,385.55
12974,198,2,408.95,2010-05-23 11:45:00,2011-05-26 09:33:00,United Kingdom,367,204.48
12975,437,6,2100.09,2009-12-06 10:38:00,2010-09-29 09:46:00,United Kingdom,296,350.02
12976,212,8,3156.38,2010-02-12 15:46:00,2011-05-12 09:55:00,United Kingdom,453,394.55
12977,156,4,513.88,2010-07-16 16:25:00,2011-07-06 16:40:00,United Kingdom,355,128.47
12978,385,5,2502.82,2009-12-10 12:10:00,2010-11-19 14:29:00,United Kingdom,344,500.56
12979,729,1,517.7,2009-12-10 15:45:00,2009-12-10 15:45:00,United Arab Emirates,0,517.7
12980,158,21,16245.78,2009-12-02 11:26:00,2011-07-05 09:34:00,United Kingdom,579,773.61
12981,30,2,372.21999999999997,2011-07-29 14:14:00,2011-11-10 12:00:00,United Kingdom,103,186.11
12982,243,8,2744.81,2010-04-12 13:50:00,2011-04-11 11:51:00,United Kingdom,363,343.1
12983,598,1,490.08000000000004,2010-04-20 12:58:00,2010-04-20 12:58:00,United Kingdom,0,490.08
12984,19,1,97.5,2011-11-21 12:37:00,2011-11-21 12:37:00,United Kingdom,0,97.5
12985,1,2,1239.38,2011-11-11 12:44:00,2011-12-09 10:46:00,United Kingdom,27,619.69
12986,429,10,2729.84,2010-01-21 10:45:00,2010-10-07 11:57:00,United Kingdom,259,272.98
12987,74,5,1312.21,2010-01-20 09:57:00,2011-09-27 12:03:00,United Kingdom,615,262.44
12988,292,1,505.82,2011-02-20 14:31:00,2011-02-20 14:31:00,United Kingdom,0,505.82
12989,3,33,13551.75,2009-12-10 13:27:00,2011-12-06 15:28:00,United Kingdom,726,410.66
12990,31,7,955.5,2010-03-30 11:36:00,2011-11-08 13:01:00,United Kingdom,588,136.5
12991,23,3,764.82,2010-11-15 13:43:00,2011-11-16 15:34:00,United Kingdom,366,254.94
12992,725,1,93.35000000000001,2009-12-14 16:46:00,2009-12-14 16:46:00,United Kingdom,0,93.35
12993,23,8,1259.6299999999999,2010-02-18 10:35:00,2011-11-16 15:49:00,United Kingdom,636,157.45
12994,4,3,974.4200000000001,2011-03-16 08:31:00,2011-12-05 15:43:00,United Kingdom,264,324.81
12995,85,1,211.32,2011-09-15 15:44:00,2011-09-15 15:44:00,United Kingdom,0,211.32
12996,376,1,355.5,2010-11-29 09:27:00,2010-11-29 09:27:00,United Kingdom,0,355.5
12997,22,8,2110.91,2010-04-06 11:06:00,2011-11-17 15:47:00,United Kingdom,590,263.86
12998,493,3,920.08,2010-02-24 11:55:00,2010-08-04 08:05:00,United Kingdom,160,306.69
12999,196,3,455.88,2011-04-08 10:26:00,2011-05-27 13:24:00,United Kingdom,49,151.96
13000,107,4,1032.5,2009-12-14 17:03:00,2011-08-25 10:43:00,United Kingdom,618,258.12
13001,4,33,24042.65,2009-12-03 16:21:00,2011-12-05 14:51:00,United Kingdom,731,728.57
13002,318,3,414.13,2010-10-01 11:58:00,2011-01-25 15:18:00,United Kingdom,116,138.04
13003,106,3,149.05,2011-05-09 08:23:00,2011-08-26 10:50:00,United Kingdom,109,49.68
13004,12,36,11650.85,2009-12-15 09:44:00,2011-11-28 11:27:00,United Kingdom,713,323.63
13005,174,4,999.68,2010-09-08 12:52:00,2011-06-19 10:53:00,United Kingdom,283,249.92
13006,56,1,81.57,2011-10-14 13:49:00,2011-10-14 13:49:00,United Kingdom,0,81.57
13007,580,1,175.25,2010-05-09 10:38:00,2010-05-09 10:38:00,United Kingdom,0,175.25
13008,323,3,612.13,2009-12-16 16:07:00,2011-01-20 14:24:00,United Kingdom,399,204.04
13009,673,1,234.0,2010-02-05 12:22:00,2010-02-05 12:22:00,United Kingdom,0,234.0
13010,374,2,330.12,2010-03-01 11:28:00,2010-11-30 15:09:00,United Kingdom,274,165.06
13011,372,1,50.550000000000004,2010-12-02 17:22:00,2010-12-02 17:22:00,United Kingdom,0,50.55
13012,9,11,2957.83,2010-04-26 14:14:00,2011-11-30 13:05:00,United Kingdom,582,268.89
13013,1,29,11097.43,2009-12-14 10:34:00,2011-12-08 15:01:00,United Kingdom,724,382.67
13014,11,11,5381.08,2010-10-03 11:35:00,2011-11-29 12:27:00,United Kingdom,422,489.19
13015,53,11,6579.78,2010-04-15 16:35:00,2011-10-17 13:19:00,United Kingdom,549,598.16
13016,73,3,789.89,2011-08-08 15:00:00,2011-09-27 14:08:00,United Kingdom,49,263.3
13017,7,1,204.0,2011-12-02 15:53:00,2011-12-02 15:53:00,United Kingdom,0,204.0
13018,16,35,9763.16,2010-03-01 12:34:00,2011-11-23 13:28:00,United Kingdom,632,278.95
13019,379,6,1229.95,2009-12-06 15:40:00,2010-11-25 14:56:00,United Kingdom,353,204.99
13020,563,2,618.96,2010-02-18 10:35:00,2010-05-26 11:12:00,United Kingdom,97,309.48
13021,4,17,4887.24,2009-12-05 12:02:00,2011-12-05 16:37:00,United Kingdom,730,287.48
13022,430,1,50.3,2010-10-06 10:50:00,2010-10-06 10:50:00,Belgium,0,50.3
13023,64,3,1251.03,2010-06-29 09:51:00,2011-10-06 16:27:00,United Kingdom,464,417.01
13024,471,2,555.87,2010-05-06 14:25:00,2010-08-26 09:42:00,United Kingdom,111,277.94
13025,732,1,323.39,2009-12-08 10:02:00,2009-12-08 10:02:00,United Kingdom,0,323.39
13026,1,9,1733.08,2009-12-13 11:34:00,2011-12-08 16:58:00,United Kingdom,725,192.56
13027,114,19,17239.2,2010-01-20 10:41:00,2011-08-18 09:39:00,United Kingdom,574,907.33
13028,23,2,661.3199999999999,2011-10-25 14:09:00,2011-11-17 11:10:00,United Kingdom,22,330.66
13029,31,5,1927.3,2010-07-04 13:46:00,2011-11-09 09:13:00,United Kingdom,492,385.46
13030,11,2,752.4399999999999,2010-12-06 14:31:00,2011-11-28 14:30:00,United Kingdom,356,376.22
13031,407,5,3292.84,2010-06-03 14:57:00,2010-10-28 15:34:00,United Kingdom,147,658.57
13032,52,9,2815.96,2010-09-05 14:01:00,2011-10-18 15:54:00,United Kingdom,408,312.88
13033,357,2,220.55,2010-10-06 09:37:00,2010-12-17 14:23:00,United Kingdom,72,110.28
13034,55,3,756.82,2010-11-03 15:22:00,2011-10-16 12:21:00,United Kingdom,346,252.27
13035,74,3,1364.2,2010-10-04 15:41:00,2011-09-27 08:57:00,United Kingdom,357,454.73
13036,685,1,307.1,2010-01-24 11:35:00,2010-01-24 11:35:00,United Kingdom,0,307.1
13037,138,12,3914.9500000000003,2009-12-03 17:04:00,2011-07-24 15:46:00,United Kingdom,597,326.25
13038,80,3,908.46,2011-02-22 11:43:00,2011-09-20 14:37:00,United Kingdom,210,302.82
13039,584,4,1010.73,2009-12-17 16:43:00,2010-05-04 16:45:00,United Kingdom,138,252.68
13040,9,2,676.99,2011-11-06 13:53:00,2011-12-01 10:38:00,United Kingdom,24,338.5
13041,451,4,799.13,2010-04-29 08:43:00,2010-09-15 11:44:00,United Kingdom,139,199.78
13042,598,3,1488.59,2009-12-07 15:42:00,2010-04-20 13:43:00,United Kingdom,133,496.2
13043,273,1,516.42,2011-03-11 14:52:00,2011-03-11 14:52:00,United Kingdom,0,516.42
13044,291,11,4848.05,2010-01-08 14:46:00,2011-02-21 15:20:00,United Kingdom,409,440.73
13045,99,3,808.92,2010-08-10 13:02:00,2011-09-01 15:04:00,United Kingdom,387,269.64
13046,31,3,949.25,2010-09-09 13:09:00,2011-11-09 08:36:00,United Kingdom,425,316.42
13047,57,23,8423.58,2009-12-16 11:43:00,2011-10-14 11:15:00,United Kingdom,666,366.24
13048,14,9,4049.13,2010-01-27 12:55:00,2011-11-25 13:23:00,United Kingdom,667,449.9
13049,64,4,1408.24,2010-11-03 15:39:00,2011-10-06 15:31:00,United Kingdom,336,352.06
13050,15,34,11877.29,2009-12-15 15:06:00,2011-11-25 09:18:00,United Kingdom,709,349.33
13051,579,2,155.8,2010-03-30 11:11:00,2010-05-10 09:14:00,United Kingdom,40,77.9
13052,212,7,3118.48,2010-02-23 12:31:00,2011-05-11 14:12:00,United Kingdom,442,445.5
13053,622,1,127.65,2010-03-28 11:28:00,2010-03-28 11:28:00,United Kingdom,0,127.65
13055,78,4,2321.11,2010-10-06 08:17:00,2011-09-22 14:26:00,United Kingdom,351,580.28
13056,551,1,209.48,2010-06-06 14:10:00,2010-06-06 14:10:00,United Kingdom,0,209.48
13057,530,3,709.59,2010-03-18 12:14:00,2010-06-27 15:44:00,United Kingdom,101,236.53
13058,25,3,271.40000000000003,2011-07-11 12:01:00,2011-11-15 12:43:00,United Kingdom,127,90.47
13059,250,10,2291.77,2010-03-31 12:23:00,2011-04-04 10:40:00,United Kingdom,368,229.18
13060,254,1,307.53,2011-03-31 11:37:00,2011-03-31 11:37:00,United Kingdom,0,307.53
13061,72,1,248.61,2011-09-28 16:04:00,2011-09-28 16:04:00,United Kingdom,0,248.61
13062,191,1,346.98,2011-06-01 15:12:00,2011-06-01 15:12:00,United Kingdom,0,346.98
13063,481,1,188.4,2010-08-16 12:27:00,2010-08-16 12:27:00,United Kingdom,0,188.4
13064,13,6,1666.8400000000001,2010-04-27 10:08:00,2011-11-27 12:31:00,United Kingdom,579,277.81
13065,373,5,1055.05,2010-06-10 11:44:00,2010-12-01 16:52:00,United Kingdom,174,211.01
13066,24,2,470.8,2011-11-07 17:06:00,2011-11-15 12:57:00,United Kingdom,7,235.4
13067,82,3,508.51,2010-09-19 13:43:00,2011-09-18 13:38:00,United Kingdom,363,169.5
13068,10,2,344.0,2011-01-24 08:20:00,2011-11-29 15:00:00,United Kingdom,309,172.0
13069,1,38,9284.45,2010-06-14 14:27:00,2011-12-09 08:39:00,United Kingdom,542,244.33
13070,192,4,751.7,2009-12-07 14:44:00,2011-05-31 13:45:00,United Kingdom,539,187.92
13071,612,1,129.22,2010-04-06 13:37:00,2010-04-06 13:37:00,United Kingdom,0,129.22
13072,267,1,177.15,2011-03-18 08:12:00,2011-03-18 08:12:00,United Kingdom,0,177.15
13073,411,2,418.08,2010-09-28 09:27:00,2010-10-24 14:06:00,United Kingdom,26,209.04
13074,511,4,1378.74,2009-12-16 11:46:00,2010-07-16 16:53:00,United Kingdom,212,344.68
13075,130,1,919.61,2011-08-02 10:19:00,2011-08-02 10:19:00,United Kingdom,0,919.61
13076,458,1,135.4,2010-09-08 10:27:00,2010-09-08 10:27:00,United Kingdom,0,135.4
13077,1,11,2740.65,2009-12-11 11:17:00,2011-12-08 19:24:00,United Kingdom,727,249.15
13078,3,57,29018.06,2009-12-01 09:06:00,2011-12-06 15:36:00,United Kingdom,735,509.09
13079,4,6,419.18,2010-10-18 14:15:00,2011-12-05 16:53:00,United Kingdom,413,69.86
13080,179,4,280.73,2010-04-09 13:07:00,2011-06-13 14:59:00,United Kingdom,430,70.18
13081,12,28,56838.37,2009-12-08 13:58:00,2011-11-28 10:54:00,United Kingdom,719,2029.94
13082,126,21,7335.75,2009-12-22 15:37:00,2011-08-05 16:16:00,United Kingdom,591,349.32
13083,4,3,395.43,2010-10-10 13:38:00,2011-12-05 15:01:00,United Kingdom,421,131.81
13084,492,1,122.39999999999999,2010-08-05 08:49:00,2010-08-05 08:49:00,United Kingdom,0,122.4
13085,158,8,2433.28,2009-12-01 07:45:00,2011-07-05 12:11:00,United Kingdom,581,304.16
13086,383,1,439.33000000000004,2010-11-22 10:28:00,2010-11-22 10:28:00,United Kingdom,0,439.33
13087,726,1,313.64,2009-12-13 15:16:00,2009-12-13 15:16:00,United Kingdom,0,313.64
13088,417,1,236.11,2010-10-18 15:35:00,2010-10-18 15:35:00,United Kingdom,0,236.11
13089,3,203,113416.91,2009-12-02 15:44:00,2011-12-07 09:02:00,United Kingdom,734,558.7
13090,9,23,13076.74,2010-08-02 13:58:00,2011-12-01 12:39:00,United Kingdom,485,568.55
13091,28,2,1108.8,2009-12-10 12:44:00,2011-11-11 15:54:00,United Kingdom,701,554.4
13092,71,12,2140.28,2010-02-10 08:44:00,2011-09-30 11:18:00,United Kingdom,597,178.36
13093,276,55,54144.25,2009-12-04 10:32:00,2011-03-09 12:14:00,United Kingdom,460,984.44
13094,21,13,2209.44,2010-11-15 14:15:00,2011-11-18 14:07:00,United Kingdom,367,169.96
13095,71,1,74.39999999999999,2011-09-30 12:03:00,2011-09-30 12:03:00,United Kingdom,0,74.4
13096,394,1,419.70000000000005,2010-11-10 14:08:00,2010-11-10 14:08:00,United Kingdom,0,419.7
13097,33,27,13015.36,2009-12-01 13:31:00,2011-11-07 10:43:00,United Kingdom,705,482.05
13098,1,28,28882.44,2011-01-26 13:46:00,2011-12-08 14:14:00,United Kingdom,316,1031.52
13099,99,1,207.35999999999999,2011-09-01 17:40:00,2011-09-01 17:40:00,United Kingdom,0,207.36
13101,234,4,695.4,2010-01-27 15:49:00,2011-04-19 14:37:00,United Kingdom,446,173.85
13102,1,37,11380.1,2010-05-06 13:12:00,2011-12-08 12:52:00,United Kingdom,580,307.57
13103,40,3,709.64,2010-05-11 14:41:00,2011-10-31 09:38:00,United Kingdom,537,236.55
13104,3,9,1709.1,2010-02-24 15:06:00,2011-12-06 13:10:00,United Kingdom,649,189.9
13105,436,1,72.0,2010-09-29 13:41:00,2010-09-29 13:41:00,United Kingdom,0,72.0
13106,133,2,603.46,2010-10-22 13:10:00,2011-07-29 15:12:00,United Kingdom,280,301.73
13107,44,9,5253.07,2010-02-04 10:50:00,2011-10-26 14:52:00,United Kingdom,629,583.67
13108,373,2,748.46,2010-09-30 17:09:00,2010-12-02 10:35:00,United Kingdom,62,374.23
13109,60,3,1134.03,2010-06-06 12:59:00,2011-10-11 10:16:00,United Kingdom,491,378.01
13110,31,12,2957.4700000000003,2009-12-01 14:14:00,2011-11-08 14:30:00,United Kingdom,707,246.46
13111,719,1,321.88000000000005,2009-12-21 09:00:00,2009-12-21 09:00:00,United Kingdom,0,321.88
13112,541,1,20.6,2010-06-16 17:03:00,2010-06-16 17:03:00,United Kingdom,0,20.6
13113,1,37,18230.07,2010-03-28 16:13:00,2011-12-09 12:49:00,United Kingdom,620,492.7
13114,731,1,234.38,2009-12-09 09:56:00,2009-12-09 09:56:00,United Kingdom,0,234.38
13115,12,10,5494.7,2010-04-19 13:29:00,2011-11-28 12:38:00,United Kingdom,587,549.47
13116,138,1,501.14,2011-07-24 14:33:00,2011-07-24 14:33:00,United Kingdom,0,501.14
13117,22,18,2255.66,2010-03-26 13:50:00,2011-11-18 12:02:00,United Kingdom,601,125.31
13118,20,9,2415.41,2010-09-26 15:46:00,2011-11-20 12:46:00,United Kingdom,419,268.38
13119,669,1,134.9,2010-02-09 08:38:00,2010-02-09 08:38:00,United Kingdom,0,134.9
13120,239,1,30.599999999999998,2011-04-15 10:19:00,2011-04-15 10:19:00,United Kingdom,0,30.6
13121,269,1,283.73,2011-03-15 16:47:00,2011-03-15 16:47:00,United Kingdom,0,283.73
13122,94,2,922.39,2011-04-13 14:12:00,2011-09-06 15:53:00,United Kingdom,146,461.2
13123,473,2,506.75,2010-06-28 12:43:00,2010-08-24 10:18:00,United Kingdom,56,253.38
13124,90,4,4641.66,2010-11-19 15:50:00,2011-09-11 12:45:00,United Kingdom,295,1160.42
13125,524,1,148.62,2010-07-04 11:58:00,2010-07-04 11:58:00,United Kingdom,0,148.62
13126,5,13,3774.81,2010-03-02 12:24:00,2011-12-05 10:00:00,United Kingdom,642,290.37
13127,78,1,259.17,2011-09-23 10:26:00,2011-09-23 10:26:00,United Kingdom,0,259.17
13128,631,1,263.5,2010-03-18 15:08:00,2010-03-18 15:08:00,United Kingdom,0,263.5
13129,452,2,233.25,2010-06-28 11:54:00,2010-09-13 13:47:00,United Kingdom,77,116.62
13130,94,1,64.0,2011-09-06 15:30:00,2011-09-06 15:30:00,United Kingdom,0,64.0
13131,23,7,3313.77,2010-02-09 09:47:00,2011-11-16 13:21:00,United Kingdom,645,473.4
13132,262,1,77.3,2011-03-23 12:44:00,2011-03-23 12:44:00,United Kingdom,0,77.3
13133,274,3,200.45000000000002,2010-09-06 15:30:00,2011-03-11 10:31:00,United Kingdom,185,66.82
13134,86,6,2475.23,2010-10-19 13:21:00,2011-09-15 10:35:00,United Kingdom,330,412.54
13135,197,2,3371.45,2010-08-05 17:28:00,2011-05-27 10:52:00,United Kingdom,294,1685.72
13136,56,13,6274.56,2009-12-08 18:30:00,2011-10-14 13:41:00,United Kingdom,674,482.66
13137,11,16,7586.94,2010-07-25 15:40:00,2011-11-29 12:09:00,United Kingdom,491,474.18
13138,22,7,1274.01,2010-11-08 11:45:00,2011-11-17 16:51:00,United Kingdom,374,182.0
13139,16,8,8202.98,2010-09-28 09:12:00,2011-11-23 13:54:00,United Kingdom,421,1025.37
13140,108,5,1054.92,2010-08-05 19:05:00,2011-08-23 15:33:00,United Kingdom,382,210.98
13141,85,17,7656.08,2009-12-09 13:34:00,2011-09-16 09:54:00,United Kingdom,645,450.36
13142,19,1,307.09,2011-11-20 16:07:00,2011-11-20 16:07:00,United Kingdom,0,307.09
13143,585,1,405.1,2010-05-04 12:22:00,2010-05-04 12:22:00,United Kingdom,0,405.1
13144,333,2,135.35,2010-10-04 14:14:00,2011-01-11 11:15:00,United Kingdom,98,67.68
13145,40,7,1128.52,2010-04-19 11:11:00,2011-10-31 12:45:00,United Kingdom,560,161.22
13146,26,1,228.91,2011-11-13 15:29:00,2011-11-13 15:29:00,United Kingdom,0,228.91
13147,10,4,712.8000000000001,2011-09-01 12:28:00,2011-11-29 13:59:00,United Kingdom,89,178.2
13148,29,26,8488.32,2009-12-07 15:26:00,2011-11-10 15:23:00,United Kingdom,702,326.47
13149,14,4,1676.06,2011-02-23 13:57:00,2011-11-25 13:09:00,United Kingdom,274,419.02
13150,484,3,449.96999999999997,2010-03-19 09:03:00,2010-08-12 12:59:00,United Kingdom,146,149.99
13151,296,3,2454.71,2010-03-22 10:26:00,2011-02-17 12:29:00,United Kingdom,332,818.24
13152,417,7,2146.38,2010-01-14 10:01:00,2010-10-18 13:44:00,United Kingdom,277,306.63
13153,6,1,486.22,2011-12-04 12:14:00,2011-12-04 12:14:00,United Kingdom,0,486.22
13154,399,3,1624.84,2009-12-04 08:46:00,2010-11-05 16:00:00,United Kingdom,336,541.61
13155,33,6,1370.48,2010-08-05 09:30:00,2011-11-06 15:41:00,United Kingdom,458,228.41
13156,385,3,1586.54,2010-02-01 13:45:00,2010-11-19 13:09:00,United Kingdom,290,528.85
13157,49,9,5687.36,2010-03-08 11:59:00,2011-10-21 13:50:00,United Kingdom,592,631.93
13158,95,5,1508.18,2010-11-16 17:12:00,2011-09-06 11:58:00,United Kingdom,293,301.64
13159,9,4,1429.35,2011-08-16 11:44:00,2011-12-01 11:20:00,United Kingdom,106,357.34
13160,22,1,91.8,2011-11-17 13:07:00,2011-11-17 13:07:00,United Kingdom,0,91.8
13161,313,2,472.13,2010-07-27 12:44:00,2011-01-30 14:03:00,United Kingdom,187,236.06
13162,122,16,9275.49,2009-12-04 13:59:00,2011-08-09 15:59:00,United Kingdom,613,579.72
13163,610,1,17.65,2010-04-08 16:21:00,2010-04-08 16:21:00,United Kingdom,0,17.65
13164,569,2,372.2,2010-02-10 11:52:00,2010-05-19 13:52:00,United Kingdom,98,186.1
13165,46,3,1451.16,2010-10-22 17:04:00,2011-10-24 15:05:00,United Kingdom,366,483.72
13166,283,2,875.93,2010-10-21 14:29:00,2011-03-01 15:16:00,United Kingdom,131,437.96
13167,19,5,1113.15,2010-11-14 12:58:00,2011-11-21 12:24:00,United Kingdom,371,222.63
13168,36,5,1840.73,2010-06-15 15:00:00,2011-11-03 12:56:00,United Kingdom,505,368.15
13169,64,3,840.08,2010-05-26 15:58:00,2011-10-07 12:11:00,United Kingdom,498,280.03
13170,27,1,108.81,2011-11-13 12:19:00,2011-11-13 12:19:00,United Kingdom,0,108.81
13171,22,3,468.41,2011-02-13 14:16:00,2011-11-18 10:27:00,United Kingdom,277,156.14
13172,400,1,69.6,2010-11-04 15:10:00,2010-11-04 15:10:00,United Kingdom,0,69.6
13173,4,11,2389.82,2009-12-10 12:52:00,2011-12-05 15:51:00,United Kingdom,725,217.26
13174,16,11,7972.46,2009-12-04 15:40:00,2011-11-23 14:35:00,United Kingdom,718,724.77
13175,582,2,831.45,2009-12-04 12:11:00,2010-05-06 13:13:00,United Kingdom,153,415.72
13176,46,1,481.49,2011-10-24 15:43:00,2011-10-24 15:43:00,United Kingdom,0,481.49
13177,65,2,512.2,2010-10-05 10:35:00,2011-10-06 09:56:00,United Kingdom,365,256.1
13178,26,21,14059.19,2009-12-16 14:00:00,2011-11-13 16:14:00,United Kingdom,697,669.49
13179,619,1,572.3100000000001,2010-03-31 11:40:00,2010-03-31 11:40:00,United Kingdom,0,572.31
13180,607,1,86.10000000000001,2010-04-11 13:37:00,2010-04-11 13:37:00,United Kingdom,0,86.1
13181,381,1,359.69,2010-11-23 15:05:00,2010-11-23 15:05:00,United Kingdom,0,359.69
13182,45,1,121.18,2011-10-25 13:46:00,2011-10-25 13:46:00,United Kingdom,0,121.18
13183,8,15,7036.18,2010-03-14 12:32:00,2011-12-02 10:30:00,United Kingdom,627,469.08
13184,15,10,1667.95,2011-02-22 17:25:00,2011-11-25 12:02:00,United Kingdom,275,166.8
13185,268,1,71.4,2011-03-17 11:56:00,2011-03-17 11:56:00,United Kingdom,0,71.4
13186,40,3,1575.89,2011-08-03 09:09:00,2011-10-31 11:40:00,United Kingdom,89,525.3
13187,337,4,328.36,2010-03-25 17:18:00,2011-01-06 18:57:00,United Kingdom,287,82.09
13188,11,1,114.60000000000001,2011-11-28 15:28:00,2011-11-28 15:28:00,United Kingdom,0,114.6
13189,19,2,260.68,2011-08-16 13:12:00,2011-11-21 10:39:00,United Kingdom,96,130.34
13190,544,3,570.66,2009-12-07 12:13:00,2010-06-13 15:47:00,United Kingdom,188,190.22
13191,658,1,159.21,2010-02-19 17:02:00,2010-02-19 17:02:00,United Kingdom,0,159.21
13192,95,6,2558.58,2010-01-22 08:37:00,2011-09-05 14:13:00,United Kingdom,591,426.43
13193,61,1,112.08,2011-10-09 14:30:00,2011-10-09 14:30:00,United Kingdom,0,112.08
13194,136,2,472.78,2010-10-14 11:54:00,2011-07-27 09:01:00,United Kingdom,285,236.39
13195,414,1,136.73,2010-10-21 13:07:00,2010-10-21 13:07:00,United Kingdom,0,136.73
13196,11,7,3068.84,2010-04-01 12:54:00,2011-11-28 13:54:00,United Kingdom,606,438.41
13197,610,1,373.01000000000005,2010-04-09 09:14:00,2010-04-09 09:14:00,United Kingdom,0,373.01
13198,10,8,4974.2300000000005,2010-10-01 13:27:00,2011-11-29 15:17:00,United Kingdom,424,621.78
13199,4,66,15949.210000000001,2009-12-05 10:11:00,2011-12-06 12:30:00,United Kingdom,731,241.65
13200,19,4,870.09,2011-08-05 14:50:00,2011-11-20 15:35:00,United Kingdom,107,217.52
13201,502,4,1233.06,2010-03-07 11:01:00,2010-07-25 14:30:00,United Kingdom,140,308.26
13202,394,7,1580.3,2009-12-09 10:48:00,2010-11-10 16:24:00,United Kingdom,336,225.76
13203,10,10,2648.25,2009-12-17 14:15:00,2011-11-30 10:45:00,United Kingdom,712,264.82
13204,731,1,966.6600000000001,2009-12-08 14:56:00,2009-12-08 14:56:00,United Kingdom,0,966.66
13205,443,1,2803.2,2010-09-22 16:26:00,2010-09-22 16:26:00,United Kingdom,0,2803.2
13206,400,13,8308.19,2009-12-07 13:48:00,2010-11-04 16:50:00,United Kingdom,332,639.09
13207,15,4,535.86,2010-04-06 16:37:00,2011-11-24 14:52:00,United Kingdom,596,133.96
13208,59,8,1951.82,2009-12-03 13:25:00,2011-10-11 16:25:00,United Kingdom,677,243.98
13209,30,13,8509.51,2010-01-24 14:30:00,2011-11-09 13:54:00,United Kingdom,653,654.58
13210,94,1,353.48,2011-09-07 08:18:00,2011-09-07 08:18:00,United Kingdom,0,353.48
13211,10,10,2618.77,2009-12-06 15:24:00,2011-11-29 14:43:00,United Kingdom,722,261.88
13212,20,3,786.83,2011-10-09 14:48:00,2011-11-20 12:40:00,United Kingdom,41,262.28
13213,57,11,3851.52,2010-05-20 14:50:00,2011-10-14 11:42:00,United Kingdom,511,350.14
13214,418,7,3264.23,2010-03-03 14:10:00,2010-10-18 10:00:00,United Kingdom,228,466.32
13215,402,1,81.6,2010-11-02 18:26:00,2010-11-02 18:26:00,United Kingdom,0,81.6
13216,268,1,333.74,2011-03-17 12:18:00,2011-03-17 12:18:00,United Kingdom,0,333.74
13217,122,4,666.48,2010-02-22 12:49:00,2011-08-09 15:32:00,United Kingdom,533,166.62
13218,127,1,62.63999999999999,2011-08-04 16:59:00,2011-08-04 16:59:00,United Kingdom,0,62.64
13219,618,1,76.23,2010-03-31 14:18:00,2010-03-31 14:18:00,United Kingdom,0,76.23
13220,78,5,1336.0900000000001,2010-05-13 10:35:00,2011-09-22 13:38:00,United Kingdom,497,267.22
13221,240,2,844.86,2010-12-15 13:24:00,2011-04-13 16:58:00,United Kingdom,119,422.43
13222,577,1,88.5,2010-05-11 13:54:00,2010-05-11 13:54:00,United Kingdom,0,88.5
13223,200,6,969.1200000000001,2010-02-12 13:27:00,2011-05-23 13:03:00,United Kingdom,464,161.52
13224,60,2,2152.95,2011-07-11 14:10:00,2011-10-10 14:55:00,United Kingdom,91,1076.47
13225,3,16,16260.07,2009-12-17 09:09:00,2011-12-06 13:29:00,United Kingdom,719,1016.25
13226,273,2,312.46,2010-11-11 13:46:00,2011-03-11 14:35:00,United Kingdom,120,156.23
13227,202,1,257.7,2011-05-22 11:47:00,2011-05-22 11:47:00,United Kingdom,0,257.7
13228,81,1,358.0,2011-09-19 14:28:00,2011-09-19 14:28:00,United Kingdom,0,358.0
13229,226,1,160.95,2011-04-28 12:07:00,2011-04-28 12:07:00,United Kingdom,0,160.95
13230,4,30,6109.51,2010-03-18 20:02:00,2011-12-05 16:03:00,United Kingdom,626,203.65
13232,13,7,1327.75,2011-04-10 13:48:00,2011-11-27 10:39:00,United Kingdom,230,189.68
13233,74,4,1176.46,2010-01-14 14:10:00,2011-09-26 13:25:00,United Kingdom,619,294.12
13234,673,2,346.5,2009-12-07 12:32:00,2010-02-05 11:41:00,United Kingdom,59,173.25
13235,212,1,1031.07,2011-05-11 17:13:00,2011-05-11 17:13:00,United Kingdom,0,1031.07
13236,25,2,744.85,2011-08-25 08:58:00,2011-11-15 12:50:00,United Kingdom,82,372.42
13237,388,1,643.0,2010-11-17 10:07:00,2010-11-17 10:07:00,United Kingdom,0,643.0
13238,17,6,1006.63,2010-04-28 15:02:00,2011-11-22 15:37:00,United Kingdom,573,167.77
13239,262,5,1594.69,2010-07-25 13:34:00,2011-03-23 10:25:00,United Kingdom,240,318.94
13240,96,8,1455.39,2010-02-25 13:17:00,2011-09-04 14:08:00,United Kingdom,556,181.92
13241,412,1,112.53,2010-10-24 11:17:00,2010-10-24 11:17:00,United Kingdom,0,112.53
13242,112,7,699.4,2010-02-09 13:12:00,2011-08-19 12:53:00,United Kingdom,555,99.91
13243,203,5,1220.38,2010-03-18 13:10:00,2011-05-20 13:14:00,United Kingdom,428,244.08
13244,93,1,121.74000000000001,2011-09-08 11:46:00,2011-09-08 11:46:00,United Kingdom,0,121.74
13245,51,2,989.22,2010-10-03 14:03:00,2011-10-20 11:40:00,United Kingdom,381,494.61
13246,18,11,3351.75,2010-07-02 13:36:00,2011-11-21 16:50:00,United Kingdom,507,304.7
13247,18,4,501.12,2011-09-18 11:31:00,2011-11-22 10:59:00,United Kingdom,64,125.28
13248,125,2,465.68,2011-06-03 13:05:00,2011-08-07 12:40:00,United Kingdom,64,232.84
13249,92,9,1608.93,2010-01-24 12:11:00,2011-09-08 13:26:00,United Kingdom,592,178.77
13250,461,2,253.09,2010-07-25 14:01:00,2010-09-05 11:33:00,United Kingdom,41,126.54
13251,402,1,252.68,2010-11-02 13:20:00,2010-11-02 13:20:00,United Kingdom,0,252.68
13252,394,2,399.3,2010-03-24 10:30:00,2010-11-10 16:00:00,United Kingdom,231,199.65
13253,157,4,2951.11,2010-01-05 12:13:00,2011-07-06 10:09:00,United Kingdom,546,737.78
13254,376,1,51.410000000000004,2010-11-28 15:42:00,2010-11-28 15:42:00,United Kingdom,0,51.41
13255,9,3,678.76,2010-07-15 13:20:00,2011-11-30 13:14:00,United Kingdom,502,226.25
13257,436,1,149.75,2010-09-29 14:58:00,2010-09-29 14:58:00,United Kingdom,0,149.75
13258,12,5,1009.43,2010-11-04 12:45:00,2011-11-28 09:31:00,United Kingdom,388,201.89
13259,62,9,1398.79,2010-01-10 10:26:00,2011-10-09 10:48:00,United Kingdom,637,155.42
13260,61,1,557.62,2011-10-09 13:21:00,2011-10-09 13:21:00,United Kingdom,0,557.62
13261,269,2,944.1,2011-02-27 10:41:00,2011-03-16 12:22:00,United Kingdom,17,472.05
13262,263,3,573.45,2010-04-18 12:14:00,2011-03-21 15:06:00,United Kingdom,337,191.15
13263,1,38,8650.98,2010-10-22 17:07:00,2011-12-08 13:59:00,United Kingdom,411,227.66
13264,443,1,722.5600000000001,2010-09-23 12:42:00,2010-09-23 12:42:00,United Kingdom,0,722.56
13265,53,5,2092.66,2011-03-11 09:54:00,2011-10-17 15:02:00,United Kingdom,220,418.53
13266,11,19,6135.04,2009-12-17 10:52:00,2011-11-28 14:39:00,United Kingdom,711,322.9
13267,3,36,9429.81,2009-12-07 16:56:00,2011-12-07 11:12:00,United Kingdom,729,261.94
13268,18,10,3152.71,2011-03-17 13:20:00,2011-11-22 11:34:00,United Kingdom,249,315.27
13269,1,28,8537.32,2009-12-02 11:47:00,2011-12-08 14:53:00,United Kingdom,736,304.9
13270,366,1,590.0,2010-12-08 14:53:00,2010-12-08 14:53:00,United Kingdom,0,590.0
13271,37,1,211.49,2011-11-02 14:31:00,2011-11-02 14:31:00,United Kingdom,0,211.49
13272,31,2,276.56,2011-09-11 12:06:00,2011-11-08 14:00:00,United Kingdom,58,138.28
13273,113,1,138.98,2011-08-18 14:02:00,2011-08-18 14:02:00,United Kingdom,0,138.98
13274,409,1,360.85,2010-10-26 13:48:00,2010-10-26 13:48:00,United Kingdom,0,360.85
13275,384,2,238.86,2010-03-17 14:05:00,2010-11-21 12:09:00,United Kingdom,248,119.43
13276,64,5,1891.91,2010-03-07 14:05:00,2011-10-07 12:44:00,United Kingdom,578,378.38
13277,16,7,523.3,2010-06-18 08:45:00,2011-11-24 09:21:00,United Kingdom,524,74.76
13278,41,4,1425.35,2010-04-08 11:59:00,2011-10-30 11:49:00,United Kingdom,569,356.34
13279,78,1,137.75,2011-09-22 17:24:00,2011-09-22 17:24:00,United Kingdom,0,137.75
13280,122,7,2293.33,2010-03-05 09:07:00,2011-08-09 13:14:00,United Kingdom,522,327.62
13281,439,1,350.85,2010-09-26 16:03:00,2010-09-26 16:03:00,United Kingdom,0,350.85
13282,18,4,1313.19,2010-10-29 14:11:00,2011-11-21 15:33:00,United Kingdom,388,328.3
13283,60,4,373.36,2010-03-09 14:36:00,2011-10-11 09:50:00,United Kingdom,580,93.34
13284,331,1,201.19,2011-01-13 09:23:00,2011-01-13 09:23:00,United Kingdom,0,201.19
13285,23,6,3364.59,2010-03-25 14:26:00,2011-11-16 13:19:00,United Kingdom,600,560.76
13286,600,1,734.91,2010-04-18 15:35:00,2010-04-18 15:35:00,United Kingdom,0,734.91
13287,603,3,781.59,2010-01-04 10:43:00,2010-04-15 15:26:00,United Kingdom,101,260.53
13288,443,5,927.61,2010-02-11 14:59:00,2010-09-22 16:32:00,United Kingdom,223,185.52
13289,724,1,307.95,2009-12-16 11:53:00,2009-12-16 11:53:00,United Kingdom,0,307.95
13291,156,11,3270.79,2010-02-11 18:36:00,2011-07-07 10:36:00,United Kingdom,510,297.34
13292,39,5,994.51,2010-07-01 14:36:00,2011-11-01 10:04:00,United Kingdom,487,198.9
13293,392,6,1192.94,2010-02-09 12:05:00,2010-11-12 13:28:00,United Kingdom,276,198.82
13294,190,3,1689.53,2010-03-03 12:54:00,2011-06-03 08:54:00,United Kingdom,456,563.18
13295,360,4,1101.97,2010-05-12 09:13:00,2010-12-15 11:21:00,United Kingdom,217,275.49
13296,137,6,792.51,2010-05-11 14:29:00,2011-07-25 13:46:00,United Kingdom,439,132.08
13297,8,7,4368.62,2010-06-15 12:35:00,2011-12-02 09:32:00,United Kingdom,534,624.09
13298,1,1,360.0,2011-12-08 13:11:00,2011-12-08 13:11:00,United Kingdom,0,360.0
13299,268,3,1218.7,2010-06-29 11:30:00,2011-03-16 12:55:00,United Kingdom,260,406.23
13300,169,3,1285.51,2010-05-14 15:56:00,2011-06-23 13:09:00,United Kingdom,404,428.5
13301,104,4,600.19,2011-02-20 13:13:00,2011-08-28 11:25:00,United Kingdom,188,150.05
13302,155,2,159.2,2010-07-01 12:32:00,2011-07-07 17:56:00,United Kingdom,371,79.6
13303,400,1,61.72,2010-11-04 14:55:00,2010-11-04 14:55:00,United Kingdom,0,61.72
13304,351,4,1217.99,2010-02-08 12:42:00,2010-12-23 14:35:00,United Kingdom,318,304.5
13305,4,16,3616.41,2010-03-10 14:49:00,2011-12-05 15:15:00,United Kingdom,635,226.03
13306,430,1,53.65,2010-10-05 14:55:00,2010-10-05 14:55:00,United Kingdom,0,53.65
13307,120,3,273.34,2010-04-26 13:28:00,2011-08-11 17:14:00,United Kingdom,472,91.11
13308,23,4,1670.3700000000001,2010-04-22 09:22:00,2011-11-17 09:31:00,United Kingdom,574,417.59
13309,7,6,1706.3700000000001,2010-11-12 12:10:00,2011-12-02 16:34:00,United Kingdom,385,284.4
13310,28,5,1541.2,2010-11-02 17:03:00,2011-11-11 17:23:00,United Kingdom,374,308.24
13311,4,2,598.57,2011-07-12 14:26:00,2011-12-05 12:55:00,United Kingdom,145,299.29
13312,451,1,124.75,2010-09-14 14:36:00,2010-09-14 14:36:00,United Kingdom,0,124.75
13313,22,12,3445.32,2009-12-02 16:18:00,2011-11-17 16:48:00,United Kingdom,715,287.11
13314,2,3,775.94,2011-09-27 10:20:00,2011-12-08 12:29:00,United Kingdom,72,258.65
13315,689,1,310.26,2010-01-19 15:34:00,2010-01-19 15:34:00,United Kingdom,0,310.26
13316,37,10,12940.82,2010-03-10 10:01:00,2011-11-02 13:40:00,United Kingdom,602,1294.08
13317,66,19,6486.09,2009-12-13 11:11:00,2011-10-04 13:35:00,United Kingdom,660,341.37
13318,1,3,640.76,2011-11-02 13:26:00,2011-12-08 18:51:00,United Kingdom,36,213.59
13319,5,58,21323.22,2009-12-06 14:46:00,2011-12-04 13:34:00,United Kingdom,727,367.64
13320,78,6,2211.6,2010-08-18 10:29:00,2011-09-22 18:07:00,United Kingdom,400,368.6
13321,72,2,567.36,2011-09-14 15:18:00,2011-09-28 15:24:00,United Kingdom,14,283.68
13322,17,1,199.48000000000002,2011-11-22 14:21:00,2011-11-22 14:21:00,United Kingdom,0,199.48
13323,3,5,787.85,2011-09-16 13:23:00,2011-12-06 17:12:00,United Kingdom,81,157.57
13324,36,18,10513.47,2010-05-25 10:23:00,2011-11-03 16:28:00,United Kingdom,527,584.08
13325,82,1,675.3,2011-09-19 10:36:00,2011-09-19 10:36:00,United Kingdom,0,675.3
13326,432,1,281.76,2010-10-03 16:00:00,2010-10-03 16:00:00,United Kingdom,0,281.76
13327,39,19,9052.87,2009-12-18 15:35:00,2011-11-01 10:21:00,United Kingdom,682,476.47
13328,316,1,1308.48,2011-01-27 15:22:00,2011-01-27 15:22:00,United Kingdom,0,1308.48
13329,32,8,4808.77,2009-12-04 15:41:00,2011-11-08 10:29:00,United Kingdom,703,601.1
13330,93,6,2796.1,2010-02-23 10:12:00,2011-09-08 12:27:00,United Kingdom,562,466.02
13331,402,1,262.4,2010-11-03 08:04:00,2010-11-03 08:04:00,United Kingdom,0,262.4
13332,14,1,350.9,2011-11-25 13:30:00,2011-11-25 13:30:00,United Kingdom,0,350.9
13333,411,3,1015.74,2010-02-19 09:26:00,2010-10-24 13:24:00,United Kingdom,247,338.58
13334,82,5,6201.8,2010-02-25 12:21:00,2011-09-18 15:21:00,United Kingdom,570,1240.36
13336,77,1,795.12,2011-09-23 14:05:00,2011-09-23 14:05:00,United Kingdom,0,795.12
13337,546,1,1575.26,2010-06-11 13:27:00,2010-06-11 13:27:00,United Kingdom,0,1575.26
13338,158,4,2345.62,2010-01-05 12:25:00,2011-07-05 09:06:00,United Kingdom,545,586.4
13339,201,1,860.12,2011-05-23 08:31:00,2011-05-23 08:31:00,United Kingdom,0,860.12
13340,45,12,22100.56,2010-02-22 14:54:00,2011-10-25 13:15:00,United Kingdom,609,1841.71
13341,261,1,775.85,2011-03-24 09:50:00,2011-03-24 09:50:00,United Kingdom,0,775.85
13343,178,1,303.43,2011-06-15 12:24:00,2011-06-15 12:24:00,United Kingdom,0,303.43
13344,68,3,2511.69,2011-03-07 10:28:00,2011-10-03 09:45:00,United Kingdom,209,837.23
13345,288,1,339.5,2011-02-25 09:01:00,2011-02-25 09:01:00,United Kingdom,0,339.5
13346,463,6,299.4,2010-04-22 12:34:00,2010-09-03 11:41:00,United Kingdom,133,49.9
13347,70,1,291.36,2011-09-30 13:28:00,2011-09-30 13:28:00,United Kingdom,0,291.36
13348,64,1,233.76,2011-10-06 17:28:00,2011-10-06 17:28:00,United Kingdom,0,233.76
13349,11,1,197.32,2011-11-29 08:07:00,2011-11-29 08:07:00,United Kingdom,0,197.32
13350,16,2,879.12,2011-09-21 13:33:00,2011-11-23 16:33:00,United Kingdom,63,439.56
13351,66,1,323.94,2011-10-04 12:55:00,2011-10-04 12:55:00,United Kingdom,0,323.94
13352,60,1,347.97999999999996,2011-10-10 13:55:00,2011-10-10 13:55:00,United Kingdom,0,347.98
13354,71,1,743.53,2011-09-29 13:17:00,2011-09-29 13:17:00,United Kingdom,0,743.53
13355,122,1,674.7,2011-08-09 14:48:00,2011-08-09 14:48:00,United Kingdom,0,674.7
13356,80,1,768.24,2011-09-20 14:33:00,2011-09-20 14:33:00,United Kingdom,0,768.24
13357,257,5,3795.0099999999998,2010-03-22 14:30:00,2011-03-27 13:56:00,United Kingdom,369,759.0
13358,269,1,389.03,2011-03-16 11:52:00,2011-03-16 11:52:00,United Kingdom,0,389.03
13359,64,2,943.3100000000001,2010-11-01 15:05:00,2011-10-07 09:30:00,United Kingdom,339,471.66
13360,432,4,1503.65,2010-01-08 11:16:00,2010-10-04 12:37:00,United Kingdom,269,375.91
13361,472,2,1450.5,2010-04-01 07:49:00,2010-08-24 14:56:00,United Kingdom,145,725.25
13362,9,7,5394.07,2010-10-10 15:27:00,2011-11-30 14:41:00,United Kingdom,415,770.58
13363,18,3,1623.86,2010-10-26 11:07:00,2011-11-22 12:40:00,United Kingdom,392,541.29
13364,71,1,134.95999999999998,2011-09-29 18:13:00,2011-09-29 18:13:00,United Kingdom,0,134.96
13365,34,2,2225.37,2011-05-06 12:00:00,2011-11-06 12:36:00,United Kingdom,184,1112.68
13366,50,1,56.160000000000004,2011-10-20 13:37:00,2011-10-20 13:37:00,United Kingdom,0,56.16
13367,432,1,460.20000000000005,2010-10-04 10:00:00,2010-10-04 10:00:00,United Kingdom,0,460.2
13368,257,4,1021.5,2010-10-12 10:43:00,2011-03-28 09:59:00,United Kingdom,166,255.38
13369,366,1,258.28000000000003,2010-12-09 11:30:00,2010-12-09 11:30:00,United Kingdom,0,258.28
13370,372,1,754.87,2010-12-03 10:26:00,2010-12-03 10:26:00,United Kingdom,0,754.87
13371,505,2,2297.66,2010-03-17 15:29:00,2010-07-22 17:33:00,United Kingdom,127,1148.83
13372,90,1,328.64,2011-09-11 12:46:00,2011-09-11 12:46:00,United Kingdom,0,328.64
13373,61,6,7587.1900000000005,2009-12-06 12:34:00,2011-10-10 10:51:00,United Kingdom,672,1264.53
13374,415,2,372.8,2010-09-16 10:29:00,2010-10-21 10:04:00,United Kingdom,34,186.4
13375,89,2,1792.23,2010-09-21 08:12:00,2011-09-12 10:19:00,United Kingdom,356,896.12
13376,99,3,869.76,2011-04-19 13:03:00,2011-09-01 16:16:00,United Kingdom,135,289.92
13377,397,2,1452.88,2010-03-04 10:06:00,2010-11-08 12:20:00,United Kingdom,249,726.44
13379,26,3,572.56,2011-07-26 12:26:00,2011-11-13 13:45:00,United Kingdom,110,190.85
13380,433,1,62.4,2010-10-03 10:18:00,2010-10-03 10:18:00,United Kingdom,0,62.4
13381,32,12,8224.37,2009-12-01 15:19:00,2011-11-08 11:58:00,United Kingdom,706,685.36
13382,281,5,1387.58,2009-12-08 09:56:00,2011-03-04 10:03:00,United Kingdom,451,277.52
13383,544,1,305.28000000000003,2010-06-14 11:45:00,2010-06-14 11:45:00,United Kingdom,0,305.28
13384,31,11,6680.83,2010-07-27 12:22:00,2011-11-09 11:04:00,United Kingdom,469,607.35
13385,330,1,534.57,2011-01-14 09:52:00,2011-01-14 09:52:00,United Kingdom,0,534.57
13386,414,2,835.46,2010-09-28 13:09:00,2010-10-21 12:52:00,United Kingdom,22,417.73
13387,417,1,181.84,2010-10-18 14:07:00,2010-10-18 14:07:00,United Kingdom,0,181.84
13388,131,3,1185.65,2010-04-15 10:18:00,2011-07-31 12:52:00,United Kingdom,472,395.22
13389,11,3,797.96,2011-04-21 12:12:00,2011-11-28 14:01:00,United Kingdom,221,265.99
13390,75,1,544.08,2011-09-26 08:38:00,2011-09-26 08:38:00,United Kingdom,0,544.08
13391,204,1,59.8,2011-05-20 10:50:00,2011-05-20 10:50:00,United Kingdom,0,59.8
13392,677,1,91.14,2010-01-31 13:34:00,2010-01-31 13:34:00,United Kingdom,0,91.14
13393,584,4,1131.45,2009-12-07 18:12:00,2010-05-05 09:34:00,United Kingdom,148,282.86
13394,2,19,6621.7,2009-12-01 11:58:00,2011-12-08 11:36:00,United Kingdom,736,348.51
13395,185,3,1180.23,2010-10-14 13:00:00,2011-06-07 15:04:00,United Kingdom,236,393.41
13396,29,2,1360.99,2011-01-24 13:37:00,2011-11-10 16:59:00,United Kingdom,290,680.5
13397,73,10,3191.87,2010-01-20 09:50:00,2011-09-28 10:56:00,United Kingdom,616,319.19
13398,192,2,670.34,2010-09-17 09:34:00,2011-05-31 13:17:00,United Kingdom,256,335.17
13399,464,3,275.4,2010-07-08 17:47:00,2010-09-01 13:59:00,United Kingdom,54,91.8
13400,583,1,310.83,2010-05-06 09:00:00,2010-05-06 09:00:00,United Kingdom,0,310.83
13402,127,4,1226.8500000000001,2010-05-24 10:56:00,2011-08-04 15:51:00,United Kingdom,437,306.71
13403,18,3,229.5,2009-12-16 13:23:00,2011-11-22 08:28:00,United Kingdom,705,76.5
13404,1,2,252.49,2011-05-11 11:57:00,2011-12-08 15:37:00,United Kingdom,211,126.24
13405,204,5,1198.81,2009-12-15 14:13:00,2011-05-19 16:31:00,United Kingdom,520,239.76
13406,427,2,568.92,2010-03-18 07:29:00,2010-10-08 14:44:00,United Kingdom,204,284.46
13407,579,3,2244.7,2010-02-16 11:13:00,2010-05-10 12:41:00,United Kingdom,83,748.23
13408,2,106,50174.78,2009-12-04 09:31:00,2011-12-08 09:05:00,United Kingdom,733,473.35
13410,24,9,2201.96,2009-12-08 13:43:00,2011-11-15 15:33:00,United Kingdom,707,244.66
13411,107,1,213.55,2011-08-24 13:57:00,2011-08-24 13:57:00,United Kingdom,0,213.55
13412,620,1,487.34999999999997,2010-03-29 16:28:00,2010-03-29 16:28:00,United Kingdom,0,487.35
13413,640,6,429.44,2010-01-21 17:43:00,2010-03-10 12:17:00,United Kingdom,47,71.57
13414,134,6,2494.14,2010-04-15 17:00:00,2011-07-29 11:45:00,United Kingdom,469,415.69
13415,473,4,784.17,2009-12-11 14:20:00,2010-08-24 11:38:00,United Kingdom,255,196.04
13416,44,3,940.8000000000001,2009-12-03 13:02:00,2011-10-27 08:56:00,United Kingdom,692,313.6
13417,5,6,1669.49,2010-02-08 12:39:00,2011-12-05 08:49:00,United Kingdom,664,278.25
13418,12,31,11559.66,2009-12-11 12:51:00,2011-11-28 10:23:00,United Kingdom,716,372.89
13419,64,1,221.06,2011-10-07 12:49:00,2011-10-07 12:49:00,United Kingdom,0,221.06
13420,150,2,159.85,2011-06-22 11:35:00,2011-07-13 08:48:00,United Kingdom,20,79.92
13421,40,8,4048.25,2010-02-14 14:45:00,2011-10-30 14:21:00,United Kingdom,622,506.03
13422,64,1,2626.3,2011-10-06 13:42:00,2011-10-06 13:42:00,United Kingdom,0,2626.3
13423,429,1,217.03,2010-10-07 09:02:00,2010-10-07 09:02:00,United Kingdom,0,217.03
13424,450,1,572.77,2010-09-16 10:49:00,2010-09-16 10:49:00,United Kingdom,0,572.77
13425,108,5,3390.4300000000003,2010-05-09 14:35:00,2011-08-23 17:13:00,United Kingdom,471,678.09
13426,1,22,8167.38,2009-12-09 15:16:00,2011-12-09 08:59:00,United Kingdom,729,371.24
13427,19,6,1006.53,2009-12-17 13:44:00,2011-11-20 13:02:00,United Kingdom,702,167.76
13428,10,3,478.54,2010-07-13 13:20:00,2011-11-29 14:20:00,United Kingdom,504,159.51
13429,11,4,1006.8,2011-09-25 15:59:00,2011-11-29 09:10:00,United Kingdom,64,251.7
13430,19,2,679.45,2011-09-14 14:26:00,2011-11-21 08:19:00,United Kingdom,67,339.72
13431,67,8,3316.24,2010-02-18 11:53:00,2011-10-03 13:49:00,United Kingdom,592,414.53
13432,571,2,436.55,2010-04-06 14:42:00,2010-05-17 13:18:00,United Kingdom,40,218.28
13433,501,4,658.3199999999999,2010-01-12 08:59:00,2010-07-26 16:55:00,United Kingdom,195,164.58
13434,74,5,1666.8600000000001,2010-02-22 09:54:00,2011-09-26 14:30:00,United Kingdom,581,333.37
13435,5,9,4447.33,2010-07-27 16:56:00,2011-12-04 14:45:00,United Kingdom,494,494.15
13436,2,1,196.89,2011-12-08 10:33:00,2011-12-08 10:33:00,United Kingdom,0,196.89
13437,14,7,3408.06,2011-06-02 14:30:00,2011-11-25 14:00:00,United Kingdom,175,486.87
13438,547,1,46.5,2010-06-10 18:46:00,2010-06-10 18:46:00,United Kingdom,0,46.5
13439,255,3,986.61,2010-07-01 14:36:00,2011-03-29 14:20:00,United Kingdom,270,328.87
13440,423,7,1295.25,2010-09-14 10:34:00,2010-10-12 13:11:00,United Kingdom,28,185.04
13441,92,2,720.9,2010-10-04 10:38:00,2011-09-09 09:38:00,United Kingdom,339,360.45
13442,667,3,419.87,2009-12-01 14:59:00,2010-02-10 14:03:00,United Kingdom,70,139.96
13443,449,6,1269.3700000000001,2010-01-31 13:30:00,2010-09-17 12:31:00,United Kingdom,228,211.56
13444,374,2,619.08,2010-07-21 14:34:00,2010-11-30 13:02:00,United Kingdom,131,309.54
13445,626,1,241.89999999999998,2010-03-23 15:34:00,2010-03-23 15:34:00,United Kingdom,0,241.9
13446,430,11,3881.89,2010-02-14 11:52:00,2010-10-05 18:51:00,United Kingdom,233,352.9
13447,23,3,1129.14,2011-11-04 10:10:00,2011-11-16 13:38:00,United Kingdom,12,376.38
13448,17,12,8386.22,2009-12-06 12:14:00,2011-11-23 12:33:00,United Kingdom,717,698.85
13449,24,1,291.88,2011-11-16 08:28:00,2011-11-16 08:28:00,United Kingdom,0,291.88
13450,27,13,4120.04,2010-04-15 19:15:00,2011-11-13 11:54:00,United Kingdom,576,316.93
13451,26,11,7088.92,2010-03-21 16:13:00,2011-11-13 15:58:00,United Kingdom,601,644.45
13452,259,3,729.8,2010-08-24 09:53:00,2011-03-25 14:19:00,United Kingdom,213,243.27
13453,166,3,781.6899999999999,2010-11-02 13:23:00,2011-06-27 09:34:00,United Kingdom,236,260.56
13454,641,1,219.87,2010-03-08 14:40:00,2010-03-08 14:40:00,United Kingdom,0,219.87
13455,25,6,2212.9900000000002,2009-12-09 08:58:00,2011-11-15 11:21:00,United Kingdom,706,368.83
13456,18,6,1766.72,2011-05-16 15:34:00,2011-11-22 09:18:00,United Kingdom,189,294.45
13457,689,2,148.22,2009-12-02 12:46:00,2010-01-20 08:48:00,United Kingdom,48,74.11
13458,7,16,11959.27,2010-11-16 14:01:00,2011-12-02 15:29:00,United Kingdom,381,747.45
13459,625,2,1160.4099999999999,2010-01-26 13:35:00,2010-03-25 10:24:00,United Kingdom,57,580.2
13460,29,2,183.44,2011-10-21 09:50:00,2011-11-10 17:17:00,United Kingdom,20,91.72
13461,39,6,4160.0,2010-04-21 16:01:00,2011-11-01 09:01:00,United Kingdom,558,693.33
13462,253,5,1153.85,2009-12-14 09:48:00,2011-04-01 11:20:00,United Kingdom,473,230.77
13464,58,6,3097.64,2010-03-31 15:22:00,2011-10-12 15:01:00,United Kingdom,559,516.27
13465,446,2,931.12,2010-05-02 15:30:00,2010-09-19 15:13:00,United Kingdom,139,465.56
13466,184,5,1013.35,2010-03-21 13:50:00,2011-06-08 16:39:00,United Kingdom,444,202.67
13467,11,2,1071.91,2011-11-03 16:56:00,2011-11-29 10:01:00,United Kingdom,25,535.96
13468,2,72,12793.28,2009-12-03 13:32:00,2011-12-08 10:39:00,United Kingdom,734,177.68
13469,653,1,82.4,2010-02-24 15:03:00,2010-02-24 15:03:00,United Kingdom,0,82.4
13470,99,2,165.0,2011-08-16 17:06:00,2011-09-01 14:57:00,United Kingdom,15,82.5
13471,1,4,2501.84,2011-10-23 13:10:00,2011-12-08 15:44:00,United Kingdom,46,625.46
13472,464,2,592.24,2010-06-02 09:48:00,2010-09-02 09:41:00,United Kingdom,91,296.12
13473,61,8,2657.7599999999998,2009-12-15 19:02:00,2011-10-10 11:20:00,United Kingdom,663,332.22
13474,236,3,646.59,2010-08-01 14:40:00,2011-04-17 13:53:00,United Kingdom,258,215.53
13475,191,4,1431.78,2011-02-14 12:36:00,2011-06-01 13:52:00,United Kingdom,107,357.94
13476,179,5,2061.4700000000003,2010-03-05 09:39:00,2011-06-14 12:00:00,United Kingdom,466,412.29
13477,38,11,2819.17,2010-01-25 11:52:00,2011-11-02 12:04:00,United Kingdom,646,256.29
13478,469,5,2215.78,2010-01-31 15:51:00,2010-08-27 13:23:00,United Kingdom,207,443.16
13479,201,4,851.37,2010-08-19 16:18:00,2011-05-23 10:45:00,United Kingdom,276,212.84
13480,417,2,627.82,2010-01-29 12:35:00,2010-10-19 11:53:00,United Kingdom,262,313.91
13481,46,11,3830.84,2009-12-04 12:37:00,2011-10-25 09:07:00,United Kingdom,689,348.26
13482,232,2,336.09,2010-03-22 10:31:00,2011-04-21 17:03:00,United Kingdom,395,168.04
13483,66,1,140.34,2011-10-05 11:53:00,2011-10-05 11:53:00,United Kingdom,0,140.34
13484,241,3,790.72,2010-03-10 11:46:00,2011-04-12 16:30:00,United Kingdom,398,263.57
13485,233,11,3015.2200000000003,2009-12-03 13:46:00,2011-04-20 13:58:00,United Kingdom,503,274.11
13486,78,3,1122.41,2011-07-07 17:19:00,2011-09-22 13:13:00,United Kingdom,76,374.14
13487,58,5,846.87,2009-12-05 10:25:00,2011-10-13 12:07:00,United Kingdom,677,169.37
13488,17,23,14205.96,2010-01-25 10:13:00,2011-11-22 14:41:00,United Kingdom,666,617.65
13489,105,4,449.52,2011-02-18 10:42:00,2011-08-26 13:16:00,United Kingdom,189,112.38
13490,654,1,154.25,2010-02-23 14:48:00,2010-02-23 14:48:00,United Kingdom,0,154.25
13491,52,27,4467.66,2009-12-07 08:24:00,2011-10-19 08:32:00,United Kingdom,681,165.47
13492,136,3,1269.84,2011-05-09 10:06:00,2011-07-26 14:25:00,Switzerland,78,423.28
13493,275,2,498.63,2011-02-25 16:42:00,2011-03-09 15:35:00,Switzerland,11,249.32
13494,312,1,316.26000000000005,2011-02-01 11:58:00,2011-02-01 11:58:00,United Kingdom,0,316.26
13495,8,10,4863.31,2009-12-07 12:12:00,2011-12-02 11:21:00,United Kingdom,724,486.33
13496,11,2,653.33,2010-12-15 10:17:00,2011-11-29 10:58:00,United Kingdom,349,326.67
13497,283,6,1166.83,2010-02-08 10:27:00,2011-03-02 09:04:00,United Kingdom,386,194.47
13498,730,1,327.38,2009-12-09 15:26:00,2009-12-09 15:26:00,United Kingdom,0,327.38
13499,18,5,1159.11,2011-03-15 08:52:00,2011-11-22 11:21:00,United Kingdom,252,231.82
13500,23,4,1466.3,2010-11-03 13:16:00,2011-11-16 15:35:00,United Kingdom,378,366.58
13501,288,3,2885.11,2010-05-18 13:24:00,2011-02-24 18:59:00,Switzerland,282,961.7
13502,17,5,780.5,2010-06-09 10:52:00,2011-11-23 10:39:00,United Kingdom,531,156.1
13503,71,5,1778.04,2010-02-16 13:49:00,2011-09-29 13:23:00,United Kingdom,589,355.61
13504,64,1,295.93,2011-10-06 13:20:00,2011-10-06 13:20:00,United Kingdom,0,295.93
13505,73,4,3633.63,2011-04-21 12:07:00,2011-09-28 11:56:00,Switzerland,159,908.41
13506,316,5,1338.08,2010-09-05 12:33:00,2011-01-27 13:53:00,United Kingdom,144,267.62
13507,3,4,2479.16,2011-07-17 11:50:00,2011-12-06 13:13:00,United Kingdom,142,619.79
13508,244,2,287.05,2010-03-07 11:58:00,2011-04-10 11:58:00,United Kingdom,399,143.52
13509,9,7,1099.72,2010-07-20 12:10:00,2011-12-01 10:10:00,United Kingdom,498,157.1
13510,1,11,4558.29,2009-12-21 11:53:00,2011-12-08 13:46:00,United Kingdom,717,414.39
13511,677,1,282.76,2010-02-01 12:10:00,2010-02-01 12:10:00,United Kingdom,0,282.76
13512,261,4,713.39,2010-05-05 13:22:00,2011-03-24 10:03:00,United Kingdom,322,178.35
13513,127,3,824.59,2010-02-22 16:36:00,2011-08-05 11:50:00,United Kingdom,528,274.86
13514,74,4,815.9000000000001,2010-01-26 15:11:00,2011-09-27 09:39:00,United Kingdom,608,203.98
13515,73,6,1265.82,2010-03-05 11:58:00,2011-09-28 11:26:00,United Kingdom,571,210.97
13516,21,4,1685.26,2010-10-18 08:52:00,2011-11-18 13:15:00,United Kingdom,396,421.32
13517,60,3,2128.42,2011-06-13 08:44:00,2011-10-11 11:43:00,United Kingdom,120,709.47
13518,86,1,627.16,2011-09-15 10:29:00,2011-09-15 10:29:00,United Kingdom,0,627.16
13519,78,2,343.21,2010-09-23 11:45:00,2011-09-22 18:24:00,United Kingdom,364,171.6
13520,59,11,5446.0,2009-12-17 11:11:00,2011-10-12 10:20:00,Switzerland,663,495.09
13521,1,3,1070.47,2011-11-29 15:09:00,2011-12-08 13:50:00,United Kingdom,8,356.82
13522,30,1,125.80000000000001,2011-11-09 15:11:00,2011-11-09 15:11:00,United Kingdom,0,125.8
13523,33,6,4534.57,2010-11-02 14:55:00,2011-11-06 15:11:00,United Kingdom,369,755.76
13524,41,5,680.1800000000001,2011-05-04 12:26:00,2011-10-30 12:34:00,United Kingdom,179,136.04
13525,15,2,628.78,2011-04-05 15:36:00,2011-11-25 12:01:00,United Kingdom,233,314.39
13526,738,2,1182.0,2009-12-01 12:56:00,2009-12-01 13:13:00,United Kingdom,0,591.0
13527,34,12,4541.29,2010-01-21 12:37:00,2011-11-06 12:04:00,United Kingdom,653,378.44
13529,79,2,307.76,2011-05-19 11:50:00,2011-09-22 09:15:00,United Kingdom,125,153.88
13530,634,1,402.97999999999996,2010-03-15 14:10:00,2010-03-15 14:10:00,United Kingdom,0,402.98
13531,205,6,1433.07,2009-12-03 15:20:00,2011-05-18 16:56:00,United Kingdom,531,238.84
13532,34,1,210.31,2011-11-06 12:25:00,2011-11-06 12:25:00,United Kingdom,0,210.31
13533,183,3,269.09,2011-03-17 12:47:00,2011-06-10 11:54:00,United Kingdom,84,89.7
13534,2,35,7720.9,2010-07-07 15:00:00,2011-12-07 14:52:00,United Kingdom,517,220.6
13535,403,1,89.5,2010-11-02 11:49:00,2010-11-02 11:49:00,United Kingdom,0,89.5
13536,1,7,3444.39,2011-09-25 13:30:00,2011-12-08 16:38:00,United Kingdom,74,492.06
13537,426,2,717.85,2010-09-14 10:41:00,2010-10-10 12:45:00,United Kingdom,26,358.92
13538,43,12,3103.13,2010-02-02 12:47:00,2011-10-27 16:34:00,United Kingdom,632,258.59
13539,86,7,1569.3600000000001,2010-04-28 12:04:00,2011-09-15 10:18:00,United Kingdom,504,224.19
13540,467,3,632.39,2010-02-22 09:22:00,2010-08-29 14:20:00,United Kingdom,188,210.8
13541,427,2,785.25,2010-05-18 16:15:00,2010-10-08 16:37:00,United Kingdom,143,392.62
13542,377,17,3959.4900000000002,2009-12-10 19:53:00,2010-11-28 11:24:00,United Kingdom,352,232.91
13543,634,2,1439.6100000000001,2010-01-21 14:30:00,2010-03-15 13:34:00,United Kingdom,52,719.8
13544,40,6,790.2,2010-03-05 11:31:00,2011-10-31 11:57:00,United Kingdom,605,131.7
13545,391,2,364.93,2010-06-13 11:49:00,2010-11-14 11:27:00,United Kingdom,153,182.46
13546,12,5,1086.24,2010-10-11 17:23:00,2011-11-27 14:50:00,United Kingdom,411,217.25
13547,408,1,164.53,2010-10-27 14:14:00,2010-10-27 14:14:00,United Kingdom,0,164.53
13548,96,3,901.44,2010-08-25 13:44:00,2011-09-04 14:50:00,United Kingdom,375,300.48
13549,26,8,1005.8,2010-11-17 12:17:00,2011-11-14 09:20:00,United Kingdom,361,125.72
13550,383,1,342.55,2010-11-21 15:24:00,2010-11-21 15:24:00,United Kingdom,0,342.55
13551,319,2,244.2,2010-02-11 15:01:00,2011-01-24 14:46:00,United Kingdom,346,122.1
13552,66,22,6948.92,2010-02-19 13:28:00,2011-10-04 15:19:00,United Kingdom,592,315.86
13553,675,1,499.6,2010-02-03 12:21:00,2010-02-03 12:21:00,United Kingdom,0,499.6
13554,380,7,1629.35,2010-09-19 12:39:00,2010-11-24 15:05:00,United Kingdom,66,232.76
13555,74,13,8891.84,2010-01-19 13:20:00,2011-09-27 12:36:00,United Kingdom,615,683.99
13556,429,2,200.82,2010-09-30 09:01:00,2010-10-06 16:44:00,United Kingdom,6,100.41
13557,28,13,3032.26,2009-12-08 17:41:00,2011-11-11 15:24:00,United Kingdom,702,233.25
13558,6,4,594.52,2011-10-02 13:01:00,2011-12-04 11:24:00,United Kingdom,62,148.63
13559,513,2,990.0,2010-06-14 11:52:00,2010-07-15 09:52:00,United Kingdom,30,495.0
13560,7,1,171.42000000000002,2011-12-02 13:11:00,2011-12-02 13:11:00,United Kingdom,0,171.42
13561,216,11,1803.4,2010-02-28 13:42:00,2011-05-08 12:39:00,United Kingdom,433,163.95
13562,82,8,4838.18,2010-01-14 16:33:00,2011-09-19 10:51:00,United Kingdom,612,604.77
13563,84,2,777.53,2011-07-22 17:21:00,2011-09-16 14:45:00,United Kingdom,55,388.76
13564,354,36,15880.22,2009-12-02 11:55:00,2010-12-20 16:50:00,United Kingdom,383,441.12
13565,19,3,414.8,2010-10-24 15:51:00,2011-11-20 14:33:00,United Kingdom,391,138.27
13566,41,5,1684.75,2010-03-10 12:22:00,2011-10-30 11:59:00,United Kingdom,598,336.95
13567,428,4,1079.29,2010-06-16 12:48:00,2010-10-07 12:51:00,United Kingdom,113,269.82
13568,173,1,187.05,2011-06-19 14:42:00,2011-06-19 14:42:00,United Kingdom,0,187.05
13569,17,4,725.04,2010-10-07 13:05:00,2011-11-22 13:07:00,United Kingdom,411,181.26
13570,243,1,239.49,2011-04-10 13:36:00,2011-04-10 13:36:00,United Kingdom,0,239.49
13571,13,26,4537.26,2009-12-08 13:02:00,2011-11-27 10:47:00,United Kingdom,718,174.51
13572,206,1,1384.25,2011-05-18 11:59:00,2011-05-18 11:59:00,United Kingdom,0,1384.25
13573,50,6,903.07,2010-03-12 16:06:00,2011-10-20 14:33:00,United Kingdom,586,150.51
13574,411,1,404.45,2010-10-24 13:28:00,2010-10-24 13:28:00,United Kingdom,0,404.45
13575,23,5,732.0699999999999,2011-06-16 14:24:00,2011-11-16 13:14:00,United Kingdom,152,146.41
13576,10,28,11202.59,2009-12-08 15:12:00,2011-11-29 15:34:00,United Kingdom,721,400.09
13577,25,11,3484.28,2009-12-14 16:10:00,2011-11-14 15:19:00,United Kingdom,699,316.75
13578,409,1,147.66,2010-10-26 13:44:00,2010-10-26 13:44:00,United Kingdom,0,147.66
13579,15,5,1374.34,2010-02-18 13:53:00,2011-11-25 08:41:00,United Kingdom,644,274.87
13580,406,1,107.75,2010-10-29 15:01:00,2010-10-29 15:01:00,United Kingdom,0,107.75
13581,309,2,280.53000000000003,2010-10-21 16:30:00,2011-02-03 14:41:00,United Kingdom,104,140.27
13582,390,2,241.68,2010-04-01 11:38:00,2010-11-15 11:34:00,United Kingdom,227,120.84
13583,156,2,1445.03,2010-01-29 13:53:00,2011-07-07 10:40:00,United Kingdom,523,722.52
13584,307,3,385.7,2010-02-02 08:40:00,2011-02-06 12:49:00,United Kingdom,369,128.57
13585,531,3,684.54,2009-12-01 14:56:00,2010-06-27 12:33:00,United Kingdom,207,228.18
13586,541,1,127.28,2010-06-16 13:47:00,2010-06-16 13:47:00,United Kingdom,0,127.28
13587,64,4,1673.5,2010-02-14 13:17:00,2011-10-07 12:31:00,United Kingdom,599,418.38
13588,16,9,2478.95,2011-03-29 15:53:00,2011-11-24 10:42:00,United Kingdom,239,275.44
13589,15,6,1120.74,2009-12-06 10:26:00,2011-11-25 12:10:00,United Kingdom,719,186.79
13590,11,18,6336.04,2009-12-01 13:37:00,2011-11-28 12:54:00,United Kingdom,726,352.0
13591,65,7,2093.94,2009-12-14 15:44:00,2011-10-06 12:26:00,United Kingdom,660,299.13
13592,36,4,247.95999999999998,2011-03-20 14:01:00,2011-11-04 09:49:00,United Kingdom,228,61.99
13593,108,14,5493.29,2010-03-02 16:36:00,2011-08-23 13:35:00,United Kingdom,538,392.38
13594,53,2,533.32,2010-08-11 10:23:00,2011-10-18 10:19:00,United Kingdom,432,266.66
13595,517,3,784.48,2010-03-03 14:42:00,2010-07-11 12:36:00,United Kingdom,129,261.49
13596,6,2,664.11,2011-11-27 11:57:00,2011-12-04 12:01:00,United Kingdom,7,332.06
13597,400,2,396.71,2010-11-02 09:30:00,2010-11-04 14:54:00,United Kingdom,2,198.36
13598,47,5,761.96,2010-02-26 11:22:00,2011-10-23 14:28:00,United Kingdom,604,152.39
13599,1,33,9811.04,2009-12-01 12:30:00,2011-12-08 16:10:00,United Kingdom,737,297.3
13600,312,2,518.42,2010-03-15 17:16:00,2011-01-31 15:27:00,United Kingdom,321,259.21
13601,45,4,1159.99,2010-06-11 15:03:00,2011-10-25 17:31:00,United Kingdom,501,290.0
13602,65,4,1025.17,2010-05-28 11:49:00,2011-10-06 11:47:00,United Kingdom,495,256.29
13603,26,1,164.34,2011-11-13 15:57:00,2011-11-13 15:57:00,United Kingdom,0,164.34
13604,659,1,717.62,2010-02-19 12:02:00,2010-02-19 12:02:00,United Kingdom,0,717.62
13605,387,2,522.67,2010-05-17 15:46:00,2010-11-17 17:16:00,United Kingdom,184,261.33
13606,29,3,276.75,2011-02-01 11:42:00,2011-11-10 17:46:00,United Kingdom,282,92.25
13607,40,2,1075.81,2010-11-02 11:48:00,2011-10-30 16:17:00,United Kingdom,362,537.9
13608,541,1,232.05,2010-06-17 12:28:00,2010-06-17 12:28:00,United Kingdom,0,232.05
13609,593,1,167.35,2010-04-25 13:26:00,2010-04-25 13:26:00,United Kingdom,0,167.35
13610,12,14,2102.46,2010-01-05 14:12:00,2011-11-27 15:38:00,United Kingdom,691,150.18
13611,89,10,3297.9300000000003,2009-12-03 07:57:00,2011-09-11 14:51:00,United Kingdom,647,329.79
13612,633,1,818.29,2010-03-17 12:14:00,2010-03-17 12:14:00,United Kingdom,0,818.29
13613,453,5,1039.8500000000001,2010-02-17 12:40:00,2010-09-13 12:01:00,United Kingdom,207,207.97
13614,24,6,2332.74,2010-06-06 13:42:00,2011-11-15 14:47:00,United Kingdom,527,388.79
13615,319,8,6272.53,2010-01-28 15:43:00,2011-01-25 08:21:00,United Kingdom,361,784.07
13616,568,2,283.85,2010-01-17 14:56:00,2010-05-20 12:59:00,United Kingdom,122,141.93
13617,40,8,1278.75,2010-08-01 15:23:00,2011-10-30 13:50:00,United Kingdom,454,159.84
13618,174,1,177.34,2011-06-19 11:09:00,2011-06-19 11:09:00,United Kingdom,0,177.34
13619,545,2,223.44,2010-02-03 14:16:00,2010-06-13 11:39:00,United Kingdom,129,111.72
13620,528,1,112.34,2010-06-29 15:02:00,2010-06-29 15:02:00,United Kingdom,0,112.34
13621,117,1,213.85,2011-08-15 08:26:00,2011-08-15 08:26:00,United Kingdom,0,213.85
13622,696,1,658.95,2010-01-12 13:22:00,2010-01-12 13:22:00,United Kingdom,0,658.95
13623,31,10,2533.06,2009-12-02 13:57:00,2011-11-09 12:00:00,United Kingdom,706,253.31
13624,388,1,462.08,2010-11-16 13:43:00,2010-11-16 13:43:00,United Kingdom,0,462.08
13625,597,1,301.26,2010-04-22 10:50:00,2010-04-22 10:50:00,United Kingdom,0,301.26
13626,253,2,707.04,2010-11-25 16:12:00,2011-04-01 10:05:00,United Kingdom,126,353.52
13627,59,7,2245.9,2010-03-09 14:03:00,2011-10-11 14:20:00,United Kingdom,581,320.84
13628,676,1,310.14,2010-02-01 14:44:00,2010-02-01 14:44:00,United Kingdom,0,310.14
13629,23,19,13370.86,2010-02-11 17:34:00,2011-11-16 13:21:00,United Kingdom,642,703.73
13630,5,7,2031.78,2011-02-27 12:49:00,2011-12-04 15:16:00,United Kingdom,280,290.25
13631,100,11,3070.42,2011-03-17 17:13:00,2011-09-01 09:57:00,United Kingdom,167,279.13
13632,25,8,3645.81,2010-04-07 10:59:00,2011-11-15 10:51:00,United Kingdom,586,455.73
13634,33,15,4988.08,2010-01-10 14:26:00,2011-11-06 13:40:00,United Kingdom,664,332.54
13635,68,4,2999.16,2009-12-01 09:46:00,2011-10-03 10:55:00,United Kingdom,671,749.79
13636,37,5,949.12,2011-02-27 14:29:00,2011-11-03 10:30:00,United Kingdom,248,189.82
13637,52,3,803.05,2011-04-27 13:06:00,2011-10-18 13:32:00,United Kingdom,174,267.68
13638,16,1,122.64,2011-11-24 10:38:00,2011-11-24 10:38:00,United Kingdom,0,122.64
13639,74,2,1346.27,2010-09-29 10:05:00,2011-09-26 13:36:00,United Kingdom,362,673.14
13640,611,1,405.0,2010-04-07 15:33:00,2010-04-07 15:33:00,United Kingdom,0,405.0
13641,641,4,942.37,2009-12-05 13:17:00,2010-03-09 07:37:00,United Kingdom,93,235.59
13642,216,4,472.2,2010-10-03 12:23:00,2011-05-08 12:34:00,United Kingdom,217,118.05
13643,31,10,2156.77,2009-12-08 12:48:00,2011-11-08 15:37:00,United Kingdom,700,215.68
13644,16,4,2624.26,2011-08-26 11:53:00,2011-11-23 14:07:00,United Kingdom,89,656.06
13645,120,1,252.1,2011-08-11 16:11:00,2011-08-11 16:11:00,United Kingdom,0,252.1
13646,400,2,326.25,2010-11-05 12:00:00,2010-11-05 12:13:00,United Kingdom,0,163.12
13647,10,8,3041.68,2010-04-15 12:55:00,2011-11-30 12:00:00,United Kingdom,593,380.21
13648,400,8,1759.07,2009-12-01 18:13:00,2010-11-04 14:46:00,United Kingdom,337,219.88
13649,257,6,1453.68,2010-06-30 16:35:00,2011-03-28 11:51:00,United Kingdom,270,242.28
13650,17,10,3288.0,2010-01-26 08:44:00,2011-11-23 12:22:00,United Kingdom,666,328.8
13651,40,2,211.85,2010-11-23 09:44:00,2011-10-31 12:11:00,United Kingdom,342,105.92
13652,46,5,2262.05,2010-02-25 17:37:00,2011-10-25 08:51:00,United Kingdom,606,452.41
13653,488,1,152.2,2010-08-09 08:19:00,2010-08-09 08:19:00,United Kingdom,0,152.2
13654,43,11,6308.0,2009-12-02 11:43:00,2011-10-27 16:24:00,United Kingdom,694,573.45
13655,114,6,2280.51,2010-04-27 09:59:00,2011-08-17 14:25:00,United Kingdom,477,380.08
13656,165,4,1078.85,2010-04-23 12:50:00,2011-06-28 10:31:00,United Kingdom,430,269.71
13657,11,2,382.14,2011-05-22 12:35:00,2011-11-29 12:32:00,United Kingdom,190,191.07
13658,10,9,6025.5,2010-02-05 13:17:00,2011-11-30 10:13:00,United Kingdom,662,669.5
13659,206,12,4884.68,2010-02-17 09:05:00,2011-05-18 12:37:00,United Kingdom,455,407.06
13660,400,1,306.64,2010-11-04 16:10:00,2010-11-04 16:10:00,United Kingdom,0,306.64
13661,603,1,325.24,2010-04-15 14:58:00,2010-04-15 14:58:00,United Kingdom,0,325.24
13662,86,11,2233.61,2010-02-19 13:21:00,2011-09-15 12:04:00,United Kingdom,572,203.06
13663,179,5,2047.51,2010-03-03 10:11:00,2011-06-13 15:44:00,United Kingdom,467,409.5
13665,386,3,1711.6599999999999,2010-07-23 13:29:00,2010-11-18 13:06:00,United Kingdom,117,570.55
13666,60,5,127.05,2009-12-04 10:48:00,2011-10-10 15:39:00,United Kingdom,675,25.41
13667,149,1,299.05,2011-07-13 15:42:00,2011-07-13 15:42:00,United Kingdom,0,299.05
13668,3,35,12948.48,2009-12-11 14:28:00,2011-12-07 12:11:00,United Kingdom,725,369.96
13669,51,3,413.55,2010-10-28 15:05:00,2011-10-20 09:32:00,United Kingdom,356,137.85
13670,75,1,349.7,2011-09-25 15:25:00,2011-09-25 15:25:00,United Kingdom,0,349.7
13671,395,1,172.6,2010-11-10 10:50:00,2010-11-10 10:50:00,United Kingdom,0,172.6
13672,301,3,419.92,2009-12-09 11:40:00,2011-02-11 13:53:00,United Kingdom,429,139.97
13673,19,2,387.44,2011-11-07 15:40:00,2011-11-21 12:11:00,United Kingdom,13,193.72
13674,433,1,240.68,2010-10-03 10:41:00,2010-10-03 10:41:00,United Kingdom,0,240.68
13675,151,2,486.82000000000005,2011-02-28 12:14:00,2011-07-11 12:57:00,United Kingdom,133,243.41
13676,539,2,243.9,2010-03-30 16:53:00,2010-06-18 17:30:00,United Kingdom,80,121.95
13677,405,2,551.24,2010-07-07 17:25:00,2010-10-31 11:32:00,United Kingdom,115,275.62
13678,152,1,232.6,2011-07-11 10:14:00,2011-07-11 10:14:00,United Kingdom,0,232.6
13679,494,3,281.26,2009-12-04 16:52:00,2010-08-03 12:13:00,United Kingdom,241,93.75
13680,1,12,11419.67,2009-12-04 14:14:00,2011-12-08 13:47:00,United Kingdom,733,951.64
13681,18,4,827.83,2011-07-07 15:21:00,2011-11-22 11:13:00,United Kingdom,137,206.96
13682,187,1,59.5,2011-06-05 14:06:00,2011-06-05 14:06:00,United Kingdom,0,59.5
13683,458,1,258.6,2010-09-08 10:00:00,2010-09-08 10:00:00,United Kingdom,0,258.6
13684,286,4,594.88,2010-03-28 14:48:00,2011-02-27 10:13:00,United Kingdom,335,148.72
13685,3,7,3119.44,2011-10-10 12:59:00,2011-12-07 11:41:00,United Kingdom,57,445.63
13686,183,3,409.04,2010-11-03 13:44:00,2011-06-10 09:10:00,United Kingdom,218,136.35
13687,438,1,11880.84,2010-09-27 16:30:00,2010-09-27 16:30:00,United Kingdom,0,11880.84
13688,635,1,375.5,2010-03-14 14:11:00,2010-03-14 14:11:00,United Kingdom,0,375.5
13689,63,2,1259.5,2010-09-21 10:27:00,2011-10-07 13:21:00,United Kingdom,381,629.75
13690,59,1,172.25,2011-10-11 15:03:00,2011-10-11 15:03:00,United Kingdom,0,172.25
13691,396,1,210.78,2010-11-08 17:34:00,2010-11-08 17:34:00,United Kingdom,0,210.78
13692,25,5,3114.4,2010-10-15 13:28:00,2011-11-15 11:17:00,United Kingdom,395,622.88
13693,374,9,2011.82,2009-12-07 11:29:00,2010-11-30 18:21:00,United Kingdom,358,223.54
13694,4,143,195640.69,2009-12-04 15:26:00,2011-12-06 09:32:00,United Kingdom,731,1368.12
13695,31,16,2770.73,2010-05-11 11:07:00,2011-11-08 14:26:00,United Kingdom,546,173.17
13696,422,3,2020.4,2010-02-11 14:17:00,2010-10-14 09:44:00,United Kingdom,244,673.47
13697,39,1,151.29999999999998,2011-11-01 09:14:00,2011-11-01 09:14:00,United Kingdom,0,151.3
13698,597,2,451.73,2010-01-27 09:02:00,2010-04-22 11:52:00,United Kingdom,85,225.86
13699,155,2,764.15,2010-06-07 13:03:00,2011-07-07 16:51:00,United Kingdom,395,382.08
13700,26,13,2596.9700000000003,2010-02-07 10:53:00,2011-11-13 13:00:00,United Kingdom,644,199.77
13701,447,1,161.0,2010-09-19 12:39:00,2010-09-19 12:39:00,United Kingdom,0,161.0
13702,446,1,135.18,2010-09-20 11:40:00,2010-09-20 11:40:00,United Kingdom,0,135.18
13703,318,2,425.56,2010-10-20 13:11:00,2011-01-25 13:10:00,United Kingdom,96,212.78
13704,5,9,2308.06,2011-09-12 14:40:00,2011-12-04 15:13:00,United Kingdom,83,256.45
13705,8,7,1717.19,2010-03-25 17:19:00,2011-12-02 12:32:00,United Kingdom,616,245.31
13706,303,2,631.17,2010-03-23 09:18:00,2011-02-10 09:21:00,United Kingdom,324,315.58
13707,267,5,3365.86,2010-06-21 11:57:00,2011-03-17 18:03:00,United Kingdom,269,673.17
13708,271,1,283.33,2011-03-13 13:46:00,2011-03-13 13:46:00,United Kingdom,0,283.33
13709,4,18,7571.35,2010-01-11 10:40:00,2011-12-06 10:28:00,United Kingdom,693,420.63
13710,32,3,509.52,2010-04-06 12:54:00,2011-11-08 08:16:00,United Kingdom,580,169.84
13711,219,9,1792.26,2009-12-15 19:04:00,2011-05-05 10:31:00,United Kingdom,505,199.14
13712,247,2,766.42,2010-04-08 11:16:00,2011-04-07 12:33:00,United Kingdom,364,383.21
13713,408,3,740.76,2010-05-05 16:48:00,2010-10-27 16:18:00,United Kingdom,174,246.92
13714,465,1,161.35,2010-08-31 13:57:00,2010-08-31 13:57:00,United Kingdom,0,161.35
13715,281,17,8153.04,2010-03-11 15:33:00,2011-03-03 19:21:00,United Kingdom,357,479.59
13716,269,1,138.28,2011-03-15 13:49:00,2011-03-15 13:49:00,United Kingdom,0,138.28
13717,32,8,1763.3,2010-08-11 09:40:00,2011-11-07 14:13:00,United Kingdom,453,220.41
13718,246,2,306.55,2011-02-17 11:58:00,2011-04-07 13:24:00,United Kingdom,49,153.28
13719,15,11,2782.1,2010-05-17 14:36:00,2011-11-24 15:26:00,United Kingdom,556,252.92
13720,117,4,799.9,2011-03-30 09:17:00,2011-08-15 12:46:00,United Kingdom,138,199.98
13721,36,2,741.54,2010-11-09 17:59:00,2011-11-03 14:05:00,United Kingdom,358,370.77
13722,132,10,5635.41,2010-03-03 14:13:00,2011-07-31 12:44:00,United Kingdom,514,563.54
13723,217,6,1194.08,2010-04-07 14:32:00,2011-05-06 17:04:00,United Kingdom,394,199.01
13724,637,1,213.01,2010-03-12 15:28:00,2010-03-12 15:28:00,United Kingdom,0,213.01
13725,50,8,1980.56,2011-02-04 12:18:00,2011-10-21 10:03:00,United Kingdom,258,247.57
13726,39,2,1079.6599999999999,2011-08-31 11:06:00,2011-11-01 10:49:00,United Kingdom,61,539.83
13727,29,8,1074.15,2009-12-09 13:25:00,2011-11-11 09:46:00,United Kingdom,701,134.27
13728,37,16,2855.17,2009-12-09 17:13:00,2011-11-03 10:49:00,United Kingdom,693,178.45
13729,436,3,724.73,2010-01-24 14:57:00,2010-09-30 10:44:00,United Kingdom,248,241.58
13730,136,2,752.6,2011-07-01 12:47:00,2011-07-27 08:35:00,United Kingdom,25,376.3
13731,219,2,610.59,2011-04-07 10:10:00,2011-05-04 14:33:00,United Kingdom,27,305.3
13732,28,1,491.86,2011-11-11 15:49:00,2011-11-11 15:49:00,United Kingdom,0,491.86
13733,411,2,487.03000000000003,2009-12-04 15:28:00,2010-10-25 12:18:00,United Kingdom,324,243.52
13734,509,4,6695.6900000000005,2010-04-16 08:42:00,2010-07-19 12:04:00,United Kingdom,94,1673.92
13735,25,13,9762.77,2009-12-13 13:31:00,2011-11-15 11:14:00,United Kingdom,701,750.98
13736,5,7,2752.47,2009-12-06 12:07:00,2011-12-04 15:19:00,United Kingdom,728,393.21
13737,200,1,339.59999999999997,2011-05-23 16:32:00,2011-05-23 16:32:00,United Kingdom,0,339.6
13738,396,1,434.78000000000003,2010-11-08 15:23:00,2010-11-08 15:23:00,United Kingdom,0,434.78
13739,18,2,292.2,2010-06-30 10:25:00,2011-11-21 13:35:00,United Kingdom,509,146.1
13740,241,5,1582.77,2009-12-02 12:22:00,2011-04-13 10:32:00,United Kingdom,496,316.55
13741,72,3,668.4300000000001,2011-05-06 13:43:00,2011-09-29 09:19:00,United Kingdom,145,222.81
13742,17,12,3107.87,2011-01-23 14:59:00,2011-11-23 11:07:00,United Kingdom,303,258.99
13743,3,7,1341.6,2011-03-25 14:46:00,2011-12-07 10:09:00,United Kingdom,256,191.66
13744,95,2,1080.52,2011-02-20 14:08:00,2011-09-05 15:19:00,United Kingdom,197,540.26
13745,162,2,777.36,2010-06-11 17:19:00,2011-06-30 16:43:00,United Kingdom,383,388.68
13746,414,1,176.69,2010-10-22 11:55:00,2010-10-22 11:55:00,United Kingdom,0,176.69
13747,374,2,169.79999999999998,2010-10-11 09:15:00,2010-12-01 10:37:00,United Kingdom,51,84.9
13748,96,9,2064.35,2009-12-01 16:44:00,2011-09-05 09:45:00,United Kingdom,642,229.37
13750,54,11,3602.1800000000003,2010-04-01 14:49:00,2011-10-17 12:16:00,United Kingdom,563,327.47
13751,288,1,296.25,2011-02-24 15:56:00,2011-02-24 15:56:00,United Kingdom,0,296.25
13752,124,7,1579.8300000000002,2010-06-30 10:23:00,2011-08-07 14:16:00,United Kingdom,403,225.69
13753,288,4,2094.57,2009-12-03 10:20:00,2011-02-25 12:48:00,United Kingdom,449,523.64
13754,152,3,447.05,2010-09-28 15:29:00,2011-07-11 11:51:00,United Kingdom,285,149.02
13755,4,9,2108.06,2011-10-07 15:45:00,2011-12-06 12:26:00,United Kingdom,59,234.23
13756,2,23,8655.95,2009-12-15 15:18:00,2011-12-07 16:44:00,United Kingdom,722,376.35
13757,675,1,195.55,2010-02-03 12:37:00,2010-02-03 12:37:00,United Kingdom,0,195.55
13758,12,14,8595.29,2009-12-01 10:06:00,2011-11-28 11:11:00,United Kingdom,727,613.95
13759,33,2,659.4100000000001,2011-09-29 15:40:00,2011-11-06 14:47:00,United Kingdom,37,329.71
13760,54,5,1363.6399999999999,2010-04-25 13:10:00,2011-10-16 16:13:00,United Kingdom,539,272.73
13761,50,6,1952.17,2010-02-21 11:08:00,2011-10-20 14:01:00,United Kingdom,606,325.36
13762,219,5,2472.48,2010-01-10 12:13:00,2011-05-05 09:15:00,United Kingdom,479,494.5
13763,63,3,5217.4400000000005,2010-09-30 17:39:00,2011-10-07 15:13:00,United Kingdom,371,1739.15
13764,71,6,2908.67,2010-03-07 12:56:00,2011-09-30 12:03:00,United Kingdom,571,484.78
13765,653,1,352.82,2010-02-24 13:46:00,2010-02-24 13:46:00,United Kingdom,0,352.82
13766,495,1,190.35,2010-08-01 14:25:00,2010-08-01 14:25:00,United Kingdom,0,190.35
13767,2,73,33903.57,2009-12-01 10:52:00,2011-12-07 15:00:00,United Kingdom,736,464.43
13768,727,2,875.97,2009-12-09 10:25:00,2009-12-13 10:41:00,United Kingdom,4,437.98
13769,2,20,5478.12,2009-12-16 11:59:00,2011-12-07 15:08:00,United Kingdom,721,273.91
13770,422,4,785.37,2009-12-09 14:44:00,2010-10-13 15:10:00,United Kingdom,308,196.34
13771,64,9,5728.82,2010-02-25 12:37:00,2011-10-06 14:18:00,United Kingdom,588,636.54
13772,34,8,3100.02,2010-02-23 13:55:00,2011-11-06 11:43:00,United Kingdom,620,387.5
13773,397,2,301.54,2010-02-18 10:27:00,2010-11-08 11:49:00,United Kingdom,263,150.77
13774,82,1,345.0,2011-09-19 12:06:00,2011-09-19 12:06:00,United Kingdom,0,345.0
13775,591,1,1049.66,2010-04-28 12:15:00,2010-04-28 12:15:00,United Kingdom,0,1049.66
13777,1,61,49638.26,2009-12-02 09:47:00,2011-12-09 12:25:00,United Kingdom,737,813.74
13778,103,4,1124.49,2010-05-23 13:34:00,2011-08-28 15:25:00,United Kingdom,462,281.12
13779,516,1,161.13,2010-07-12 11:24:00,2010-07-12 11:24:00,United Kingdom,0,161.13
13780,7,3,732.07,2010-10-28 19:51:00,2011-12-02 13:49:00,United Kingdom,399,244.02
13781,251,3,778.83,2009-12-18 15:46:00,2011-04-03 12:08:00,United Kingdom,470,259.61
13782,13,13,1786.08,2009-12-06 12:52:00,2011-11-27 11:54:00,United Kingdom,720,137.39
13783,488,4,1542.09,2010-02-04 13:47:00,2010-08-09 09:23:00,United Kingdom,185,385.52
13784,10,14,2910.23,2010-09-15 12:27:00,2011-11-30 09:33:00,United Kingdom,440,207.87
13785,429,4,542.49,2010-09-05 16:01:00,2010-10-07 09:25:00,United Kingdom,31,135.62
13786,367,6,3127.99,2009-12-03 15:32:00,2010-12-07 13:53:00,United Kingdom,368,521.33
13787,76,6,1222.5,2010-01-14 10:13:00,2011-09-25 12:06:00,United Kingdom,619,203.75
13788,505,1,3.75,2010-07-22 15:50:00,2010-07-22 15:50:00,United Kingdom,0,3.75
13789,388,1,239.45999999999998,2010-11-16 15:31:00,2010-11-16 15:31:00,United Kingdom,0,239.46
13790,4,1,348.8,2011-12-05 15:48:00,2011-12-05 15:48:00,United Kingdom,0,348.8
13791,128,2,1516.0,2011-06-24 16:38:00,2011-08-04 11:44:00,United Kingdom,40,758.0
13792,66,3,383.95,2010-10-13 11:05:00,2011-10-04 14:31:00,United Kingdom,356,127.98
13793,647,1,96.0,2010-03-03 08:25:00,2010-03-03 08:25:00,United Kingdom,0,96.0
13794,547,1,126.03,2010-06-11 12:30:00,2010-06-11 12:30:00,United Kingdom,0,126.03
13795,388,4,836.3,2010-03-12 12:44:00,2010-11-16 17:25:00,United Kingdom,249,209.08
13796,499,1,289.7,2010-07-28 14:45:00,2010-07-28 14:45:00,United Kingdom,0,289.7
13797,437,3,1179.45,2010-03-02 12:17:00,2010-09-29 10:34:00,United Kingdom,210,393.15
13798,1,110,75428.87,2009-12-08 16:21:00,2011-12-08 15:51:00,United Kingdom,729,685.72
13799,117,9,2803.57,2010-03-05 16:39:00,2011-08-15 12:07:00,United Kingdom,527,311.51
13800,310,3,1679.56,2009-12-03 10:03:00,2011-02-03 12:27:00,United Kingdom,427,559.85
13801,67,1,324.8,2011-10-04 10:15:00,2011-10-04 10:15:00,United Kingdom,0,324.8
13802,139,19,26259.11,2010-02-16 10:11:00,2011-07-24 10:54:00,United Kingdom,523,1382.06
13803,255,3,1338.91,2010-03-31 10:00:00,2011-03-29 12:57:00,United Kingdom,363,446.3
13804,31,9,3161.12,2010-09-29 10:26:00,2011-11-09 12:32:00,United Kingdom,406,351.24
13805,52,2,924.6,2011-08-02 15:29:00,2011-10-18 14:50:00,United Kingdom,76,462.3
13806,64,1,256.38,2011-10-07 11:43:00,2011-10-07 11:43:00,United Kingdom,0,256.38
13807,367,3,422.2,2009-12-04 12:41:00,2010-12-07 15:48:00,United Kingdom,368,140.73
13808,6,5,1747.66,2011-09-04 12:07:00,2011-12-04 12:18:00,United Kingdom,91,349.53
13809,305,3,679.7,2010-09-05 11:42:00,2011-02-07 13:15:00,Cyprus,155,226.57
13810,29,2,827.51,2011-10-14 12:57:00,2011-11-11 08:33:00,Germany,27,413.76
13811,184,2,519.75,2011-04-14 18:40:00,2011-06-09 09:54:00,Germany,55,259.88
13812,42,3,485.0,2011-08-26 12:54:00,2011-10-28 14:27:00,Germany,63,161.67
13813,40,8,2387.4700000000003,2009-12-06 10:16:00,2011-10-31 10:38:00,Germany,694,298.43
13814,92,3,2257.32,2010-06-30 14:12:00,2011-09-08 13:48:00,Germany,434,752.44
13815,22,8,6737.74,2010-02-12 10:26:00,2011-11-17 14:19:00,Germany,643,842.22
13816,24,2,499.67,2011-10-06 14:37:00,2011-11-16 08:38:00,Germany,40,249.84
13817,29,2,328.98,2010-12-23 11:46:00,2011-11-10 17:49:00,Germany,322,164.49
13818,430,1,61.28,2010-10-06 12:35:00,2010-10-06 12:35:00,United Kingdom,0,61.28
13819,302,6,2642.35,2009-12-01 16:18:00,2011-02-11 10:38:00,United Kingdom,436,440.39
13820,418,3,652.75,2010-01-28 12:26:00,2010-10-17 13:46:00,United Kingdom,262,217.58
13821,145,6,1379.08,2010-01-04 13:36:00,2011-07-18 09:49:00,United Kingdom,559,229.85
13822,6,2,632.0,2011-10-30 15:55:00,2011-12-04 12:13:00,United Kingdom,34,316.0
13823,19,7,3403.4500000000003,2009-12-15 14:34:00,2011-11-21 10:22:00,United Kingdom,705,486.21
13824,33,12,3314.76,2010-03-12 15:17:00,2011-11-07 12:41:00,United Kingdom,604,276.23
13825,622,2,255.59,2009-12-09 14:30:00,2010-03-28 11:02:00,United Kingdom,108,127.8
13826,176,1,189.5,2011-06-16 13:48:00,2011-06-16 13:48:00,United Kingdom,0,189.5
13827,58,3,409.8,2011-07-19 15:38:00,2011-10-13 12:38:00,United Kingdom,85,136.6
13828,22,1,209.49,2011-11-17 16:02:00,2011-11-17 16:02:00,United Kingdom,0,209.49
13829,421,1,102.0,2010-10-14 18:19:00,2010-10-14 18:19:00,United Kingdom,0,102.0
13830,582,1,156.85000000000002,2010-05-07 12:24:00,2010-05-07 12:24:00,United Kingdom,0,156.85
13831,16,18,6585.54,2009-12-10 14:50:00,2011-11-23 15:41:00,United Kingdom,713,365.86
13832,19,2,609.89,2010-10-13 14:41:00,2011-11-20 15:36:00,United Kingdom,403,304.94
13833,159,2,700.41,2010-10-31 14:11:00,2011-07-03 13:27:00,United Kingdom,244,350.2
13834,577,2,324.19,2010-02-08 12:52:00,2010-05-12 10:27:00,United Kingdom,92,162.1
13835,25,7,1095.27,2010-03-04 08:26:00,2011-11-14 15:37:00,United Kingdom,620,156.47
13836,399,2,620.37,2010-10-21 13:27:00,2010-11-05 13:31:00,United Kingdom,15,310.18
13837,212,2,266.59000000000003,2011-01-26 12:15:00,2011-05-12 12:10:00,United Kingdom,105,133.3
13838,6,10,1690.07,2010-05-09 11:40:00,2011-12-04 11:00:00,United Kingdom,573,169.01
13839,486,1,139.95000000000002,2010-08-10 13:52:00,2010-08-10 13:52:00,United Kingdom,0,139.95
13840,416,1,651.4,2010-10-19 13:34:00,2010-10-19 13:34:00,United Kingdom,0,651.4
13841,253,1,85.0,2011-04-01 12:10:00,2011-04-01 12:10:00,United Kingdom,0,85.0
13842,59,18,5319.34,2010-02-16 15:54:00,2011-10-12 10:51:00,United Kingdom,602,295.52
13843,381,1,319.75,2010-11-23 17:48:00,2010-11-23 17:48:00,United Kingdom,0,319.75
13844,11,1,361.62,2011-11-28 13:21:00,2011-11-28 13:21:00,United Kingdom,0,361.62
13845,65,1,312.98,2011-10-06 08:25:00,2011-10-06 08:25:00,United Kingdom,0,312.98
13846,25,4,1307.79,2010-11-05 09:47:00,2011-11-15 12:07:00,United Kingdom,375,326.95
13847,720,1,310.72,2009-12-20 10:41:00,2009-12-20 10:41:00,United Kingdom,0,310.72
13848,92,8,3015.0,2009-12-09 16:17:00,2011-09-08 12:58:00,United Kingdom,637,376.88
13849,52,5,3469.3,2010-03-25 12:03:00,2011-10-19 10:59:00,United Kingdom,572,693.86
13850,129,1,1595.48,2011-08-02 14:04:00,2011-08-02 14:04:00,United Kingdom,0,1595.48
13851,96,8,4606.46,2010-01-29 11:54:00,2011-09-05 12:36:00,United Kingdom,584,575.81
13852,611,1,187.35000000000002,2010-04-08 09:06:00,2010-04-08 09:06:00,United Kingdom,0,187.35
13853,57,1,1090.14,2011-10-13 14:18:00,2011-10-13 14:18:00,United Kingdom,0,1090.14
13854,9,39,11944.56,2010-01-08 11:28:00,2011-12-01 09:06:00,United Kingdom,691,306.27
13855,501,4,1310.3400000000001,2009-12-08 16:56:00,2010-07-27 09:53:00,United Kingdom,230,327.59
13856,169,11,1142.03,2010-03-30 15:40:00,2011-06-24 10:03:00,United Kingdom,450,103.82
13857,393,6,1000.91,2010-05-17 14:21:00,2010-11-11 12:54:00,United Kingdom,177,166.82
13858,57,1,216.17,2011-10-13 16:17:00,2011-10-13 16:17:00,United Kingdom,0,216.17
13859,326,2,515.86,2010-06-28 15:36:00,2011-01-17 16:14:00,United Kingdom,203,257.93
13860,1,5,1245.9,2011-09-14 09:27:00,2011-12-08 12:57:00,United Kingdom,85,249.18
13861,429,2,273.26,2010-06-27 11:37:00,2010-10-06 14:20:00,United Kingdom,101,136.63
13862,18,9,2556.09,2010-11-15 13:43:00,2011-11-21 16:24:00,United Kingdom,371,284.01
13863,248,4,1239.55,2010-04-25 13:09:00,2011-04-06 10:20:00,United Kingdom,345,309.89
13864,387,1,662.4000000000001,2010-11-18 12:50:00,2010-11-18 12:50:00,United Kingdom,0,662.4
13865,58,4,501.56,2011-02-23 12:04:00,2011-10-12 13:31:00,United Kingdom,231,125.39
13866,74,1,145.67000000000002,2011-09-26 14:54:00,2011-09-26 14:54:00,United Kingdom,0,145.67
13867,31,3,1005.09,2011-05-05 17:28:00,2011-11-08 15:48:00,United Kingdom,186,335.03
13868,7,2,3192.54,2011-11-01 12:45:00,2011-12-02 16:32:00,United Kingdom,31,1596.27
13869,123,10,7996.87,2010-01-17 14:53:00,2011-08-08 13:53:00,United Kingdom,567,799.69
13870,2,15,5712.08,2010-02-08 12:08:00,2011-12-07 13:23:00,United Kingdom,667,380.81
13871,23,17,7885.85,2009-12-20 13:09:00,2011-11-17 10:49:00,United Kingdom,696,463.87
13872,527,3,919.57,2009-12-14 09:56:00,2010-06-30 15:35:00,United Kingdom,198,306.52
13873,120,8,1038.92,2010-03-03 12:31:00,2011-08-12 10:08:00,United Kingdom,526,129.86
13874,358,7,2049.15,2010-02-04 18:39:00,2010-12-16 18:20:00,United Kingdom,314,292.74
13875,54,14,4814.37,2009-12-17 10:30:00,2011-10-17 09:36:00,United Kingdom,668,343.88
13876,64,1,122.7,2011-10-07 10:22:00,2011-10-07 10:22:00,United Kingdom,0,122.7
13877,86,3,449.68,2010-01-19 10:53:00,2011-09-14 15:49:00,United Kingdom,603,149.89
13878,55,4,2416.9,2010-04-14 13:50:00,2011-10-16 12:19:00,United Kingdom,549,604.22
13879,646,1,395.5,2010-03-04 10:49:00,2010-03-04 10:49:00,United Kingdom,0,395.5
13880,21,17,4293.86,2010-05-26 14:29:00,2011-11-18 13:44:00,United Kingdom,540,252.58
13881,4,43,45179.1,2010-03-04 14:41:00,2011-12-06 12:50:00,United Kingdom,641,1050.68
13882,3,5,1191.13,2011-10-06 15:28:00,2011-12-07 11:16:00,United Kingdom,61,238.23
13883,11,14,6535.37,2010-02-28 12:53:00,2011-11-29 10:45:00,United Kingdom,638,466.81
13884,7,10,1825.03,2010-08-26 19:57:00,2011-12-02 16:30:00,United Kingdom,462,182.5
13885,189,2,506.8,2011-05-23 08:52:00,2011-06-03 15:07:00,United Kingdom,11,253.4
13886,71,1,243.56,2011-09-29 13:17:00,2011-09-29 13:17:00,United Kingdom,0,243.56
13887,204,1,349.55,2011-05-19 17:22:00,2011-05-19 17:22:00,United Kingdom,0,349.55
13888,120,7,2001.59,2010-05-13 11:57:00,2011-08-12 10:13:00,United Kingdom,455,285.94
13889,93,6,1991.23,2010-01-22 14:32:00,2011-09-08 09:13:00,United Kingdom,593,331.87
13890,1,14,2927.38,2009-12-06 15:15:00,2011-12-08 15:36:00,United Kingdom,732,209.1
13891,378,3,859.21,2010-05-06 16:02:00,2010-11-26 15:57:00,United Kingdom,203,286.4
13892,27,6,1267.6499999999999,2010-05-13 10:32:00,2011-11-13 11:50:00,United Kingdom,549,211.27
13893,298,1,821.1,2011-02-15 11:30:00,2011-02-15 11:30:00,United Kingdom,0,821.1
13894,24,3,564.62,2011-02-02 12:54:00,2011-11-16 09:44:00,United Kingdom,286,188.21
13895,28,6,4008.52,2009-12-03 13:09:00,2011-11-11 16:57:00,United Kingdom,708,668.09
13896,626,1,388.55,2010-03-24 08:55:00,2010-03-24 08:55:00,United Kingdom,0,388.55
13897,50,3,1160.72,2010-01-31 13:48:00,2011-10-20 14:30:00,United Kingdom,627,386.91
13898,326,2,686.4,2010-10-24 15:42:00,2011-01-18 10:28:00,United Kingdom,85,343.2
13899,16,2,388.52,2011-03-10 09:30:00,2011-11-23 13:40:00,United Kingdom,258,194.26
13900,183,6,1610.59,2010-03-25 13:46:00,2011-06-09 19:26:00,United Kingdom,441,268.43
13901,72,15,5676.34,2010-01-05 09:29:00,2011-09-28 14:48:00,United Kingdom,631,378.42
13902,632,5,34023.26,2009-12-15 10:02:00,2010-03-17 13:09:00,Denmark,92,6804.65
13903,400,1,165.45000000000002,2010-11-04 17:44:00,2010-11-04 17:44:00,United Kingdom,0,165.45
13904,37,2,332.64,2011-02-18 11:18:00,2011-11-02 13:41:00,United Kingdom,257,166.32
13905,733,1,312.65,2009-12-07 11:41:00,2009-12-07 11:41:00,United Kingdom,0,312.65
13906,409,1,42.0,2010-10-26 15:00:00,2010-10-26 15:00:00,United Kingdom,0,42.0
13907,692,1,136.8,2010-01-17 12:22:00,2010-01-17 12:22:00,United Kingdom,0,136.8
13908,80,4,2319.55,2011-03-08 12:04:00,2011-09-21 11:49:00,United Kingdom,196,579.89
13909,423,2,282.85,2010-07-06 16:52:00,2010-10-12 17:22:00,United Kingdom,98,141.43
13911,57,20,4234.99,2010-03-01 16:31:00,2011-10-13 15:43:00,United Kingdom,590,211.75
13912,424,1,124.95,2010-10-12 08:43:00,2010-10-12 08:43:00,United Kingdom,0,124.95
13913,507,1,42.22,2010-07-21 10:11:00,2010-07-21 10:11:00,United Kingdom,0,42.22
13914,12,2,626.45,2011-11-03 16:28:00,2011-11-28 10:35:00,United Kingdom,24,313.23
13915,394,1,70.80000000000001,2010-11-10 15:17:00,2010-11-10 15:17:00,United Kingdom,0,70.8
13916,464,4,1275.81,2010-02-02 10:06:00,2010-09-02 10:04:00,United Kingdom,211,318.95
13917,50,2,272.04,2011-06-01 12:46:00,2011-10-21 09:56:00,United Kingdom,141,136.02
13918,50,2,1212.8400000000001,2011-03-31 18:05:00,2011-10-21 12:25:00,United Kingdom,203,606.42
13919,59,4,1252.68,2010-06-17 09:30:00,2011-10-11 14:24:00,Denmark,481,313.17
13920,432,4,1774.68,2010-05-26 15:48:00,2010-10-04 12:37:00,United Kingdom,130,443.67
13921,402,4,730.7,2009-12-18 12:19:00,2010-11-02 16:32:00,United Kingdom,319,182.68
13922,352,3,865.2,2010-08-29 14:36:00,2010-12-23 10:38:00,United Kingdom,115,288.4
13923,54,1,351.13,2011-10-17 12:33:00,2011-10-17 12:33:00,United Kingdom,0,351.13
13924,2,6,1838.8500000000001,2011-09-28 15:07:00,2011-12-08 09:39:00,United Kingdom,70,306.48
13925,93,4,678.25,2011-07-28 12:09:00,2011-09-08 12:47:00,United Kingdom,42,169.56
13926,23,1,223.85000000000002,2011-11-16 13:16:00,2011-11-16 13:16:00,United Kingdom,0,223.85
13927,75,2,708.26,2010-09-28 16:12:00,2011-09-26 12:00:00,United Kingdom,362,354.13
13928,11,4,464.57,2011-07-29 15:59:00,2011-11-29 10:33:00,United Kingdom,122,116.14
13929,169,11,3494.1,2010-01-14 07:25:00,2011-06-23 15:26:00,United Kingdom,525,317.65
13930,58,2,337.34,2011-07-26 11:00:00,2011-10-13 09:45:00,United Kingdom,78,168.67
13931,96,11,5257.38,2009-12-03 10:26:00,2011-09-05 10:12:00,United Kingdom,640,477.94
13932,295,1,307.4,2011-02-18 12:02:00,2011-02-18 12:02:00,United Kingdom,0,307.4
13933,109,2,608.7900000000001,2011-07-14 13:35:00,2011-08-22 14:03:00,United Kingdom,39,304.4
13934,264,1,922.1,2011-03-21 08:39:00,2011-03-21 08:39:00,United Kingdom,0,922.1
13935,597,3,6116.92,2010-02-25 16:01:00,2010-04-22 11:21:00,United Kingdom,55,2038.97
13936,180,3,939.66,2010-10-21 14:21:00,2011-06-13 08:47:00,United Kingdom,234,313.22
13937,169,2,880.13,2010-11-02 12:37:00,2011-06-23 16:35:00,United Kingdom,233,440.06
13938,35,1,71.66,2011-11-04 14:37:00,2011-11-04 14:37:00,United Kingdom,0,71.66
13939,23,7,1560.96,2010-04-06 12:43:00,2011-11-16 13:33:00,United Kingdom,589,222.99
13940,17,4,839.14,2011-07-18 16:05:00,2011-11-22 15:15:00,United Kingdom,126,209.78
13941,22,15,10027.18,2009-12-16 16:10:00,2011-11-18 09:43:00,United Kingdom,701,668.48
13942,535,1,320.0,2010-06-23 12:35:00,2010-06-23 12:35:00,United Kingdom,0,320.0
13943,578,1,246.54,2010-05-11 11:30:00,2010-05-11 11:30:00,United Kingdom,0,246.54
13944,653,1,200.43,2010-02-24 15:02:00,2010-02-24 15:02:00,United Kingdom,0,200.43
13945,395,2,854.15,2010-08-17 09:59:00,2010-11-10 10:00:00,United Kingdom,85,427.08
13946,79,6,1876.23,2009-12-04 11:07:00,2011-09-21 13:33:00,United Kingdom,656,312.7
13947,65,1,90.6,2011-10-05 14:42:00,2011-10-05 14:42:00,United Kingdom,0,90.6
13948,361,4,548.76,2009-12-04 12:14:00,2010-12-14 10:18:00,United Kingdom,374,137.19
13949,3,6,2427.32,2011-09-06 11:55:00,2011-12-07 09:35:00,United Kingdom,91,404.55
13950,11,4,745.06,2011-04-07 11:29:00,2011-11-28 14:44:00,United Kingdom,235,186.26
13951,176,3,674.45,2011-02-18 15:21:00,2011-06-16 16:43:00,United Kingdom,118,224.82
13952,218,14,12823.52,2009-12-16 09:41:00,2011-05-06 09:00:00,United Kingdom,505,915.97
13953,7,12,6640.68,2009-12-11 12:58:00,2011-12-02 16:04:00,United Kingdom,721,553.39
13954,2,2,439.92,2011-09-30 10:52:00,2011-12-08 12:50:00,United Kingdom,69,219.96
13955,154,3,544.0699999999999,2010-11-29 17:35:00,2011-07-08 17:19:00,United Kingdom,220,181.36
13956,5,5,1019.27,2011-03-13 12:51:00,2011-12-04 13:20:00,United Kingdom,266,203.85
13957,418,3,458.25,2010-02-19 10:32:00,2010-10-18 10:02:00,United Kingdom,240,152.75
13958,380,8,4709.2300000000005,2009-12-05 13:12:00,2010-11-25 10:11:00,United Kingdom,354,588.65
13959,79,6,1064.77,2010-07-16 15:11:00,2011-09-21 15:06:00,United Kingdom,431,177.46
13960,21,2,230.22,2011-09-29 12:39:00,2011-11-18 15:27:00,United Kingdom,50,115.11
13961,392,1,538.4,2010-11-12 14:40:00,2010-11-12 14:40:00,United Kingdom,0,538.4
13962,22,3,362.8,2010-09-30 10:35:00,2011-11-18 08:47:00,United Kingdom,413,120.93
13963,308,17,2860.57,2010-04-21 16:20:00,2011-02-04 14:43:00,United Kingdom,288,168.27
13964,387,2,438.9,2010-10-05 12:38:00,2010-11-17 13:53:00,United Kingdom,43,219.45
13965,477,3,996.61,2010-01-05 15:21:00,2010-08-20 10:40:00,United Kingdom,226,332.2
13966,435,1,384.26,2010-09-30 13:08:00,2010-09-30 13:08:00,United Kingdom,0,384.26
13967,146,2,166.3,2010-11-08 13:24:00,2011-07-17 12:02:00,United Kingdom,250,83.15
13968,423,1,123.66,2010-10-12 13:22:00,2010-10-12 13:22:00,United Kingdom,0,123.66
13969,7,35,12973.460000000001,2010-03-25 13:15:00,2011-12-02 15:11:00,United Kingdom,617,370.67
13970,386,2,846.55,2010-09-28 11:53:00,2010-11-18 13:21:00,United Kingdom,51,423.28
13971,19,14,4667.57,2010-01-26 09:51:00,2011-11-21 12:06:00,United Kingdom,664,333.4
13972,71,2,190.25,2011-05-22 11:34:00,2011-09-30 11:54:00,United Kingdom,131,95.12
13973,287,1,264.7,2011-02-25 15:21:00,2011-02-25 15:21:00,United Kingdom,0,264.7
13974,49,2,677.72,2010-05-06 17:55:00,2011-10-21 14:41:00,United Kingdom,532,338.86
13975,31,12,5256.4,2010-02-02 13:13:00,2011-11-08 13:19:00,United Kingdom,644,438.03
13976,207,4,1192.36,2010-02-09 13:08:00,2011-05-17 09:13:00,United Kingdom,461,298.09
13977,411,1,519.8100000000001,2010-10-24 14:08:00,2010-10-24 14:08:00,United Kingdom,0,519.81
13978,15,2,196.79000000000002,2011-10-25 15:04:00,2011-11-25 11:36:00,United Kingdom,30,98.4
13979,73,7,3373.63,2009-12-03 10:02:00,2011-09-27 13:32:00,United Kingdom,663,481.95
13980,60,5,768.82,2010-02-21 14:18:00,2011-10-10 13:34:00,United Kingdom,595,153.76
13981,416,1,331.14,2010-10-20 10:03:00,2010-10-20 10:03:00,United Kingdom,0,331.14
13982,39,9,3954.29,2010-01-20 14:04:00,2011-10-31 16:24:00,United Kingdom,649,439.37
13983,30,21,6753.89,2009-12-09 13:53:00,2011-11-10 11:06:00,United Kingdom,700,321.61
13984,27,12,1893.8,2009-12-07 11:51:00,2011-11-13 12:38:00,United Kingdom,706,157.82
13985,4,22,10020.86,2010-02-09 13:56:00,2011-12-05 17:06:00,United Kingdom,664,455.49
13986,17,1,320.46,2011-11-22 15:00:00,2011-11-22 15:00:00,United Kingdom,0,320.46
13987,380,2,682.54,2010-11-04 09:54:00,2010-11-25 10:20:00,United Kingdom,21,341.27
13988,20,8,4757.8,2010-03-24 11:05:00,2011-11-20 10:15:00,United Kingdom,605,594.72
13989,66,5,2026.06,2010-05-25 12:13:00,2011-10-05 09:47:00,United Kingdom,497,405.21
13990,213,1,311.3,2011-05-10 15:19:00,2011-05-10 15:19:00,United Kingdom,0,311.3
13991,12,6,851.88,2011-07-19 12:58:00,2011-11-27 16:18:00,United Kingdom,131,141.98
13992,30,3,219.5,2010-09-02 17:04:00,2011-11-09 15:23:00,United Kingdom,432,73.17
13993,43,19,6775.71,2009-12-03 11:57:00,2011-10-28 09:06:00,United Kingdom,693,356.62
13994,4,6,2274.14,2011-07-14 18:28:00,2011-12-06 11:05:00,United Kingdom,144,379.02
13995,15,14,3902.01,2009-12-18 12:43:00,2011-11-24 14:22:00,United Kingdom,706,278.72
13996,386,2,845.76,2010-11-05 15:07:00,2010-11-18 16:27:00,United Kingdom,13,422.88
13997,519,3,376.46,2010-06-07 17:33:00,2010-07-08 18:06:00,United Kingdom,31,125.49
13998,447,3,566.7,2010-05-12 13:18:00,2010-09-19 10:20:00,United Kingdom,129,188.9
13999,10,29,9502.26,2009-12-05 12:42:00,2011-11-29 13:40:00,United Kingdom,724,327.66
14000,211,5,2046.3400000000001,2009-12-02 09:50:00,2011-05-12 16:50:00,United Kingdom,526,409.27
14001,46,9,4228.85,2010-08-03 12:49:00,2011-10-25 10:31:00,United Kingdom,447,469.87
14002,134,2,529.73,2011-07-06 14:59:00,2011-07-28 15:55:00,United Kingdom,22,264.86
14003,733,1,209.41,2009-12-07 08:53:00,2009-12-07 08:53:00,United Kingdom,0,209.41
14004,43,11,6258.45,2010-09-30 09:39:00,2011-10-27 14:40:00,United Kingdom,392,568.95
14005,10,5,2874.72,2011-05-08 10:33:00,2011-11-30 12:41:00,United Kingdom,206,574.94
14006,116,7,2196.67,2010-02-25 09:45:00,2011-08-16 09:39:00,United Kingdom,536,313.81
14007,513,1,79.48,2010-07-15 09:06:00,2010-07-15 09:06:00,United Kingdom,0,79.48
14008,432,1,509.04,2010-10-03 13:09:00,2010-10-03 13:09:00,United Kingdom,0,509.04
14009,198,3,1099.91,2010-09-03 12:08:00,2011-05-25 15:47:00,United Kingdom,264,366.64
14010,565,2,445.15,2010-05-23 12:46:00,2010-05-23 13:00:00,United Kingdom,0,222.58
14011,480,2,457.82,2010-04-11 13:40:00,2010-08-16 15:31:00,United Kingdom,127,228.91
14012,278,1,328.8,2011-03-07 12:26:00,2011-03-07 12:26:00,United Kingdom,0,328.8
14013,110,5,1084.57,2010-03-26 10:02:00,2011-08-21 15:01:00,United Kingdom,513,216.91
14014,77,3,1948.21,2010-05-12 09:04:00,2011-09-23 13:18:00,United Kingdom,499,649.4
14015,53,1,917.34,2011-10-18 10:02:00,2011-10-18 10:02:00,United Kingdom,0,917.34
14016,162,11,11303.41,2010-01-08 14:12:00,2011-07-01 11:29:00,EIRE,538,1027.58
14017,571,1,229.75,2010-05-17 14:52:00,2010-05-17 14:52:00,United Kingdom,0,229.75
14018,645,1,367.15000000000003,2010-03-04 14:23:00,2010-03-04 14:23:00,United Kingdom,0,367.15
14019,47,3,1421.61,2011-07-24 15:39:00,2011-10-24 10:13:00,United Kingdom,91,473.87
14020,17,4,1249.01,2010-06-28 15:29:00,2011-11-23 09:22:00,United Kingdom,512,312.25
14021,155,7,1716.58,2010-04-26 11:22:00,2011-07-07 15:46:00,United Kingdom,437,245.23
14022,225,2,792.15,2010-08-10 09:38:00,2011-04-28 14:39:00,United Kingdom,261,396.08
14023,7,2,584.07,2011-04-03 15:50:00,2011-12-02 13:58:00,United Kingdom,242,292.04
14024,122,3,645.74,2010-11-14 10:51:00,2011-08-10 11:30:00,United Kingdom,269,215.25
14025,465,8,4057.9,2010-05-05 09:56:00,2010-09-01 10:11:00,United Kingdom,119,507.24
14026,471,2,713.11,2010-03-24 14:10:00,2010-08-26 10:31:00,United Kingdom,154,356.56
14027,61,1,104.82,2011-10-10 09:01:00,2011-10-10 09:01:00,United Kingdom,0,104.82
14028,550,3,10396.5,2010-06-07 12:02:00,2010-06-07 13:33:00,United Kingdom,0,3465.5
14029,63,2,467.66,2011-07-18 16:57:00,2011-10-07 14:46:00,United Kingdom,80,233.83
14030,18,20,7521.8,2009-12-10 17:27:00,2011-11-21 16:48:00,United Kingdom,710,376.09
14031,7,44,39019.51,2009-12-03 15:35:00,2011-12-02 17:13:00,United Kingdom,729,886.81
14032,2,16,4546.41,2009-12-14 12:02:00,2011-12-07 15:23:00,United Kingdom,723,284.15
14033,555,1,109.44,2010-06-02 15:10:00,2010-06-02 15:10:00,United Kingdom,0,109.44
14034,22,3,648.89,2011-07-05 13:06:00,2011-11-17 14:02:00,United Kingdom,135,216.3
14035,29,9,2794.75,2010-04-06 12:39:00,2011-11-11 10:03:00,United Kingdom,583,310.53
14036,285,1,626.65,2011-02-28 09:26:00,2011-02-28 09:26:00,United Kingdom,0,626.65
14037,176,6,836.95,2009-12-07 11:39:00,2011-06-16 13:57:00,United Kingdom,556,139.49
14038,78,5,3069.88,2010-02-04 08:56:00,2011-09-22 13:37:00,United Kingdom,595,613.98
14039,33,2,267.28000000000003,2010-05-13 10:15:00,2011-11-06 13:48:00,United Kingdom,542,133.64
14040,41,35,12523.81,2009-12-01 12:14:00,2011-10-30 12:42:00,United Kingdom,698,357.82
14041,266,1,141.41,2011-03-18 13:25:00,2011-03-18 13:25:00,United Kingdom,0,141.41
14042,725,1,431.98,2009-12-14 15:07:00,2009-12-14 15:07:00,United Kingdom,0,431.98
14043,491,2,302.6,2009-12-10 15:56:00,2010-08-05 18:18:00,United Kingdom,238,151.3
14044,27,10,3073.95,2010-01-24 15:14:00,2011-11-13 12:05:00,United Kingdom,657,307.4
14045,109,16,10986.63,2010-01-08 10:08:00,2011-08-22 15:27:00,United Kingdom,591,686.66
14046,284,1,151.59,2011-02-28 14:48:00,2011-02-28 14:48:00,United Kingdom,0,151.59
14047,9,14,3968.11,2010-02-01 10:05:00,2011-12-01 11:43:00,United Kingdom,668,283.44
14048,305,3,748.69,2010-11-22 14:08:00,2011-02-07 14:53:00,United Kingdom,77,249.56
14049,17,13,13023.4,2010-04-01 14:52:00,2011-11-23 12:20:00,United Kingdom,600,1001.8
14050,32,2,746.36,2011-08-25 13:46:00,2011-11-08 10:00:00,United Kingdom,74,373.18
14051,1,37,21770.98,2009-12-03 11:53:00,2011-12-09 10:20:00,United Kingdom,735,588.4
14052,20,2,466.66,2010-11-14 11:37:00,2011-11-20 12:30:00,United Kingdom,371,233.33
14053,124,4,572.3,2010-08-10 11:02:00,2011-08-07 14:27:00,United Kingdom,362,143.07
14054,65,1,92.46,2011-10-05 15:49:00,2011-10-05 15:49:00,United Kingdom,0,92.46
14055,106,3,1520.96,2009-12-16 15:11:00,2011-08-25 15:04:00,United Kingdom,616,506.99
14056,1,23,8152.71,2011-02-28 15:19:00,2011-12-08 13:36:00,United Kingdom,282,354.47
14057,24,22,8346.66,2009-12-03 13:17:00,2011-11-16 10:32:00,United Kingdom,712,379.39
14058,463,2,469.19,2010-06-27 11:29:00,2010-09-03 09:31:00,United Kingdom,67,234.6
14059,267,1,183.6,2011-03-18 10:06:00,2011-03-18 10:06:00,United Kingdom,0,183.6
14060,5,30,8898.24,2010-03-11 09:47:00,2011-12-05 12:29:00,United Kingdom,634,296.61
14061,507,3,917.4300000000001,2009-12-01 18:03:00,2010-07-20 17:22:00,United Kingdom,230,305.81
14062,10,24,25585.65,2009-12-10 14:28:00,2011-11-30 10:04:00,United Kingdom,719,1066.07
14063,687,7,9471.5,2009-12-08 13:46:00,2010-01-22 11:28:00,United Kingdom,44,1353.07
14064,29,15,3260.24,2010-01-21 13:22:00,2011-11-10 13:14:00,United Kingdom,657,217.35
14065,389,3,891.02,2010-10-04 12:03:00,2010-11-15 16:13:00,United Kingdom,42,297.01
14066,267,1,152.55,2011-03-18 12:21:00,2011-03-18 12:21:00,United Kingdom,0,152.55
14067,64,2,374.7,2011-09-04 12:00:00,2011-10-07 10:21:00,United Kingdom,32,187.35
14068,320,4,1516.72,2010-01-31 10:10:00,2011-01-23 16:02:00,United Kingdom,357,379.18
14069,515,2,225.81,2010-05-27 12:30:00,2010-07-13 12:12:00,United Kingdom,46,112.9
14070,685,1,321.6,2010-01-24 12:27:00,2010-01-24 12:27:00,United Kingdom,0,321.6
14071,4,8,1422.75,2011-03-20 11:33:00,2011-12-06 12:27:00,United Kingdom,261,177.84
14072,667,1,390.85,2010-02-11 12:31:00,2010-02-11 12:31:00,United Kingdom,0,390.85
14073,32,1,151.04,2011-11-07 15:49:00,2011-11-07 15:49:00,United Kingdom,0,151.04
14074,623,1,219.39999999999998,2010-03-26 13:55:00,2010-03-26 13:55:00,United Kingdom,0,219.4
14075,5,5,1724.87,2010-08-26 13:42:00,2011-12-05 08:38:00,United Kingdom,465,344.97
14076,129,1,118.67,2011-08-02 15:19:00,2011-08-02 15:19:00,United Kingdom,0,118.67
14077,41,6,615.0799999999999,2010-11-09 16:01:00,2011-10-30 12:35:00,United Kingdom,354,102.51
14078,102,9,1551.82,2010-03-28 15:05:00,2011-08-30 12:16:00,United Kingdom,519,172.42
14079,125,1,375.1,2011-08-07 12:10:00,2011-08-07 12:10:00,United Kingdom,0,375.1
14080,33,5,1115.68,2009-12-02 15:01:00,2011-11-07 11:09:00,United Kingdom,704,223.14
14081,302,10,4867.57,2009-12-10 18:27:00,2011-02-10 16:17:00,United Kingdom,426,486.76
14082,365,2,413.36,2010-11-12 11:47:00,2010-12-10 11:02:00,United Kingdom,27,206.68
14083,4,11,1082.19,2009-12-18 11:34:00,2011-12-05 13:14:00,United Kingdom,717,98.38
14084,512,1,150.5,2010-07-15 14:36:00,2010-07-15 14:36:00,United Kingdom,0,150.5
14085,2,32,9705.67,2009-12-08 13:41:00,2011-12-07 13:46:00,United Kingdom,729,303.3
14086,463,1,39.95,2010-09-03 10:52:00,2010-09-03 10:52:00,United Kingdom,0,39.95
14087,3,3,829.47,2009-12-04 15:27:00,2011-12-07 12:41:00,United Kingdom,732,276.49
14088,10,16,64036.8,2010-10-14 19:46:00,2011-11-29 16:16:00,United Kingdom,410,4002.3
14089,57,1,158.75,2011-10-14 10:38:00,2011-10-14 10:38:00,United Kingdom,0,158.75
14090,325,1,76.32000000000001,2011-01-19 10:51:00,2011-01-19 10:51:00,United Kingdom,0,76.32
14091,654,2,9530.08,2010-01-10 13:41:00,2010-02-23 15:17:00,United Kingdom,44,4765.04
14092,8,24,7229.45,2009-12-16 16:24:00,2011-12-02 12:13:00,United Kingdom,715,301.23
14093,12,1,433.86,2011-11-27 16:27:00,2011-11-27 16:27:00,United Kingdom,0,433.86
14094,440,1,311.77,2010-09-26 11:58:00,2010-09-26 11:58:00,United Kingdom,0,311.77
14095,723,1,2.95,2009-12-17 12:49:00,2009-12-17 12:49:00,United Kingdom,0,2.95
14096,4,17,53258.43,2011-08-30 10:49:00,2011-12-05 17:17:00,United Kingdom,97,3132.85
14097,481,2,422.85999999999996,2010-03-04 10:46:00,2010-08-15 14:20:00,United Kingdom,164,211.43
14098,37,1,147.35,2011-11-03 10:13:00,2011-11-03 10:13:00,United Kingdom,0,147.35
14099,16,20,5750.91,2009-12-10 11:55:00,2011-11-23 13:53:00,United Kingdom,713,287.55
14100,138,1,191.95000000000002,2011-07-25 11:01:00,2011-07-25 11:01:00,United Kingdom,0,191.95
14101,74,13,9961.93,2010-03-28 13:36:00,2011-09-27 12:28:00,United Kingdom,547,766.3
14102,5,5,1105.8799999999999,2011-10-26 12:46:00,2011-12-04 15:38:00,United Kingdom,39,221.18
14104,155,5,740.53,2010-05-28 16:11:00,2011-07-08 12:50:00,United Kingdom,405,148.11
14105,239,5,5988.83,2009-12-18 16:57:00,2011-04-14 17:58:00,United Kingdom,482,1197.77
14106,737,1,214.79999999999998,2009-12-02 14:09:00,2009-12-02 14:09:00,United Kingdom,0,214.8
14107,52,11,4877.3,2009-12-09 14:20:00,2011-10-19 12:12:00,United Kingdom,678,443.39
14108,31,4,1044.96,2009-12-01 18:07:00,2011-11-09 10:41:00,United Kingdom,707,261.24
14109,73,1,144.2,2011-09-28 10:18:00,2011-09-28 10:18:00,United Kingdom,0,144.2
14110,4,33,12987.95,2009-12-01 09:50:00,2011-12-06 12:26:00,United Kingdom,735,393.57
14111,14,4,692.85,2011-04-12 11:36:00,2011-11-25 13:44:00,United Kingdom,227,173.21
14112,23,13,5834.59,2010-02-23 14:16:00,2011-11-17 12:30:00,United Kingdom,631,448.81
14113,4,16,7092.610000000001,2009-12-08 07:42:00,2011-12-06 12:18:00,United Kingdom,728,443.29
14114,274,7,1364.09,2010-04-12 11:07:00,2011-03-11 09:42:00,United Kingdom,332,194.87
14115,502,2,622.6700000000001,2010-02-11 11:44:00,2010-07-26 12:36:00,United Kingdom,165,311.34
14116,20,5,1382.74,2011-08-10 12:44:00,2011-11-20 10:29:00,United Kingdom,101,276.55
14117,144,1,90.0,2011-07-19 09:49:00,2011-07-19 09:49:00,United Kingdom,0,90.0
14118,429,1,458.45,2010-10-07 11:59:00,2010-10-07 11:59:00,United Kingdom,0,458.45
14119,376,2,183.37,2009-12-21 14:52:00,2010-11-29 10:33:00,United Kingdom,342,91.68
14121,4,4,2780.15,2011-10-11 10:39:00,2011-12-06 12:19:00,United Kingdom,56,695.04
14122,406,3,362.42,2009-12-02 14:22:00,2010-10-29 15:11:00,United Kingdom,331,120.81
14123,733,1,436.18,2009-12-06 15:35:00,2009-12-06 15:35:00,United Kingdom,0,436.18
14124,84,1,419.58000000000004,2011-09-16 13:32:00,2011-09-16 13:32:00,United Kingdom,0,419.58
14125,11,3,2720.63,2011-09-22 15:40:00,2011-11-29 12:47:00,United Kingdom,67,906.88
14126,8,4,1172.46,2010-09-21 14:51:00,2011-12-02 11:45:00,United Kingdom,436,293.12
14127,123,6,1900.0800000000002,2010-10-10 11:53:00,2011-08-09 10:49:00,United Kingdom,302,316.68
14128,61,3,924.21,2010-06-06 14:05:00,2011-10-10 12:00:00,United Kingdom,490,308.07
14129,2,9,2591.34,2010-05-09 14:54:00,2011-12-08 11:02:00,United Kingdom,577,287.93
14130,319,4,1858.77,2009-12-11 16:33:00,2011-01-24 16:05:00,United Kingdom,408,464.69
14131,649,1,168.22,2010-03-01 11:59:00,2010-03-01 11:59:00,United Kingdom,0,168.22
14132,2,11,3586.0299999999997,2011-06-09 12:04:00,2011-12-07 13:35:00,United Kingdom,181,326.0
14133,130,4,911.14,2009-12-06 12:10:00,2011-08-02 11:34:00,United Kingdom,603,227.78
14134,383,15,11123.35,2009-12-10 09:25:00,2010-11-22 12:26:00,United Kingdom,347,741.56
14135,2,24,8839.67,2009-12-02 08:58:00,2011-12-08 11:38:00,United Kingdom,736,368.32
14136,401,5,1570.81,2009-12-08 09:19:00,2010-11-04 11:53:00,United Kingdom,331,314.16
14137,696,1,332.7,2010-01-13 12:30:00,2010-01-13 12:30:00,United Kingdom,0,332.7
14138,2,2,965.8800000000001,2011-10-07 09:38:00,2011-12-08 12:44:00,United Kingdom,62,482.94
14139,46,4,1086.8,2010-06-15 09:17:00,2011-10-24 13:34:00,United Kingdom,496,271.7
14140,4,2,935.05,2011-11-08 11:20:00,2011-12-06 09:05:00,United Kingdom,27,467.52
14141,3,4,915.13,2011-08-26 14:40:00,2011-12-07 09:53:00,United Kingdom,102,228.78
14142,373,2,671.34,2010-03-03 15:13:00,2010-12-01 16:33:00,United Kingdom,273,335.67
14143,134,1,115.8,2011-07-29 09:48:00,2011-07-29 09:48:00,United Kingdom,0,115.8
14144,486,1,30.599999999999998,2010-08-10 15:17:00,2010-08-10 15:17:00,United Kingdom,0,30.6
14145,47,7,7600.05,2010-04-08 09:47:00,2011-10-24 12:10:00,United Kingdom,564,1085.72
14146,9,12,9450.3,2010-01-13 16:04:00,2011-12-01 10:18:00,United Kingdom,686,787.52
14147,78,9,2590.2,2010-03-09 13:43:00,2011-09-22 18:10:00,United Kingdom,562,287.8
14148,234,2,466.29,2010-10-21 14:08:00,2011-04-20 12:02:00,United Kingdom,180,233.14
14149,221,1,446.62,2011-05-03 09:44:00,2011-05-03 09:44:00,United Kingdom,0,446.62
14150,36,2,658.64,2010-12-15 10:04:00,2011-11-04 10:05:00,United Kingdom,324,329.32
14151,673,2,679.45,2009-12-23 10:54:00,2010-02-04 15:35:00,United Kingdom,43,339.72
14152,75,7,1997.3400000000001,2010-02-18 13:57:00,2011-09-25 12:54:00,United Kingdom,583,285.33
14153,483,1,233.4,2010-08-13 14:35:00,2010-08-13 14:35:00,United Kingdom,0,233.4
14154,239,8,6460.7,2010-01-13 12:47:00,2011-04-14 16:26:00,United Kingdom,456,807.59
14155,266,1,118.75,2011-03-18 14:13:00,2011-03-18 14:13:00,United Kingdom,0,118.75
14156,10,144,303069.88,2009-12-01 12:30:00,2011-11-30 10:54:00,EIRE,728,2104.65
14157,20,5,978.69,2010-03-03 16:49:00,2011-11-20 11:32:00,United Kingdom,626,195.74
14158,40,1,507.66,2011-10-30 15:08:00,2011-10-30 15:08:00,United Kingdom,0,507.66
14159,20,20,7849.58,2009-12-03 12:31:00,2011-11-20 12:36:00,United Kingdom,717,392.48
14160,610,7,8421.47,2010-01-10 12:06:00,2010-04-08 14:30:00,United Kingdom,88,1203.07
14161,216,7,2996.93,2009-12-13 11:46:00,2011-05-08 11:41:00,United Kingdom,510,428.13
14162,174,2,289.36,2011-02-20 12:32:00,2011-06-19 11:36:00,United Kingdom,118,144.68
14163,87,5,2594.62,2010-09-03 17:15:00,2011-09-13 15:18:00,United Kingdom,374,518.92
14164,71,2,1631.77,2011-09-20 12:18:00,2011-09-30 12:24:00,United Kingdom,10,815.88
14165,276,1,120.44,2011-03-09 12:39:00,2011-03-09 12:39:00,United Kingdom,0,120.44
14166,505,2,251.15,2010-03-23 15:10:00,2010-07-22 19:42:00,United Kingdom,121,125.58
14167,39,8,1274.29,2010-01-27 16:07:00,2011-10-31 14:29:00,United Kingdom,641,159.29
14168,421,2,370.45,2010-05-24 12:28:00,2010-10-15 10:49:00,United Kingdom,143,185.22
14169,431,2,613.11,2010-09-21 13:39:00,2010-10-05 08:45:00,United Kingdom,13,306.56
14170,375,3,570.18,2010-11-09 14:06:00,2010-11-29 13:10:00,United Kingdom,19,190.06
14171,98,2,498.79,2009-12-09 13:50:00,2011-09-02 16:43:00,United Kingdom,632,249.4
14172,605,3,369.02,2010-03-07 10:58:00,2010-04-13 13:26:00,United Kingdom,37,123.01
14173,11,6,586.0,2009-12-09 12:46:00,2011-11-29 11:54:00,United Kingdom,719,97.67
14174,33,1,134.46,2011-11-06 13:17:00,2011-11-06 13:17:00,United Kingdom,0,134.46
14175,60,8,7678.88,2010-03-22 10:43:00,2011-10-11 11:55:00,United Kingdom,568,959.86
14176,297,5,756.46,2010-11-23 13:21:00,2011-02-15 13:12:00,United Kingdom,83,151.29
14177,86,13,2209.69,2010-02-26 11:59:00,2011-09-14 15:11:00,United Kingdom,565,169.98
14178,9,7,1580.26,2011-06-10 12:51:00,2011-12-01 12:01:00,United Kingdom,173,225.75
14179,41,2,701.57,2011-10-18 14:00:00,2011-10-30 12:07:00,United Kingdom,11,350.78
14180,11,33,6117.5,2010-06-09 14:56:00,2011-11-29 10:56:00,United Kingdom,537,185.38
14181,411,2,308.35,2010-05-26 12:32:00,2010-10-25 08:27:00,United Kingdom,151,154.18
14182,444,4,678.77,2010-04-22 15:36:00,2010-09-22 11:45:00,United Kingdom,152,169.69
14183,411,2,278.34000000000003,2010-08-15 15:36:00,2010-10-24 14:45:00,United Kingdom,69,139.17
14184,67,1,452.89,2011-10-04 12:43:00,2011-10-04 12:43:00,United Kingdom,0,452.89
14185,331,1,197.65,2011-01-12 13:52:00,2011-01-12 13:52:00,United Kingdom,0,197.65
14186,427,5,1550.63,2010-03-05 11:17:00,2010-10-08 13:30:00,United Kingdom,217,310.13
14187,474,1,123.5,2010-08-23 12:06:00,2010-08-23 12:06:00,United Kingdom,0,123.5
14188,31,6,2054.36,2011-02-02 13:46:00,2011-11-09 12:45:00,United Kingdom,279,342.39
14189,2,16,5503.15,2010-11-16 09:28:00,2011-12-07 15:55:00,United Kingdom,386,343.95
14190,666,1,79.9,2010-02-11 14:27:00,2010-02-11 14:27:00,United Kingdom,0,79.9
14191,2,15,4817.66,2009-12-11 10:48:00,2011-12-08 09:23:00,United Kingdom,726,321.18
14192,388,1,293.74,2010-11-16 17:44:00,2010-11-16 17:44:00,United Kingdom,0,293.74
14193,68,3,1210.19,2010-11-08 12:31:00,2011-10-03 09:34:00,United Kingdom,328,403.4
14194,5,36,18670.59,2010-01-06 12:16:00,2011-12-05 10:38:00,United Kingdom,697,518.63
14195,202,6,2615.6,2010-03-15 17:12:00,2011-05-22 10:29:00,United Kingdom,432,435.93
14196,107,1,335.52,2011-08-25 10:25:00,2011-08-25 10:25:00,United Kingdom,0,335.52
14197,411,1,390.05,2010-10-25 10:01:00,2010-10-25 10:01:00,United Kingdom,0,390.05
14198,18,9,1569.73,2010-01-05 10:07:00,2011-11-21 16:35:00,United Kingdom,685,174.41
14199,218,4,1091.7,2010-06-27 12:13:00,2011-05-05 13:44:00,United Kingdom,312,272.92
14200,617,1,379.2,2010-04-01 13:01:00,2010-04-01 13:01:00,United Kingdom,0,379.2
14201,60,10,1193.54,2010-04-30 13:00:00,2011-10-10 13:27:00,United Kingdom,528,119.35
14202,381,3,847.76,2010-03-25 10:36:00,2010-11-23 17:13:00,United Kingdom,243,282.59
14203,397,1,339.34,2010-11-07 13:35:00,2010-11-07 13:35:00,United Kingdom,0,339.34
14204,2,4,1024.83,2009-12-02 13:26:00,2011-12-07 13:38:00,United Kingdom,735,256.21
14205,17,9,2414.2,2010-03-07 12:20:00,2011-11-23 10:55:00,United Kingdom,625,268.24
14206,239,3,1185.01,2010-11-02 11:37:00,2011-04-14 16:38:00,United Kingdom,163,395.0
14207,688,1,157.8,2010-01-21 09:33:00,2010-01-21 09:33:00,United Kingdom,0,157.8
14208,95,2,567.05,2010-06-06 13:11:00,2011-09-06 12:48:00,United Kingdom,456,283.52
14209,11,15,4993.27,2010-01-22 10:28:00,2011-11-29 10:18:00,United Kingdom,675,332.88
14210,106,16,5556.570000000001,2010-01-06 10:17:00,2011-08-26 12:36:00,United Kingdom,597,347.29
14211,53,18,4402.29,2009-12-09 12:48:00,2011-10-17 13:23:00,United Kingdom,677,244.57
14212,90,2,2190.14,2010-09-20 11:48:00,2011-09-11 12:45:00,United Kingdom,356,1095.07
14213,405,1,1192.2,2010-10-31 10:37:00,2010-10-31 10:37:00,United Kingdom,0,1192.2
14214,31,5,1004.38,2011-03-07 12:26:00,2011-11-09 10:31:00,United Kingdom,246,200.88
14215,12,9,3250.33,2009-12-08 09:35:00,2011-11-28 12:19:00,United Kingdom,720,361.15
14216,3,5,2150.04,2010-10-21 15:07:00,2011-12-06 14:56:00,United Kingdom,410,430.01
14217,2,23,3298.59,2010-06-30 12:54:00,2011-12-08 11:53:00,United Kingdom,525,143.42
14218,43,1,169.48000000000002,2011-10-28 10:00:00,2011-10-28 10:00:00,United Kingdom,0,169.48
14219,4,3,633.83,2010-08-03 14:42:00,2011-12-05 16:23:00,United Kingdom,489,211.28
14220,247,4,1515.0,2010-05-19 13:26:00,2011-04-06 13:23:00,United Kingdom,321,378.75
14221,42,17,6517.49,2010-04-06 14:10:00,2011-10-28 13:42:00,United Kingdom,569,383.38
14222,177,1,683.17,2011-06-15 16:42:00,2011-06-15 16:42:00,United Kingdom,0,683.17
14223,92,3,991.13,2011-03-20 16:02:00,2011-09-08 13:38:00,United Kingdom,171,330.38
14224,110,9,1841.71,2010-06-13 13:46:00,2011-08-21 13:24:00,United Kingdom,433,204.63
14225,435,4,2031.07,2010-01-12 15:02:00,2010-10-01 10:32:00,United Kingdom,261,507.77
14226,29,6,2985.13,2010-09-24 14:32:00,2011-11-11 11:34:00,United Kingdom,412,497.52
14227,26,15,6366.16,2010-02-08 09:38:00,2011-11-13 15:48:00,United Kingdom,643,424.41
14228,438,3,745.5,2010-06-11 12:29:00,2010-09-28 09:45:00,United Kingdom,108,248.5
14229,52,7,2594.04,2010-08-25 11:47:00,2011-10-19 10:04:00,United Kingdom,419,370.58
14230,436,3,979.8000000000001,2010-06-09 13:56:00,2010-09-30 09:07:00,United Kingdom,112,326.6
14231,184,4,1235.6200000000001,2010-09-15 09:52:00,2011-06-09 11:05:00,United Kingdom,267,308.91
14232,43,5,2048.07,2011-03-20 12:44:00,2011-10-28 11:09:00,United Kingdom,221,409.61
14233,49,7,2904.27,2010-03-05 16:35:00,2011-10-21 15:54:00,United Kingdom,594,414.9
14234,22,4,754.12,2011-10-13 13:58:00,2011-11-17 17:53:00,United Kingdom,35,188.53
14235,75,9,4717.99,2010-03-30 13:36:00,2011-09-25 14:37:00,United Kingdom,544,524.22
14236,81,5,1555.34,2010-07-22 14:27:00,2011-09-20 09:13:00,United Kingdom,424,311.07
14237,373,2,471.14,2010-04-28 10:04:00,2010-12-01 13:20:00,United Kingdom,217,235.57
14238,326,3,434.23,2009-12-05 10:58:00,2011-01-17 14:40:00,United Kingdom,408,144.74
14239,43,21,4263.17,2009-12-05 12:36:00,2011-10-27 14:40:00,United Kingdom,691,203.01
14240,30,3,1247.49,2010-10-12 12:48:00,2011-11-09 13:45:00,United Kingdom,393,415.83
14241,184,2,333.70000000000005,2010-01-12 15:11:00,2011-06-09 11:46:00,United Kingdom,512,166.85
14242,235,2,280.55,2011-01-18 08:53:00,2011-04-19 11:46:00,United Kingdom,91,140.28
14243,9,17,7217.75,2010-08-20 13:41:00,2011-12-01 11:12:00,United Kingdom,467,424.57
14244,661,1,366.41999999999996,2010-02-17 11:40:00,2010-02-17 11:40:00,United Kingdom,0,366.42
14245,220,2,1693.45,2011-03-21 10:41:00,2011-05-04 08:40:00,United Kingdom,43,846.72
14246,111,3,1474.06,2011-04-08 08:25:00,2011-08-21 11:50:00,United Kingdom,135,491.35
14247,278,5,753.56,2010-06-06 15:07:00,2011-03-06 15:21:00,United Kingdom,273,150.71
14248,318,3,1032.95,2010-07-12 14:27:00,2011-01-25 14:45:00,United Kingdom,197,344.32
14249,411,12,5400.46,2010-01-29 14:21:00,2010-10-25 12:34:00,United Kingdom,268,450.04
14250,7,3,1904.05,2011-09-11 13:44:00,2011-12-02 14:30:00,United Kingdom,82,634.68
14251,2,5,2879.7000000000003,2011-10-13 12:46:00,2011-12-08 08:32:00,United Kingdom,55,575.94
14252,381,1,350.99,2010-11-23 13:36:00,2010-11-23 13:36:00,United Kingdom,0,350.99
14253,493,2,363.40000000000003,2010-03-26 15:08:00,2010-08-03 14:55:00,United Kingdom,129,181.7
14254,433,1,601.03,2010-10-03 11:52:00,2010-10-03 11:52:00,United Kingdom,0,601.03
14256,260,5,2460.79,2010-01-14 10:35:00,2011-03-24 13:17:00,United Kingdom,434,492.16
14257,64,9,5954.45,2010-03-01 15:36:00,2011-10-06 16:54:00,United Kingdom,584,661.61
14258,9,25,32051.34,2009-12-04 08:36:00,2011-11-30 15:27:00,United Kingdom,726,1282.05
14259,142,1,120.0,2011-07-21 10:44:00,2011-07-21 10:44:00,United Kingdom,0,120.0
14260,471,3,824.28,2010-06-09 11:23:00,2010-08-25 14:55:00,United Kingdom,77,274.76
14261,51,2,1163.45,2011-09-22 10:47:00,2011-10-20 10:04:00,United Kingdom,27,581.72
14262,8,8,2618.23,2011-04-13 12:23:00,2011-12-01 14:17:00,United Kingdom,232,327.28
14263,423,1,322.93,2010-10-12 14:09:00,2010-10-12 14:09:00,United Kingdom,0,322.93
14264,155,6,1517.3600000000001,2010-04-07 13:21:00,2011-07-08 10:20:00,United Kingdom,456,252.89
14265,109,4,1373.35,2010-04-06 14:39:00,2011-08-22 13:32:00,Unspecified,502,343.34
14266,428,1,40.56,2010-10-07 13:32:00,2010-10-07 13:32:00,United Kingdom,0,40.56
14267,163,3,1516.24,2011-03-24 11:38:00,2011-06-30 10:09:00,United Kingdom,97,505.41
14268,471,1,354.85,2010-08-26 10:45:00,2010-08-26 10:45:00,United Kingdom,0,354.85
14269,439,1,295.73,2010-09-26 12:53:00,2010-09-26 12:53:00,United Kingdom,0,295.73
14270,332,1,492.65000000000003,2011-01-12 09:33:00,2011-01-12 09:33:00,United Kingdom,0,492.65
14271,226,2,214.18,2010-10-26 17:01:00,2011-04-28 12:47:00,United Kingdom,183,107.09
14272,74,4,920.81,2010-05-06 14:01:00,2011-09-27 10:08:00,United Kingdom,508,230.2
14273,51,4,559.97,2011-04-11 13:24:00,2011-10-19 13:20:00,United Kingdom,190,139.99
14274,686,1,256.6,2010-01-22 12:51:00,2010-01-22 12:51:00,United Kingdom,0,256.6
14275,396,6,1189.3799999999999,2010-04-11 12:32:00,2010-11-09 09:06:00,United Kingdom,211,198.23
14276,99,7,2102.68,2010-02-17 13:10:00,2011-09-02 09:45:00,United Kingdom,561,300.38
14277,15,8,16789.16,2009-12-13 15:43:00,2011-11-24 15:01:00,France,710,2098.64
14278,410,1,205.83,2010-10-26 12:07:00,2010-10-26 12:07:00,United Kingdom,0,205.83
14279,521,2,191.86,2010-01-27 16:34:00,2010-07-07 08:42:00,United Kingdom,160,95.93
14280,197,1,134.04,2011-05-27 10:37:00,2011-05-27 10:37:00,United Kingdom,0,134.04
14281,408,1,245.15,2010-10-27 14:45:00,2010-10-27 14:45:00,United Kingdom,0,245.15
14282,3,25,7250.76,2010-02-15 11:22:00,2011-12-06 17:04:00,United Kingdom,659,290.03
14283,463,4,628.4399999999999,2010-05-19 12:22:00,2010-09-02 14:46:00,United Kingdom,106,157.11
14284,31,3,1299.65,2010-02-24 12:06:00,2011-11-09 08:11:00,United Kingdom,622,433.22
14285,21,8,3284.42,2009-12-08 14:13:00,2011-11-18 14:50:00,United Kingdom,710,410.55
14286,24,7,8479.76,2009-12-04 08:40:00,2011-11-16 10:34:00,United Kingdom,712,1211.39
14287,8,3,176.63,2011-05-25 11:41:00,2011-12-01 13:25:00,United Kingdom,190,58.88
14288,213,1,426.6,2011-05-10 13:22:00,2011-05-10 13:22:00,United Kingdom,0,426.6
14289,9,6,911.26,2011-02-23 12:33:00,2011-12-01 11:44:00,United Kingdom,280,151.88
14290,11,8,4516.56,2009-12-08 11:44:00,2011-11-28 14:02:00,United Kingdom,720,564.57
14291,2,23,7904.1,2009-12-09 10:46:00,2011-12-08 10:26:00,United Kingdom,728,343.66
14292,8,16,9226.25,2010-03-19 11:10:00,2011-12-02 11:50:00,United Kingdom,623,576.64
14293,3,9,2903.01,2009-12-10 10:57:00,2011-12-06 15:17:00,United Kingdom,726,322.56
14294,407,1,375.34,2010-10-28 16:25:00,2010-10-28 16:25:00,United Kingdom,0,375.34
14295,40,4,2352.91,2009-12-09 13:06:00,2011-10-30 15:50:00,United Kingdom,690,588.23
14296,421,2,456.40000000000003,2010-05-14 14:34:00,2010-10-14 14:14:00,United Kingdom,152,228.2
14297,18,4,1305.33,2011-03-10 08:31:00,2011-11-22 09:06:00,United Kingdom,257,326.33
14298,8,82,91194.49,2009-12-11 13:49:00,2011-12-01 13:12:00,United Kingdom,719,1112.13
14299,8,27,14070.25,2009-12-02 10:58:00,2011-12-01 16:05:00,United Kingdom,729,521.12
14300,19,1,43.2,2011-11-21 08:57:00,2011-11-21 08:57:00,United Kingdom,0,43.2
14301,117,4,1992.18,2010-02-11 13:07:00,2011-08-14 15:33:00,United Kingdom,549,498.04
14302,431,3,742.9000000000001,2009-12-02 08:16:00,2010-10-05 08:10:00,United Kingdom,306,247.63
14303,407,2,277.94,2010-10-01 10:31:00,2010-10-28 15:37:00,United Kingdom,27,138.97
14304,223,3,1725.01,2010-05-18 10:50:00,2011-05-01 11:50:00,United Kingdom,348,575.0
14305,71,3,1858.96,2011-07-27 14:14:00,2011-09-29 15:29:00,United Kingdom,64,619.65
14306,51,6,3151.4,2010-01-31 13:42:00,2011-10-19 13:23:00,United Kingdom,625,525.23
14307,89,10,4287.92,2009-12-07 13:06:00,2011-09-12 09:38:00,United Kingdom,643,428.79
14309,8,11,3780.81,2010-06-07 10:24:00,2011-12-01 13:33:00,United Kingdom,542,343.71
14310,433,1,492.1,2010-10-03 12:34:00,2010-10-03 12:34:00,United Kingdom,0,492.1
14311,243,2,516.45,2010-05-21 10:28:00,2011-04-11 10:14:00,United Kingdom,324,258.23
14312,47,11,3090.29,2010-07-23 15:05:00,2011-10-24 09:46:00,United Kingdom,457,280.94
14314,107,2,229.8,2010-10-05 08:00:00,2011-08-25 10:39:00,United Kingdom,324,114.9
14315,45,8,3197.82,2010-03-15 12:49:00,2011-10-26 12:06:00,United Kingdom,589,399.73
14316,422,5,1370.34,2010-03-19 15:18:00,2010-10-13 16:31:00,United Kingdom,208,274.07
14317,65,1,508.58000000000004,2011-10-06 10:44:00,2011-10-06 10:44:00,United Kingdom,0,508.58
14318,460,1,158.02,2010-09-05 15:32:00,2010-09-05 15:32:00,United Kingdom,0,158.02
14319,424,1,494.85,2010-10-11 13:38:00,2010-10-11 13:38:00,United Kingdom,0,494.85
14320,207,5,1346.75,2010-01-21 11:44:00,2011-05-17 09:24:00,United Kingdom,480,269.35
14321,11,7,2218.06,2010-08-23 12:56:00,2011-11-29 09:47:00,United Kingdom,462,316.87
14322,429,4,474.1,2010-02-18 08:49:00,2010-10-06 15:17:00,United Kingdom,230,118.52
14323,115,2,605.0600000000001,2011-04-15 11:44:00,2011-08-17 11:37:00,United Kingdom,123,302.53
14324,410,2,701.61,2010-01-15 13:31:00,2010-10-26 11:44:00,United Kingdom,283,350.8
14325,570,1,245.48000000000002,2010-05-19 09:20:00,2010-05-19 09:20:00,United Kingdom,0,245.48
14326,242,3,940.98,2010-06-25 12:10:00,2011-04-11 15:04:00,United Kingdom,290,313.66
14327,163,6,1894.93,2010-01-08 14:04:00,2011-06-29 13:58:00,United Kingdom,536,315.82
14329,17,15,9887.62,2009-12-16 15:31:00,2011-11-22 15:50:00,United Kingdom,706,659.17
14330,624,1,200.63,2010-03-26 09:10:00,2010-03-26 09:10:00,United Kingdom,0,200.63
14331,124,2,462.65999999999997,2011-07-27 15:14:00,2011-08-07 13:17:00,United Kingdom,10,231.33
14332,23,5,1917.41,2010-10-19 13:01:00,2011-11-17 11:54:00,United Kingdom,393,383.48
14333,68,1,415.2,2011-10-03 10:38:00,2011-10-03 10:38:00,United Kingdom,0,415.2
14334,17,12,4318.48,2010-05-20 10:04:00,2011-11-23 10:01:00,United Kingdom,551,359.87
14335,16,2,454.86,2011-09-04 13:07:00,2011-11-23 13:41:00,Germany,80,227.43
14336,17,4,1614.91,2011-03-08 16:48:00,2011-11-23 11:40:00,United Kingdom,259,403.73
14338,161,3,928.1,2010-06-21 10:32:00,2011-07-01 14:08:00,United Kingdom,375,309.37
14339,243,2,620.27,2010-10-07 08:50:00,2011-04-11 11:06:00,United Kingdom,186,310.14
14340,219,1,134.7,2011-05-05 09:44:00,2011-05-05 09:44:00,United Kingdom,0,134.7
14341,45,18,4452.02,2009-12-01 12:20:00,2011-10-25 15:48:00,United Kingdom,693,247.33
14342,21,6,918.44,2010-08-24 13:03:00,2011-11-18 13:21:00,United Kingdom,451,153.07
14343,421,4,1079.66,2010-01-18 16:47:00,2010-10-14 13:05:00,United Kingdom,268,269.92
14344,127,20,2993.05,2010-03-23 15:47:00,2011-08-04 13:51:00,United Kingdom,498,149.65
14345,39,1,108.97999999999999,2011-11-01 09:51:00,2011-11-01 09:51:00,United Kingdom,0,108.98
14346,121,5,2315.75,2010-07-30 10:44:00,2011-08-11 09:47:00,United Kingdom,376,463.15
14347,737,1,82.6,2009-12-03 10:49:00,2009-12-03 10:49:00,United Kingdom,0,82.6
14348,260,1,409.57,2011-03-24 16:23:00,2011-03-24 16:23:00,United Kingdom,0,409.57
14349,10,1,133.5,2011-11-29 15:39:00,2011-11-29 15:39:00,United Kingdom,0,133.5
14350,274,3,972.03,2010-10-05 15:52:00,2011-03-10 14:14:00,United Kingdom,155,324.01
14351,165,1,51.0,2011-06-28 11:56:00,2011-06-28 11:56:00,United Kingdom,0,51.0
14352,157,4,1078.96,2011-03-11 14:58:00,2011-07-05 15:41:00,United Kingdom,116,269.74
14353,215,3,376.5,2010-10-04 12:38:00,2011-05-08 16:06:00,United Kingdom,216,125.5
14354,6,2,163.62,2011-11-09 15:36:00,2011-12-04 11:32:00,United Kingdom,24,81.81
14355,366,3,840.0500000000001,2010-03-22 15:08:00,2010-12-09 12:16:00,United Kingdom,261,280.02
14356,80,2,701.23,2011-09-19 14:43:00,2011-09-21 09:18:00,United Kingdom,1,350.62
14357,43,1,225.12,2011-10-27 16:23:00,2011-10-27 16:23:00,United Kingdom,0,225.12
14358,389,2,400.06,2010-10-07 17:26:00,2010-11-15 15:51:00,United Kingdom,38,200.03
14359,19,3,912.18,2011-09-13 09:03:00,2011-11-20 13:17:00,United Kingdom,68,304.06
14360,32,4,2118.03,2011-09-06 11:58:00,2011-11-08 09:12:00,United Kingdom,62,529.51
14361,579,1,214.70999999999998,2010-05-10 12:29:00,2010-05-10 12:29:00,United Kingdom,0,214.71
14362,22,1,151.5,2011-11-17 15:08:00,2011-11-17 15:08:00,United Kingdom,0,151.5
14363,402,2,227.47000000000003,2010-09-14 14:39:00,2010-11-02 17:01:00,United Kingdom,49,113.74
14364,109,8,3717.35,2011-05-12 12:56:00,2011-08-23 11:01:00,United Kingdom,102,464.67
14365,395,2,634.68,2010-01-27 09:44:00,2010-11-10 09:52:00,United Kingdom,287,317.34
14366,525,1,136.0,2010-07-02 17:23:00,2010-07-02 17:23:00,United Kingdom,0,136.0
14367,8,16,9227.82,2011-03-08 14:12:00,2011-12-01 13:19:00,United Kingdom,267,576.74
14368,320,1,155.0,2011-01-24 09:52:00,2011-01-24 09:52:00,United Kingdom,0,155.0
14369,642,2,469.13,2010-02-16 10:28:00,2010-03-07 15:47:00,United Kingdom,19,234.56
14370,451,6,1175.78,2010-02-01 08:35:00,2010-09-15 10:53:00,United Kingdom,226,195.96
14371,295,1,100.5,2011-02-17 16:35:00,2011-02-17 16:35:00,United Kingdom,0,100.5
14372,443,2,860.08,2010-04-19 15:57:00,2010-09-22 16:17:00,United Kingdom,156,430.04
14373,358,1,76.55,2010-12-16 15:40:00,2010-12-16 15:40:00,United Kingdom,0,76.55
14374,541,1,108.0,2010-06-16 14:25:00,2010-06-16 14:25:00,United Kingdom,0,108.0
14375,185,3,1106.82,2010-06-16 14:34:00,2011-06-07 13:44:00,United Kingdom,355,368.94
14376,683,1,215.46,2010-01-25 15:36:00,2010-01-25 15:36:00,United Kingdom,0,215.46
14377,191,2,617.05,2011-03-22 13:38:00,2011-06-01 13:32:00,United Kingdom,70,308.52
14378,622,1,131.25,2010-03-28 12:22:00,2010-03-28 12:22:00,United Kingdom,0,131.25
14379,44,4,1265.16,2010-08-16 15:31:00,2011-10-26 16:43:00,United Kingdom,436,316.29
14381,52,2,625.9399999999999,2010-09-14 16:15:00,2011-10-18 17:10:00,United Kingdom,399,312.97
14382,26,2,1193.6299999999999,2010-11-14 16:32:00,2011-11-13 16:18:00,United Kingdom,363,596.81
14383,38,3,1247.69,2011-06-29 10:18:00,2011-11-01 15:53:00,United Kingdom,125,415.9
14384,501,1,58.5,2010-07-27 09:53:00,2010-07-27 09:53:00,United Kingdom,0,58.5
14385,9,3,202.11,2011-11-16 11:55:00,2011-11-30 15:36:00,United Kingdom,14,67.37
14386,297,1,142.4,2011-02-16 09:45:00,2011-02-16 09:45:00,United Kingdom,0,142.4
14387,33,3,1727.6,2011-08-22 14:13:00,2011-11-07 12:29:00,United Kingdom,76,575.87
14388,10,16,6388.2,2010-01-20 11:54:00,2011-11-29 13:32:00,United Kingdom,678,399.26
14389,65,5,1898.01,2010-04-28 14:57:00,2011-10-05 15:17:00,United Kingdom,525,379.6
14390,10,13,6150.03,2010-10-10 14:30:00,2011-11-29 13:49:00,United Kingdom,414,473.08
14391,577,1,135.6,2010-05-12 09:42:00,2010-05-12 09:42:00,United Kingdom,0,135.6
14392,432,1,266.4,2010-10-03 12:56:00,2010-10-03 12:56:00,United Kingdom,0,266.4
14393,218,1,67.95,2011-05-05 18:16:00,2011-05-05 18:16:00,United Kingdom,0,67.95
14394,565,1,93.8,2010-05-24 10:43:00,2010-05-24 10:43:00,United Kingdom,0,93.8
14395,2,20,7801.93,2010-04-18 13:12:00,2011-12-07 14:34:00,United Kingdom,598,390.1
14396,65,7,1969.38,2009-12-02 14:21:00,2011-10-05 16:09:00,United Kingdom,672,281.34
14397,3,19,2612.96,2011-05-10 12:25:00,2011-12-07 09:22:00,United Kingdom,210,137.52
14398,401,2,707.79,2010-06-30 11:57:00,2010-11-03 13:46:00,United Kingdom,126,353.9
14399,394,8,2108.21,2010-02-03 13:09:00,2010-11-10 13:23:00,United Kingdom,280,263.53
14400,149,3,1732.47,2010-03-18 12:11:00,2011-07-13 15:50:00,United Kingdom,482,577.49
14401,4,22,6795.9,2009-12-14 13:22:00,2011-12-05 13:30:00,United Kingdom,721,308.9
14402,652,1,285.6,2010-02-25 13:20:00,2010-02-25 13:20:00,United Kingdom,0,285.6
14403,130,6,1880.51,2010-03-10 14:00:00,2011-08-01 12:57:00,United Kingdom,508,313.42
14404,34,13,2724.13,2009-12-20 14:40:00,2011-11-06 12:30:00,United Kingdom,685,209.55
14405,387,1,195.0,2010-11-18 11:40:00,2010-11-18 11:40:00,United Kingdom,0,195.0
14406,119,1,156.75,2011-08-12 16:54:00,2011-08-12 16:54:00,United Kingdom,0,156.75
14407,107,5,2142.73,2011-03-08 11:59:00,2011-08-24 14:02:00,United Kingdom,169,428.55
14408,11,11,4102.27,2009-12-07 12:18:00,2011-11-29 11:41:00,United Kingdom,721,372.93
14409,71,9,3427.29,2010-05-21 16:45:00,2011-09-29 18:18:00,United Kingdom,496,380.81
14410,92,11,2630.9,2010-09-28 15:46:00,2011-09-08 15:08:00,United Kingdom,344,239.17
14411,311,1,1063.0,2011-02-02 10:56:00,2011-02-02 10:56:00,United Kingdom,0,1063.0
14412,43,3,1426.19,2010-10-11 12:33:00,2011-10-28 10:45:00,United Kingdom,381,475.4
14413,362,3,421.72,2010-01-19 14:27:00,2010-12-12 13:37:00,United Kingdom,326,140.57
14414,92,8,2399.33,2010-11-30 10:12:00,2011-09-09 12:09:00,United Kingdom,283,299.92
14415,1,23,11980.09,2009-12-16 14:08:00,2011-12-08 14:38:00,United Kingdom,722,520.87
14416,22,2,490.22,2011-10-28 15:10:00,2011-11-17 15:22:00,United Kingdom,20,245.11
14417,388,1,524.65,2010-11-17 10:55:00,2010-11-17 10:55:00,United Kingdom,0,524.65
14418,4,3,1937.25,2011-08-23 17:18:00,2011-12-06 11:39:00,United Kingdom,104,645.75
14419,11,7,1254.64,2010-11-22 11:09:00,2011-11-29 11:22:00,United Kingdom,372,179.23
14420,99,4,1639.17,2010-01-17 12:41:00,2011-09-01 18:07:00,United Kingdom,592,409.79
14421,57,6,2469.37,2010-01-17 11:30:00,2011-10-13 13:24:00,United Kingdom,634,411.56
14422,1,19,10271.52,2009-12-17 12:12:00,2011-12-09 11:26:00,United Kingdom,721,540.61
14423,218,3,916.6099999999999,2010-01-14 11:49:00,2011-05-05 15:12:00,United Kingdom,476,305.54
14424,18,1,322.08,2011-11-22 11:48:00,2011-11-22 11:48:00,United Kingdom,0,322.08
14425,435,3,661.39,2009-12-02 11:31:00,2010-10-01 10:24:00,United Kingdom,302,220.46
14426,24,17,11727.94,2010-03-04 14:36:00,2011-11-16 12:25:00,United Kingdom,621,689.88
14427,50,4,1263.52,2010-03-18 09:49:00,2011-10-20 14:23:00,United Kingdom,581,315.88
14428,7,5,1224.06,2011-01-18 16:39:00,2011-12-02 13:17:00,United Kingdom,317,244.81
14429,404,1,516.28,2010-11-01 10:08:00,2010-11-01 10:08:00,United Kingdom,0,516.28
14430,512,3,1220.9,2010-04-11 15:59:00,2010-07-16 11:35:00,United Kingdom,95,406.97
14431,303,4,2614.2,2010-01-21 10:49:00,2011-02-10 10:40:00,United Kingdom,384,653.55
14432,10,6,2248.5,2011-09-11 14:09:00,2011-11-30 08:04:00,United Kingdom,79,374.75
14433,466,1,280.7,2010-08-31 12:35:00,2010-08-31 12:35:00,United Kingdom,0,280.7
14434,22,6,1372.8,2011-09-28 15:31:00,2011-11-18 08:56:00,United Kingdom,50,228.8
14435,502,1,90.42,2010-07-26 12:33:00,2010-07-26 12:33:00,United Kingdom,0,90.42
14436,99,2,271.70000000000005,2010-06-04 11:32:00,2011-09-02 10:13:00,United Kingdom,454,135.85
14437,366,5,873.34,2010-05-05 12:20:00,2010-12-09 09:27:00,United Kingdom,217,174.67
14438,306,1,131.9,2011-02-06 14:56:00,2011-02-06 14:56:00,United Kingdom,0,131.9
14439,320,5,9443.04,2010-01-21 14:01:00,2011-01-24 11:39:00,Greece,367,1888.61
14440,8,13,5982.03,2009-12-02 12:13:00,2011-12-01 15:42:00,United Kingdom,729,460.16
14441,1,11,4611.6900000000005,2010-01-18 10:40:00,2011-12-09 09:07:00,United Kingdom,689,419.24
14442,205,7,5367.0199999999995,2010-01-18 12:59:00,2011-05-19 11:36:00,Channel Islands,485,766.72
14443,54,5,2082.97,2010-11-25 14:18:00,2011-10-17 10:10:00,United Kingdom,325,416.59
14444,456,1,120.44,2010-09-09 18:56:00,2010-09-09 18:56:00,United Kingdom,0,120.44
14445,456,1,221.65,2010-09-10 11:09:00,2010-09-10 11:09:00,United Kingdom,0,221.65
14446,1,5,1195.48,2010-11-18 12:08:00,2011-12-09 11:34:00,United Kingdom,385,239.1
14447,19,6,1711.73,2010-11-04 13:32:00,2011-11-21 08:28:00,United Kingdom,381,285.29
14448,9,2,375.35,2010-12-10 17:26:00,2011-11-30 13:50:00,United Kingdom,354,187.68
14449,19,8,2230.96,2010-09-29 13:15:00,2011-11-21 12:06:00,United Kingdom,417,278.87
14450,181,7,1128.44,2010-04-08 12:09:00,2011-06-12 10:46:00,United Kingdom,429,161.21
14451,60,12,3258.68,2010-01-17 10:35:00,2011-10-10 13:38:00,United Kingdom,631,271.56
14452,11,4,658.95,2010-07-06 13:13:00,2011-11-29 12:06:00,United Kingdom,510,164.74
14453,190,1,119.93,2011-06-02 14:15:00,2011-06-02 14:15:00,United Kingdom,0,119.93
14454,376,5,977.3,2009-12-06 12:56:00,2010-11-28 13:26:00,United Kingdom,357,195.46
14455,432,4,617.72,2010-08-01 13:26:00,2010-10-03 15:48:00,United Kingdom,63,154.43
14456,5,9,3014.32,2011-07-20 13:06:00,2011-12-04 13:59:00,United Kingdom,137,334.92
14457,311,1,113.64,2011-02-02 09:39:00,2011-02-02 09:39:00,United Kingdom,0,113.64
14458,381,1,219.26999999999998,2010-11-24 12:43:00,2010-11-24 12:43:00,United Kingdom,0,219.27
14459,155,2,5375.74,2010-02-26 13:26:00,2011-07-07 13:35:00,United Kingdom,496,2687.87
14460,110,9,1093.5,2009-12-15 19:06:00,2011-08-21 14:19:00,United Kingdom,613,121.5
14461,148,13,6676.52,2010-01-18 12:48:00,2011-07-14 17:11:00,United Kingdom,542,513.58
14462,66,12,2237.81,2010-10-03 14:13:00,2011-10-04 15:55:00,United Kingdom,366,186.48
14463,98,4,786.5699999999999,2010-07-28 11:35:00,2011-09-02 15:20:00,United Kingdom,401,196.64
14464,568,2,111.0,2010-03-22 15:20:00,2010-05-20 18:00:00,United Kingdom,59,55.5
14465,247,11,3925.85,2010-01-07 15:03:00,2011-04-07 12:38:00,United Kingdom,454,356.9
14466,29,13,4267.15,2009-12-13 15:44:00,2011-11-10 14:07:00,United Kingdom,696,328.24
14467,18,12,2203.2400000000002,2009-12-02 12:44:00,2011-11-22 12:48:00,United Kingdom,720,183.6
14468,734,1,204.24,2009-12-06 12:21:00,2009-12-06 12:21:00,United Kingdom,0,204.24
14469,416,4,2093.46,2010-01-29 11:12:00,2010-10-19 14:30:00,United Kingdom,263,523.36
14470,12,3,712.04,2010-10-05 12:39:00,2011-11-28 10:31:00,United Kingdom,418,237.35
14471,591,2,400.95,2009-12-07 12:26:00,2010-04-27 17:12:00,United Kingdom,141,200.48
14472,104,9,2118.72,2010-01-19 13:09:00,2011-08-28 11:01:00,United Kingdom,585,235.41
14473,74,2,234.34000000000003,2011-03-02 13:56:00,2011-09-26 15:10:00,United Kingdom,208,117.17
14474,46,2,1258.8899999999999,2010-05-09 12:12:00,2011-10-24 13:26:00,United Kingdom,533,629.44
14475,72,4,1151.15,2010-10-27 09:20:00,2011-09-29 10:46:00,United Kingdom,337,287.79
14476,257,1,193.0,2011-03-27 15:39:00,2011-03-27 15:39:00,United Kingdom,0,193.0
14477,20,7,1969.6,2010-01-04 15:41:00,2011-11-20 11:11:00,United Kingdom,684,281.37
14478,382,4,1276.66,2009-12-01 13:20:00,2010-11-22 15:29:00,United Kingdom,356,319.17
14479,254,4,1124.71,2009-12-06 13:48:00,2011-03-31 09:07:00,United Kingdom,479,281.18
14480,11,4,1299.52,2009-12-21 16:32:00,2011-11-28 16:35:00,United Kingdom,707,324.88
14481,165,5,2284.69,2010-01-31 12:43:00,2011-06-28 10:38:00,United Kingdom,512,456.94
14482,18,12,4306.72,2010-08-26 14:13:00,2011-11-21 13:14:00,United Kingdom,451,358.89
14483,282,2,257.1,2009-12-03 10:16:00,2011-03-03 10:26:00,United Kingdom,455,128.55
14484,50,4,1070.98,2009-12-17 10:57:00,2011-10-20 14:11:00,United Kingdom,672,267.74
14485,39,1,162.8,2011-11-01 12:25:00,2011-11-01 12:25:00,United Kingdom,0,162.8
14486,512,2,175.5,2010-06-04 10:30:00,2010-07-16 09:42:00,United Kingdom,41,87.75
14487,27,7,1266.27,2010-11-25 13:36:00,2011-11-13 12:17:00,United Kingdom,352,180.9
14488,68,1,1064.28,2011-10-03 09:30:00,2011-10-03 09:30:00,United Kingdom,0,1064.28
14489,207,4,1574.93,2010-04-06 09:52:00,2011-05-16 14:51:00,United Kingdom,405,393.73
14490,406,2,1273.47,2010-10-07 11:36:00,2010-10-29 15:04:00,United Kingdom,22,636.74
14491,175,2,340.93,2010-12-02 12:10:00,2011-06-17 15:22:00,United Kingdom,197,170.46
14492,430,7,1921.91,2010-03-30 14:23:00,2010-10-05 13:21:00,United Kingdom,188,274.56
14493,7,10,5087.86,2010-03-08 08:33:00,2011-12-02 16:14:00,United Kingdom,634,508.79
14494,26,3,401.46,2009-12-08 13:25:00,2011-11-14 09:21:00,United Kingdom,705,133.82
14495,51,3,174.8,2010-02-18 08:49:00,2011-10-20 12:28:00,United Kingdom,609,58.27
14496,312,7,2363.89,2010-03-16 13:15:00,2011-02-01 09:01:00,United Kingdom,321,337.7
14497,309,2,697.0600000000001,2010-02-04 09:59:00,2011-02-03 17:01:00,United Kingdom,364,348.53
14498,43,10,3900.83,2010-06-07 16:05:00,2011-10-28 12:09:00,United Kingdom,507,390.08
14499,26,7,2101.79,2010-08-27 11:57:00,2011-11-13 13:01:00,United Kingdom,443,300.26
14500,88,3,356.85,2011-06-03 10:08:00,2011-09-12 16:45:00,United Kingdom,101,118.95
14501,184,2,251.21,2011-01-24 10:43:00,2011-06-09 12:02:00,United Kingdom,136,125.6
14502,20,11,2426.79,2011-01-30 15:52:00,2011-11-20 11:50:00,United Kingdom,293,220.62
14503,3,6,3543.26,2011-06-14 10:00:00,2011-12-06 13:30:00,United Kingdom,175,590.54
14504,47,4,673.26,2011-03-06 14:38:00,2011-10-23 16:00:00,United Kingdom,231,168.32
14505,17,19,11873.08,2009-12-09 14:48:00,2011-11-22 15:45:00,United Kingdom,713,624.9
14506,17,7,2960.25,2010-04-19 08:27:00,2011-11-22 13:02:00,United Kingdom,582,422.89
14507,24,11,3216.7400000000002,2009-12-10 17:04:00,2011-11-16 12:21:00,United Kingdom,705,292.43
14508,22,5,822.92,2010-06-17 13:02:00,2011-11-17 19:48:00,United Kingdom,518,164.58
14509,534,1,110.95,2010-06-23 13:21:00,2010-06-23 13:21:00,United Kingdom,0,110.95
14510,376,3,979.85,2010-09-29 13:35:00,2010-11-29 12:46:00,United Kingdom,60,326.62
14511,11,5,1314.81,2011-07-29 12:13:00,2011-11-28 17:05:00,United Kingdom,122,262.96
14512,188,7,1215.97,2009-12-07 13:49:00,2011-06-05 12:39:00,United Kingdom,544,173.71
14513,101,6,788.01,2010-05-20 17:57:00,2011-08-31 11:25:00,United Kingdom,467,131.34
14514,61,9,4380.04,2009-12-13 13:21:00,2011-10-09 16:05:00,United Kingdom,665,486.67
14515,18,12,3724.06,2010-06-07 12:37:00,2011-11-22 11:37:00,United Kingdom,532,310.34
14516,516,1,151.17,2010-07-11 14:07:00,2010-07-11 14:07:00,United Kingdom,0,151.17
14517,33,2,330.45,2011-07-21 11:42:00,2011-11-06 14:20:00,United Kingdom,108,165.22
14518,64,1,174.37,2011-10-06 14:43:00,2011-10-06 14:43:00,United Kingdom,0,174.37
14519,684,2,203.14,2009-12-11 10:40:00,2010-01-25 11:18:00,United Kingdom,45,101.57
14520,2,2,270.6,2011-02-22 09:15:00,2011-12-08 09:46:00,United Kingdom,289,135.3
14521,491,1,199.45000000000002,2010-08-05 16:35:00,2010-08-05 16:35:00,United Kingdom,0,199.45
14522,24,8,1748.42,2010-01-24 13:55:00,2011-11-15 13:24:00,United Kingdom,659,218.55
14523,108,1,241.09,2011-08-23 13:13:00,2011-08-23 13:13:00,United Kingdom,0,241.09
14524,32,13,2909.86,2010-10-19 11:44:00,2011-11-08 12:29:00,United Kingdom,385,223.84
14525,20,17,8018.59,2009-12-13 14:01:00,2011-11-20 11:37:00,United Kingdom,706,471.68
14526,389,1,258.65,2010-11-15 13:32:00,2010-11-15 13:32:00,United Kingdom,0,258.65
14527,3,121,27191.1,2009-12-02 12:06:00,2011-12-07 12:19:00,United Kingdom,735,224.72
14528,37,1,364.21999999999997,2011-11-02 17:09:00,2011-11-02 17:09:00,United Kingdom,0,364.22
14529,60,3,578.61,2011-08-21 14:10:00,2011-10-10 15:27:00,United Kingdom,50,192.87
14530,26,16,6088.87,2010-01-21 11:25:00,2011-11-14 10:38:00,United Kingdom,661,380.55
14531,480,1,376.34,2010-08-17 10:16:00,2010-08-17 10:16:00,United Kingdom,0,376.34
14532,236,11,3845.78,2010-01-10 11:47:00,2011-04-17 13:05:00,United Kingdom,462,349.62
14533,25,11,3466.37,2010-04-08 12:13:00,2011-11-15 12:05:00,United Kingdom,585,315.12
14534,3,26,6183.06,2010-03-15 14:16:00,2011-12-07 12:19:00,United Kingdom,631,237.81
14535,60,9,5961.89,2010-02-24 15:03:00,2011-10-10 15:39:00,United Kingdom,593,662.43
14536,260,1,170.95,2011-03-25 12:21:00,2011-03-25 12:21:00,United Kingdom,0,170.95
14537,58,2,641.4,2010-03-26 13:44:00,2011-10-13 10:54:00,United Kingdom,565,320.7
14538,65,5,1370.8400000000001,2010-01-25 15:42:00,2011-10-06 10:31:00,United Kingdom,618,274.17
14539,16,2,537.48,2011-10-26 12:03:00,2011-11-24 09:50:00,United Kingdom,28,268.74
14540,10,11,3709.64,2009-12-07 13:00:00,2011-11-30 10:15:00,United Kingdom,722,337.24
14541,59,14,2491.38,2010-01-07 11:59:00,2011-10-12 10:08:00,United Kingdom,642,177.96
14542,186,1,103.25,2011-06-07 08:19:00,2011-06-07 08:19:00,United Kingdom,0,103.25
14543,29,39,14548.22,2009-12-01 13:47:00,2011-11-11 12:45:00,United Kingdom,709,373.03
14544,24,3,2938.53,2010-08-26 16:00:00,2011-11-15 15:06:00,United Kingdom,445,979.51
14545,674,1,349.25,2010-02-03 15:23:00,2010-02-03 15:23:00,United Kingdom,0,349.25
14546,5,11,5184.84,2009-12-06 13:10:00,2011-12-04 13:00:00,United Kingdom,727,471.35
14547,4,8,3974.75,2011-10-16 14:35:00,2011-12-06 11:06:00,United Kingdom,50,496.84
14548,151,9,2541.29,2009-12-06 14:00:00,2011-07-12 12:19:00,United Kingdom,582,282.37
14549,311,4,913.6,2009-12-02 14:06:00,2011-02-01 13:47:00,United Kingdom,425,228.4
14550,11,4,1345.06,2010-08-13 12:05:00,2011-11-29 12:12:00,United Kingdom,473,336.26
14551,18,7,878.09,2010-01-27 12:06:00,2011-11-21 13:36:00,United Kingdom,663,125.44
14552,152,3,507.93,2010-04-26 13:44:00,2011-07-11 12:49:00,United Kingdom,440,169.31
14553,19,9,1818.6,2010-07-18 12:07:00,2011-11-20 13:20:00,United Kingdom,490,202.07
14554,10,4,2279.4900000000002,2011-10-18 13:04:00,2011-11-29 16:44:00,United Kingdom,42,569.87
14555,57,6,2304.03,2009-12-18 11:39:00,2011-10-13 16:24:00,United Kingdom,664,384.01
14556,596,3,815.69,2010-01-20 11:49:00,2010-04-22 14:57:00,United Kingdom,92,271.9
14557,85,1,788.38,2011-09-15 15:48:00,2011-09-15 15:48:00,United Kingdom,0,788.38
14558,654,3,655.5,2009-12-08 10:41:00,2010-02-23 12:51:00,United Kingdom,77,218.5
14559,390,1,75.6,2010-11-14 16:05:00,2010-11-14 16:05:00,United Kingdom,0,75.6
14560,7,44,6114.03,2009-12-02 10:15:00,2011-12-02 15:22:00,United Kingdom,730,138.96
14561,76,3,1080.76,2011-06-08 13:26:00,2011-09-25 12:39:00,United Kingdom,108,360.25
14562,4,26,6638.150000000001,2010-02-07 14:10:00,2011-12-06 11:05:00,United Kingdom,666,255.31
14563,510,2,625.42,2010-04-26 12:51:00,2010-07-18 12:01:00,United Kingdom,82,312.71
14564,435,2,2605.62,2009-12-04 09:27:00,2010-10-01 09:02:00,Channel Islands,300,1302.81
14565,96,5,3709.2200000000003,2010-08-23 09:48:00,2011-09-05 09:07:00,United Kingdom,377,741.84
14566,111,4,4092.0,2010-06-24 10:34:00,2011-08-21 11:05:00,Channel Islands,423,1023.0
14567,57,2,1530.3600000000001,2011-08-01 13:48:00,2011-10-14 10:21:00,United Kingdom,73,765.18
14568,435,1,919.7,2010-09-30 17:15:00,2010-09-30 17:15:00,Channel Islands,0,919.7
14569,1,4,597.3299999999999,2010-04-15 11:49:00,2011-12-08 14:58:00,United Kingdom,602,149.33
14570,281,3,512.4,2010-09-22 13:07:00,2011-03-04 10:58:00,United Kingdom,162,170.8
14571,425,1,160.0,2010-10-10 15:06:00,2010-10-10 15:06:00,United Kingdom,0,160.0
14572,3,11,5520.9800000000005,2010-03-28 13:47:00,2011-12-06 14:40:00,United Kingdom,618,501.91
14573,180,13,2163.12,2010-01-08 16:34:00,2011-06-13 11:15:00,United Kingdom,520,166.39
14574,733,1,143.70000000000002,2009-12-07 12:42:00,2009-12-07 12:42:00,United Kingdom,0,143.7
14575,488,1,420.22,2010-08-08 14:51:00,2010-08-08 14:51:00,United Kingdom,0,420.22
14576,372,1,35.400000000000006,2010-12-02 17:51:00,2010-12-02 17:51:00,United Kingdom,0,35.4
14577,13,7,1364.15,2009-12-11 12:09:00,2011-11-27 12:47:00,United Kingdom,716,194.88
14578,3,1,168.63,2011-12-06 17:18:00,2011-12-06 17:18:00,United Kingdom,0,168.63
14579,432,1,105.56,2010-10-03 14:36:00,2010-10-03 14:36:00,United Kingdom,0,105.56
14580,518,1,14.850000000000001,2010-07-09 15:20:00,2010-07-09 15:20:00,United Kingdom,0,14.85
14581,17,2,409.65,2010-06-13 15:48:00,2011-11-23 12:39:00,United Kingdom,527,204.82
14582,41,1,114.11,2011-10-30 11:56:00,2011-10-30 11:56:00,United Kingdom,0,114.11
14583,6,8,1660.29,2010-03-28 15:16:00,2011-12-04 12:32:00,United Kingdom,615,207.54
14584,169,8,1738.16,2010-02-17 14:01:00,2011-06-23 18:33:00,United Kingdom,491,217.27
14585,50,5,1143.27,2010-10-19 12:17:00,2011-10-20 14:33:00,United Kingdom,366,228.65
14586,277,1,237.36,2011-03-08 10:04:00,2011-03-08 10:04:00,United Kingdom,0,237.36
14587,19,9,1580.29,2011-01-12 13:16:00,2011-11-21 11:34:00,United Kingdom,312,175.59
14588,578,1,135.39,2010-05-10 15:08:00,2010-05-10 15:08:00,United Kingdom,0,135.39
14589,372,1,39.75,2010-12-03 11:42:00,2010-12-03 11:42:00,United Kingdom,0,39.75
14590,425,20,2993.37,2009-12-07 14:10:00,2010-10-11 12:06:00,United Kingdom,307,149.67
14591,15,4,1320.21,2011-05-10 14:09:00,2011-11-24 13:57:00,United Kingdom,197,330.05
14592,35,3,557.94,2011-10-06 18:08:00,2011-11-04 16:35:00,United Kingdom,28,185.98
14593,22,12,3658.0299999999997,2009-12-09 12:57:00,2011-11-18 12:48:00,United Kingdom,708,304.84
14594,7,2,363.33,2010-12-01 13:54:00,2011-12-02 13:28:00,United Kingdom,365,181.66
14595,20,8,2164.45,2010-01-20 13:59:00,2011-11-20 12:12:00,United Kingdom,668,270.56
14596,627,1,222.22000000000003,2010-03-23 12:13:00,2010-03-23 12:13:00,United Kingdom,0,222.22
14597,11,6,2184.63,2010-09-28 13:17:00,2011-11-28 13:13:00,United Kingdom,425,364.1
14598,44,2,384.04,2010-05-19 13:07:00,2011-10-26 13:19:00,United Kingdom,525,192.02
14599,390,2,457.89,2010-07-18 15:54:00,2010-11-14 14:49:00,United Kingdom,118,228.94
14600,306,2,865.1700000000001,2010-11-11 15:56:00,2011-02-07 09:48:00,United Kingdom,87,432.58
14601,11,1,213.96,2011-11-29 09:48:00,2011-11-29 09:48:00,United Kingdom,0,213.96
14602,656,1,205.35999999999999,2010-02-21 15:47:00,2010-02-21 15:47:00,United Kingdom,0,205.36
14603,275,1,660.0,2011-03-10 10:27:00,2011-03-10 10:27:00,United Kingdom,0,660.0
14604,633,1,136.35999999999999,2010-03-16 13:00:00,2010-03-16 13:00:00,United Kingdom,0,136.36
14605,374,4,920.71,2009-12-08 13:59:00,2010-11-30 14:07:00,United Kingdom,357,230.18
14606,1,184,29648.75,2009-12-03 12:40:00,2011-12-08 19:28:00,United Kingdom,735,161.13
14607,16,20,22575.13,2009-12-15 11:25:00,2011-11-24 10:35:00,United Kingdom,708,1128.76
14608,4,10,3342.94,2009-12-06 12:34:00,2011-12-05 16:52:00,United Kingdom,729,334.29
14609,72,10,1486.2,2010-02-09 09:48:00,2011-09-28 12:54:00,United Kingdom,596,148.62
14610,396,2,24.35,2010-07-13 16:06:00,2010-11-09 10:58:00,United Kingdom,118,12.18
14611,444,2,604.3299999999999,2010-04-20 10:19:00,2010-09-22 09:19:00,United Kingdom,154,302.16
14612,415,1,877.7,2010-10-20 16:01:00,2010-10-20 16:01:00,United Kingdom,0,877.7
14613,680,1,76.32000000000001,2010-01-28 13:02:00,2010-01-28 13:02:00,United Kingdom,0,76.32
14614,386,1,295.13,2010-11-18 13:04:00,2010-11-18 13:04:00,United Kingdom,0,295.13
14615,394,5,951.76,2010-06-09 13:59:00,2010-11-10 13:36:00,United Kingdom,153,190.35
14616,243,5,527.78,2010-06-09 09:42:00,2011-04-11 09:54:00,United Kingdom,306,105.56
14617,403,2,190.47000000000003,2010-10-20 10:40:00,2010-11-02 11:41:00,United Kingdom,13,95.24
14618,9,7,1342.32,2010-06-11 10:11:00,2011-11-30 13:45:00,United Kingdom,537,191.76
14619,246,2,1291.24,2010-06-16 14:41:00,2011-04-08 07:37:00,United Kingdom,295,645.62
14620,206,2,412.78000000000003,2011-03-01 08:30:00,2011-05-18 11:58:00,United Kingdom,78,206.39
14621,1,9,3000.57,2010-01-25 09:08:00,2011-12-08 16:22:00,United Kingdom,682,333.4
14622,185,1,320.58000000000004,2011-06-08 12:42:00,2011-06-08 12:42:00,United Kingdom,0,320.58
14623,32,10,2012.3,2010-04-16 17:12:00,2011-11-07 13:56:00,United Kingdom,569,201.23
14624,57,6,814.07,2010-04-14 10:44:00,2011-10-13 13:44:00,United Kingdom,547,135.68
14625,196,11,4497.88,2009-12-16 13:23:00,2011-05-27 15:32:00,United Kingdom,527,408.9
14626,24,11,5410.92,2009-12-10 14:57:00,2011-11-16 10:37:00,United Kingdom,705,491.9
14627,379,1,462.75,2010-11-25 16:32:00,2010-11-25 16:32:00,United Kingdom,0,462.75
14628,91,5,1998.0,2010-01-25 14:40:00,2011-09-09 14:58:00,United Kingdom,592,399.6
14629,4,2,955.26,2011-10-23 16:13:00,2011-12-05 16:55:00,United Kingdom,43,477.63
14630,484,1,338.65,2010-08-12 16:38:00,2010-08-12 16:38:00,United Kingdom,0,338.65
14631,51,6,2025.69,2010-08-09 14:45:00,2011-10-20 11:17:00,United Kingdom,436,337.62
14632,263,1,114.56,2011-03-22 08:49:00,2011-03-22 08:49:00,United Kingdom,0,114.56
14633,266,1,344.90000000000003,2011-03-18 17:07:00,2011-03-18 17:07:00,United Kingdom,0,344.9
14634,438,4,2124.46,2010-06-16 09:48:00,2010-09-28 10:40:00,United Kingdom,104,531.12
14635,454,1,215.22,2010-09-12 10:47:00,2010-09-12 10:47:00,United Kingdom,0,215.22
14636,36,2,609.85,2011-03-16 09:52:00,2011-11-03 16:12:00,United Kingdom,232,304.92
14637,677,1,106.67999999999999,2010-01-31 15:52:00,2010-01-31 15:52:00,United Kingdom,0,106.68
14638,51,1,443.6,2011-10-20 10:10:00,2011-10-20 10:10:00,United Kingdom,0,443.6
14639,52,9,4978.96,2010-02-16 12:35:00,2011-10-18 15:06:00,United Kingdom,609,553.22
14640,24,10,3649.36,2010-01-22 15:44:00,2011-11-15 13:07:00,United Kingdom,661,364.94
14641,22,1,110.46,2011-11-18 10:42:00,2011-11-18 10:42:00,United Kingdom,0,110.46
14642,59,1,96.12,2011-10-12 11:08:00,2011-10-12 11:08:00,United Kingdom,0,96.12
14643,170,5,1679.89,2009-12-11 11:52:00,2011-06-22 14:41:00,United Kingdom,558,335.98
14644,68,7,2247.72,2009-12-03 16:24:00,2011-10-03 08:30:00,United Kingdom,668,321.1
14645,157,3,876.89,2010-03-15 11:33:00,2011-07-06 09:15:00,United Kingdom,477,292.3
14646,2,145,526751.52,2009-12-02 16:52:00,2011-12-08 12:12:00,Netherlands,735,3632.77
14647,201,2,506.04,2010-07-04 13:27:00,2011-05-22 13:40:00,United Kingdom,322,253.02
14648,416,15,4463.39,2009-12-10 13:59:00,2010-10-19 13:12:00,United Kingdom,312,297.56
14649,5,9,3651.19,2010-01-20 13:10:00,2011-12-05 12:30:00,United Kingdom,683,405.69
14650,589,1,62.5,2010-04-29 20:27:00,2010-04-29 20:27:00,United Kingdom,0,62.5
14651,67,9,2025.52,2010-03-18 11:39:00,2011-10-03 15:52:00,United Kingdom,564,225.06
14652,77,1,114.18,2011-09-23 14:21:00,2011-09-23 14:21:00,United Kingdom,0,114.18
14653,1,11,3404.8,2009-12-02 11:51:00,2011-12-08 13:45:00,United Kingdom,736,309.53
14654,738,1,246.86,2009-12-01 12:57:00,2009-12-01 12:57:00,United Kingdom,0,246.86
14655,8,7,3878.51,2010-04-22 14:29:00,2011-12-01 16:28:00,United Kingdom,588,554.07
14656,169,5,790.0,2010-04-15 12:10:00,2011-06-23 13:51:00,United Kingdom,434,158.0
14657,18,6,1450.19,2010-09-30 19:57:00,2011-11-22 12:47:00,United Kingdom,417,241.7
14658,5,2,247.15,2011-08-14 15:42:00,2011-12-04 15:35:00,United Kingdom,111,123.58
14659,9,9,2529.93,2011-01-28 12:43:00,2011-12-01 12:17:00,United Kingdom,306,281.1
14660,87,2,285.74,2011-08-31 10:40:00,2011-09-14 11:34:00,United Kingdom,14,142.87
14661,27,1,107.95,2011-11-13 11:51:00,2011-11-13 11:51:00,United Kingdom,0,107.95
14662,29,7,1376.43,2009-12-03 16:47:00,2011-11-11 12:13:00,United Kingdom,707,196.63
14663,430,2,490.6,2010-10-05 13:12:00,2010-10-05 13:21:00,United Kingdom,0,245.3
14664,20,2,636.24,2011-11-06 14:56:00,2011-11-20 10:59:00,United Kingdom,13,318.12
14665,61,7,2749.65,2010-04-26 11:17:00,2011-10-10 09:14:00,United Kingdom,531,392.81
14666,24,1,179.95,2011-11-15 12:57:00,2011-11-15 12:57:00,United Kingdom,0,179.95
14667,11,54,20359.59,2009-12-02 12:38:00,2011-11-29 11:30:00,United Kingdom,726,377.03
14668,445,1,111.63,2010-09-20 15:03:00,2010-09-20 15:03:00,United Kingdom,0,111.63
14669,242,7,3216.78,2009-12-02 13:06:00,2011-04-12 11:43:00,United Kingdom,495,459.54
14670,280,3,583.33,2009-12-07 13:59:00,2011-03-04 14:13:00,United Kingdom,452,194.44
14671,549,2,1127.45,2010-05-20 18:21:00,2010-06-08 13:39:00,United Kingdom,18,563.72
14672,235,4,1113.14,2010-01-28 11:33:00,2011-04-19 10:19:00,United Kingdom,445,278.29
14673,3,7,3037.32,2010-10-26 10:14:00,2011-12-06 14:31:00,United Kingdom,406,433.9
14674,509,1,173.66,2010-07-18 14:25:00,2010-07-18 14:25:00,United Kingdom,0,173.66
14675,16,2,1015.58,2010-11-16 12:22:00,2011-11-23 12:58:00,United Kingdom,372,507.79
14676,31,12,8356.79,2010-03-10 09:30:00,2011-11-08 13:29:00,United Kingdom,608,696.4
14677,593,1,184.91,2010-04-26 09:48:00,2010-04-26 09:48:00,United Kingdom,0,184.91
14678,579,1,403.39,2010-05-09 14:32:00,2010-05-09 14:32:00,United Kingdom,0,403.39
14679,382,3,1289.44,2009-12-08 17:13:00,2010-11-23 11:51:00,United Kingdom,349,429.81
14680,25,58,55688.5,2009-12-04 12:36:00,2011-11-14 16:59:00,United Kingdom,710,960.15
14681,71,6,875.1500000000001,2010-02-24 08:54:00,2011-09-29 15:52:00,United Kingdom,582,145.86
14682,188,6,1514.81,2010-02-05 14:47:00,2011-06-05 12:12:00,United Kingdom,484,252.47
14683,588,1,146.56,2010-04-30 17:18:00,2010-04-30 17:18:00,United Kingdom,0,146.56
14684,26,6,1430.03,2010-11-14 14:07:00,2011-11-14 11:33:00,United Kingdom,364,238.34
14685,576,8,4536.64,2009-12-13 11:32:00,2010-05-12 13:08:00,United Kingdom,150,567.08
14686,414,5,852.53,2010-02-18 18:29:00,2010-10-21 18:31:00,United Kingdom,245,170.51
14687,107,3,1402.06,2010-06-06 10:36:00,2011-08-25 11:59:00,United Kingdom,445,467.35
14688,8,28,7190.42,2010-09-09 12:35:00,2011-12-02 12:26:00,United Kingdom,448,256.8
14689,209,1,112.8,2011-05-15 11:22:00,2011-05-15 11:22:00,United Kingdom,0,112.8
14690,44,4,777.68,2010-10-25 12:20:00,2011-10-26 15:39:00,United Kingdom,366,194.42
14691,31,5,2114.33,2011-05-11 09:55:00,2011-11-09 12:30:00,United Kingdom,182,422.87
14692,137,12,1715.1399999999999,2010-04-01 14:04:00,2011-07-25 15:08:00,United Kingdom,480,142.93
14693,265,7,1165.36,2010-07-02 08:28:00,2011-03-20 12:50:00,United Kingdom,261,166.48
14694,617,1,244.31,2010-04-01 19:46:00,2010-04-01 19:46:00,United Kingdom,0,244.31
14695,519,3,1534.22,2009-12-07 11:05:00,2010-07-08 14:18:00,United Kingdom,213,511.41
14696,4,8,2473.28,2010-10-14 11:43:00,2011-12-05 13:43:00,United Kingdom,417,309.16
14697,218,2,188.60999999999999,2011-05-05 15:29:00,2011-05-05 15:39:00,United Kingdom,0,94.3
14698,2,5,1217.27,2011-10-19 12:54:00,2011-12-08 12:26:00,United Kingdom,49,243.45
14699,214,4,702.6,2010-07-02 12:04:00,2011-05-09 14:54:00,United Kingdom,311,175.65
14700,32,5,3076.06,2010-08-11 12:19:00,2011-11-07 14:40:00,United Kingdom,453,615.21
14701,11,15,4487.11,2010-01-24 12:15:00,2011-11-29 12:38:00,United Kingdom,674,299.14
14702,1,29,6356.9800000000005,2009-12-10 20:22:00,2011-12-08 19:29:00,United Kingdom,727,219.21
14703,15,1,318.17,2011-11-25 09:23:00,2011-11-25 09:23:00,United Kingdom,0,318.17
14704,20,9,1720.58,2010-03-25 17:21:00,2011-11-20 12:20:00,United Kingdom,604,191.18
14705,199,1,179.0,2011-05-25 12:39:00,2011-05-25 12:39:00,United Kingdom,0,179.0
14706,619,1,367.54,2010-03-31 11:09:00,2010-03-31 11:09:00,United Kingdom,0,367.54
14707,436,2,139.2,2010-05-12 11:07:00,2010-09-30 11:37:00,United Kingdom,141,69.6
14708,3,5,1793.22,2010-09-10 10:26:00,2011-12-07 08:21:00,United Kingdom,452,358.64
14709,15,25,8886.33,2009-12-05 15:26:00,2011-11-24 15:41:00,United Kingdom,719,355.45
14710,14,13,1899.79,2009-12-03 17:12:00,2011-11-25 14:53:00,United Kingdom,721,146.14
14711,10,11,2839.62,2011-03-22 13:32:00,2011-11-29 14:58:00,United Kingdom,252,258.15
14712,29,4,1328.0700000000002,2010-10-17 14:49:00,2011-11-10 12:59:00,United Kingdom,388,332.02
14713,9,21,5115.36,2009-12-03 19:22:00,2011-11-30 16:26:00,United Kingdom,726,243.59
14714,24,4,906.24,2010-01-21 11:51:00,2011-11-15 13:07:00,United Kingdom,663,226.56
14715,25,8,1809.55,2010-01-19 12:18:00,2011-11-15 12:10:00,United Kingdom,664,226.19
14716,43,3,543.28,2010-09-21 12:07:00,2011-10-27 17:29:00,United Kingdom,401,181.09
14717,733,1,81.3,2009-12-06 13:05:00,2009-12-06 13:05:00,United Kingdom,0,81.3
14718,410,1,226.42,2010-10-25 13:07:00,2010-10-25 13:07:00,United Kingdom,0,226.42
14719,2,5,1581.84,2011-04-04 14:17:00,2011-12-08 12:43:00,United Kingdom,247,316.37
14720,6,3,663.81,2011-08-05 12:06:00,2011-12-04 12:02:00,United Kingdom,120,221.27
14721,379,1,109.07,2010-11-25 13:08:00,2010-11-25 13:08:00,United Kingdom,0,109.07
14722,147,3,489.52,2010-08-10 13:28:00,2011-07-15 14:58:00,United Kingdom,339,163.17
14723,10,11,1801.3600000000001,2009-12-04 11:22:00,2011-11-29 15:23:00,United Kingdom,725,163.76
14724,590,1,341.9,2010-04-28 13:26:00,2010-04-28 13:26:00,United Kingdom,0,341.9
14725,25,4,1246.86,2010-06-23 11:34:00,2011-11-15 12:42:00,United Kingdom,510,311.71
14726,655,1,116.5,2010-02-23 12:35:00,2010-02-23 12:35:00,United Kingdom,0,116.5
14727,274,3,461.03,2010-06-11 13:23:00,2011-03-10 14:45:00,United Kingdom,272,153.68
14728,413,1,190.58,2010-10-22 15:57:00,2010-10-22 15:57:00,United Kingdom,0,190.58
14729,374,3,586.24,2010-03-24 13:30:00,2010-12-01 12:43:00,United Kingdom,251,195.41
14730,1,8,1897.57,2011-03-08 12:49:00,2011-12-08 14:39:00,United Kingdom,275,237.2
14731,47,3,380.02,2011-05-11 13:06:00,2011-10-23 15:54:00,United Kingdom,165,126.67
14732,8,19,5517.07,2009-12-09 10:48:00,2011-12-01 14:34:00,United Kingdom,722,290.37
14733,16,15,14335.15,2010-11-02 15:42:00,2011-11-23 15:39:00,United Kingdom,385,955.68
14734,426,4,1056.42,2010-06-06 15:15:00,2010-10-10 12:04:00,United Kingdom,125,264.1
14735,4,55,12225.16,2009-12-04 11:32:00,2011-12-06 12:09:00,United Kingdom,732,222.28
14736,485,2,374.05,2010-08-11 15:13:00,2010-08-11 15:21:00,United Kingdom,0,187.02
14737,4,4,3554.17,2010-11-04 11:29:00,2011-12-06 10:16:00,United Kingdom,396,888.54
14738,43,9,1821.9,2009-12-07 10:21:00,2011-10-28 08:56:00,United Kingdom,689,202.43
14739,4,25,11573.62,2009-12-02 13:23:00,2011-12-05 16:54:00,United Kingdom,733,462.94
14740,197,11,4161.06,2010-02-25 11:40:00,2011-05-26 18:17:00,United Kingdom,455,378.28
14741,12,7,1713.09,2010-10-18 09:33:00,2011-11-28 08:48:00,United Kingdom,405,244.73
14742,435,1,579.85,2010-09-30 14:07:00,2010-09-30 14:07:00,United Kingdom,0,579.85
14743,593,1,50.48,2010-04-26 10:26:00,2010-04-26 10:26:00,United Kingdom,0,50.48
14744,16,14,3660.08,2010-05-18 14:06:00,2011-11-23 12:51:00,United Kingdom,553,261.43
14745,113,12,2551.41,2010-03-12 10:33:00,2011-08-19 10:05:00,United Kingdom,524,212.62
14746,406,4,593.5,2010-10-12 11:06:00,2010-10-29 14:44:00,United Kingdom,17,148.38
14747,249,1,328.2,2011-04-04 14:09:00,2011-04-04 14:09:00,United Kingdom,0,328.2
14748,29,10,2681.9,2010-03-04 17:08:00,2011-11-10 18:33:00,United Kingdom,616,268.19
14749,480,1,310.15,2010-08-17 12:36:00,2010-08-17 12:36:00,United Kingdom,0,310.15
14750,736,1,112.03,2009-12-03 17:57:00,2009-12-03 17:57:00,United Kingdom,0,112.03
14751,684,2,126.45,2009-12-13 14:08:00,2010-01-24 13:37:00,United Kingdom,41,63.22
14752,44,1,389.64,2011-10-27 11:55:00,2011-10-27 11:55:00,United Kingdom,0,389.64
14753,87,2,869.51,2010-09-05 11:04:00,2011-09-13 14:50:00,United Kingdom,373,434.76
14754,45,6,1547.93,2010-01-18 11:04:00,2011-10-26 12:01:00,United Kingdom,646,257.99
14755,10,25,9972.550000000001,2009-12-03 16:51:00,2011-11-30 11:24:00,United Kingdom,726,398.9
14756,15,3,2603.76,2010-10-11 11:50:00,2011-11-24 18:13:00,United Kingdom,409,867.92
14757,75,1,420.5,2011-09-25 14:36:00,2011-09-25 14:36:00,United Kingdom,0,420.5
14758,145,7,2864.97,2010-04-08 08:27:00,2011-07-18 08:21:00,United Kingdom,465,409.28
14759,5,3,1625.97,2011-04-21 10:55:00,2011-12-05 12:03:00,United Kingdom,228,541.99
14760,297,1,89.2,2011-02-15 16:27:00,2011-02-15 16:27:00,United Kingdom,0,89.2
14761,59,3,447.92,2010-09-21 14:22:00,2011-10-12 12:10:00,United Kingdom,385,149.31
14762,264,2,417.57,2010-03-23 15:36:00,2011-03-21 08:20:00,United Kingdom,362,208.78
14764,47,1,278.3,2011-10-24 11:54:00,2011-10-24 11:54:00,United Kingdom,0,278.3
14765,29,3,254.11,2011-06-16 19:49:00,2011-11-10 19:53:00,United Kingdom,147,84.7
14766,8,11,6375.7300000000005,2010-06-06 11:11:00,2011-12-01 16:05:00,United Kingdom,543,579.61
14767,474,1,382.81,2010-08-22 14:54:00,2010-08-22 14:54:00,United Kingdom,0,382.81
14768,17,2,192.60000000000002,2011-08-04 13:25:00,2011-11-22 12:54:00,United Kingdom,109,96.3
14769,3,17,15512.46,2009-12-16 09:17:00,2011-12-07 10:24:00,United Kingdom,721,912.5
14770,232,8,3637.64,2010-02-25 18:58:00,2011-04-21 14:21:00,United Kingdom,419,454.7
14771,621,2,594.62,2009-12-03 09:44:00,2010-03-28 12:52:00,United Kingdom,115,297.31
14772,112,1,139.26,2011-08-19 15:04:00,2011-08-19 15:04:00,United Kingdom,0,139.26
14773,593,1,140.55,2010-04-26 10:29:00,2010-04-26 10:29:00,United Kingdom,0,140.55
14774,529,1,241.45,2010-06-29 12:26:00,2010-06-29 12:26:00,United Kingdom,0,241.45
14775,58,3,1011.9,2010-12-02 16:38:00,2011-10-12 15:27:00,United Kingdom,313,337.3
14776,51,15,3708.3,2010-09-19 14:12:00,2011-10-19 15:34:00,United Kingdom,395,247.22
14777,404,1,307.56,2010-11-01 12:50:00,2010-11-01 12:50:00,United Kingdom,0,307.56
14778,127,2,730.86,2011-02-04 11:43:00,2011-08-04 15:23:00,United Kingdom,181,365.43
14779,281,3,386.15,2011-01-20 12:04:00,2011-03-04 12:42:00,United Kingdom,43,128.72
14780,55,2,447.68,2011-09-21 15:15:00,2011-10-16 12:46:00,United Kingdom,24,223.84
14782,320,1,200.10000000000002,2011-01-24 11:12:00,2011-01-24 11:12:00,United Kingdom,0,200.1
14783,659,1,307.3,2010-02-18 16:16:00,2010-02-18 16:16:00,United Kingdom,0,307.3
14784,26,3,449.93,2010-11-15 09:49:00,2011-11-13 13:30:00,United Kingdom,363,149.98
14785,10,2,77.4,2011-11-24 13:40:00,2011-11-29 13:21:00,United Kingdom,4,38.7
14786,550,1,90.96,2010-06-07 13:42:00,2010-06-07 13:42:00,United Kingdom,0,90.96
14787,471,1,110.65,2010-08-25 14:38:00,2010-08-25 14:38:00,United Kingdom,0,110.65
14788,7,3,1156.32,2010-04-22 18:16:00,2011-12-02 17:06:00,United Kingdom,588,385.44
14789,29,1,197.64,2011-11-11 08:59:00,2011-11-11 08:59:00,United Kingdom,0,197.64
14790,17,10,2526.62,2009-12-11 14:37:00,2011-11-23 09:28:00,United Kingdom,711,252.66
14791,607,1,303.63,2010-04-12 10:24:00,2010-04-12 10:24:00,United Kingdom,0,303.63
14792,64,1,6.2,2011-10-07 09:19:00,2011-10-07 09:19:00,United Kingdom,0,6.2
14793,21,2,625.9,2010-06-22 16:54:00,2011-11-18 14:50:00,United Kingdom,513,312.95
14794,3,10,1953.9,2010-08-09 15:44:00,2011-12-07 10:11:00,United Kingdom,484,195.39
14795,166,1,131.45000000000002,2011-06-26 13:04:00,2011-06-26 13:04:00,United Kingdom,0,131.45
14796,1,27,10167.77,2009-12-14 15:06:00,2011-12-08 15:31:00,United Kingdom,724,376.58
14797,507,1,300.31,2010-07-20 14:07:00,2010-07-20 14:07:00,United Kingdom,0,300.31
14798,53,8,724.31,2010-03-01 08:38:00,2011-10-18 10:58:00,United Kingdom,596,90.54
14799,51,2,338.15,2009-12-02 11:18:00,2011-10-19 16:16:00,United Kingdom,686,169.08
14800,48,17,7180.08,2010-09-30 14:38:00,2011-10-23 12:46:00,United Kingdom,387,422.36
14801,61,1,189.34,2011-10-09 15:24:00,2011-10-09 15:24:00,United Kingdom,0,189.34
14803,162,3,845.55,2011-02-20 13:21:00,2011-06-30 13:58:00,United Kingdom,130,281.85
14804,9,1,353.27,2011-12-01 11:20:00,2011-12-01 11:20:00,United Kingdom,0,353.27
14805,15,7,1082.55,2010-03-28 12:34:00,2011-11-24 16:20:00,United Kingdom,606,154.65
14806,75,2,303.43,2010-09-26 15:50:00,2011-09-25 15:32:00,United Kingdom,363,151.72
14807,391,2,504.14,2010-02-28 11:33:00,2010-11-14 12:47:00,United Kingdom,259,252.07
14808,40,8,2718.6,2011-06-20 12:53:00,2011-10-31 12:21:00,United Kingdom,132,339.82
14809,621,2,686.76,2010-03-28 15:42:00,2010-03-28 15:44:00,United Kingdom,0,343.38
14810,41,13,2354.03,2010-10-06 13:12:00,2011-10-30 11:19:00,United Kingdom,388,181.08
14811,387,1,170.5,2010-11-17 13:09:00,2010-11-17 13:09:00,United Kingdom,0,170.5
14812,599,1,178.85,2010-04-20 12:13:00,2010-04-20 12:13:00,United Kingdom,0,178.85
14813,370,4,888.91,2010-04-08 11:49:00,2010-12-05 11:57:00,United Kingdom,241,222.23
14814,581,1,152.96,2010-05-07 14:10:00,2010-05-07 14:10:00,United Kingdom,0,152.96
14815,37,2,778.5,2011-10-03 11:36:00,2011-11-03 11:36:00,United Kingdom,31,389.25
14816,197,1,271.85,2011-05-26 13:16:00,2011-05-26 13:16:00,United Kingdom,0,271.85
14817,200,7,3609.86,2010-03-22 12:10:00,2011-05-23 13:35:00,United Kingdom,427,515.69
14818,74,6,1153.56,2010-03-02 12:48:00,2011-09-27 11:01:00,United Kingdom,573,192.26
14819,64,4,456.41,2009-12-21 15:54:00,2011-10-06 13:41:00,United Kingdom,653,114.1
14820,21,9,1274.76,2010-01-31 12:49:00,2011-11-18 15:41:00,United Kingdom,656,141.64
14821,367,7,1230.15,2010-02-01 13:33:00,2010-12-08 08:43:00,United Kingdom,309,175.74
14822,485,1,157.70000000000002,2010-08-11 12:52:00,2010-08-11 12:52:00,United Kingdom,0,157.7
14823,180,3,321.43,2011-05-29 12:48:00,2011-06-12 13:12:00,United Kingdom,14,107.14
14824,10,10,4022.9100000000003,2010-03-12 13:07:00,2011-11-29 14:20:00,United Kingdom,627,402.29
14825,4,24,4735.08,2010-04-06 14:14:00,2011-12-06 11:38:00,United Kingdom,608,197.3
14826,582,2,385.2,2010-01-13 13:08:00,2010-05-07 09:00:00,United Kingdom,113,192.6
14828,197,13,9839.460000000001,2009-12-07 11:19:00,2011-05-27 10:16:00,United Kingdom,535,756.88
14829,29,7,1455.8700000000001,2010-09-29 13:14:00,2011-11-10 16:16:00,United Kingdom,407,207.98
14830,53,1,188.03,2011-10-17 14:29:00,2011-10-17 14:29:00,United Kingdom,0,188.03
14831,680,3,1676.57,2009-12-02 09:21:00,2010-01-28 14:31:00,United Kingdom,57,558.86
14833,499,1,94.8,2010-07-29 10:06:00,2010-07-29 10:06:00,United Kingdom,0,94.8
14834,18,7,2206.16,2010-10-28 17:37:00,2011-11-22 10:30:00,United Kingdom,389,315.17
14835,529,2,297.0,2010-04-01 19:34:00,2010-06-29 10:08:00,United Kingdom,88,148.5
14836,10,3,102.44999999999999,2011-11-09 13:26:00,2011-11-29 16:45:00,United Kingdom,20,34.15
14837,90,9,3460.32,2010-01-24 10:20:00,2011-09-11 10:58:00,United Kingdom,595,384.48
14838,423,2,769.9200000000001,2009-12-03 09:52:00,2010-10-12 15:46:00,United Kingdom,313,384.96
14839,418,3,915.28,2010-01-04 16:29:00,2010-10-17 13:01:00,United Kingdom,285,305.09
14840,268,2,362.71,2010-06-18 15:42:00,2011-03-17 12:00:00,United Kingdom,271,181.36
14841,53,14,7163.0,2009-12-02 16:49:00,2011-10-17 15:03:00,United Kingdom,683,511.64
14842,44,4,2824.69,2011-02-04 15:32:00,2011-10-27 12:37:00,United Kingdom,264,706.17
14843,437,1,211.79999999999998,2010-09-29 12:39:00,2010-09-29 12:39:00,United Kingdom,0,211.8
14844,64,10,6702.43,2010-04-12 12:50:00,2011-10-07 10:41:00,United Kingdom,542,670.24
14845,600,1,150.0,2010-04-19 10:19:00,2010-04-19 10:19:00,United Kingdom,0,150.0
14846,427,1,437.4,2010-10-08 17:07:00,2010-10-08 17:07:00,United Kingdom,0,437.4
14847,149,3,1348.95,2010-05-24 12:29:00,2011-07-14 10:52:00,United Kingdom,415,449.65
14848,405,1,310.56,2010-10-31 12:22:00,2010-10-31 12:22:00,United Kingdom,0,310.56
14849,22,43,15407.61,2010-01-10 11:40:00,2011-11-18 10:58:00,United Kingdom,676,358.32
14850,312,7,1770.96,2010-05-20 13:28:00,2011-02-01 11:21:00,United Kingdom,256,252.99
14851,23,3,829.4100000000001,2010-03-19 11:52:00,2011-11-16 14:20:00,United Kingdom,607,276.47
14852,58,18,6132.43,2010-03-05 14:51:00,2011-10-12 13:20:00,United Kingdom,585,340.69
14853,24,5,1376.87,2010-04-13 09:26:00,2011-11-15 16:56:00,United Kingdom,581,275.37
14854,78,11,4303.06,2010-01-22 09:48:00,2011-09-22 17:00:00,United Kingdom,608,391.19
14855,119,7,6520.3,2010-04-08 10:30:00,2011-08-12 14:02:00,United Kingdom,491,931.47
14856,36,3,1290.53,2011-10-14 09:35:00,2011-11-03 14:53:00,United Kingdom,20,430.18
14857,60,7,3651.85,2010-03-15 11:00:00,2011-10-11 09:23:00,United Kingdom,574,521.69
14858,506,1,180.75,2010-07-22 10:51:00,2010-07-22 10:51:00,United Kingdom,0,180.75
14859,13,5,1705.64,2010-06-03 10:26:00,2011-11-27 11:18:00,United Kingdom,542,341.13
14860,19,1,170.32,2011-11-20 14:17:00,2011-11-20 14:17:00,United Kingdom,0,170.32
14861,52,10,1380.73,2009-12-08 12:12:00,2011-10-18 12:54:00,United Kingdom,679,138.07
14862,26,2,841.1999999999999,2011-07-14 11:20:00,2011-11-14 10:01:00,United Kingdom,122,420.6
14863,29,1,266.76,2011-11-10 15:04:00,2011-11-10 15:04:00,United Kingdom,0,266.76
14865,7,4,92.52000000000001,2009-12-01 16:05:00,2011-12-02 16:25:00,United Kingdom,731,23.13
14866,11,17,20700.04,2010-09-21 15:14:00,2011-11-29 11:45:00,United Kingdom,433,1217.65
14867,186,16,2952.06,2009-12-05 15:47:00,2011-06-07 11:39:00,United Kingdom,548,184.5
14868,3,12,4184.01,2010-10-15 14:52:00,2011-12-06 14:49:00,United Kingdom,416,348.67
14869,9,6,2778.14,2009-12-16 11:43:00,2011-12-01 12:36:00,United Kingdom,715,463.02
14870,262,6,1838.95,2010-01-25 09:05:00,2011-03-23 10:51:00,United Kingdom,422,306.49
14871,3,9,1228.17,2009-12-01 11:57:00,2011-12-06 13:42:00,United Kingdom,735,136.46
14872,484,3,816.6,2010-03-16 14:41:00,2010-08-13 12:34:00,United Kingdom,149,272.2
14873,210,2,854.13,2010-03-16 10:51:00,2011-05-13 13:52:00,United Kingdom,423,427.06
14874,535,1,116.18,2010-06-22 14:58:00,2010-06-22 14:58:00,United Kingdom,0,116.18
14875,108,3,2862.4,2010-09-24 10:28:00,2011-08-24 12:20:00,United Kingdom,334,954.13
14876,521,2,256.7,2010-05-27 13:49:00,2010-07-06 14:57:00,United Kingdom,40,128.35
14877,418,2,425.85,2010-03-07 12:25:00,2010-10-17 13:09:00,United Kingdom,224,212.92
14878,13,25,4076.5,2010-02-21 11:14:00,2011-11-27 11:15:00,United Kingdom,644,163.06
14879,685,1,185.06,2010-01-24 11:35:00,2010-01-24 11:35:00,United Kingdom,0,185.06
14880,77,3,690.59,2011-02-24 12:27:00,2011-09-23 13:42:00,United Kingdom,211,230.2
14881,20,1,255.4,2011-11-20 11:06:00,2011-11-20 11:06:00,United Kingdom,0,255.4
14882,27,14,3546.65,2010-03-30 15:02:00,2011-11-13 12:47:00,United Kingdom,592,253.33
14883,19,6,761.59,2011-05-12 09:49:00,2011-11-21 10:23:00,United Kingdom,193,126.93
14884,669,1,120.6,2010-02-08 12:56:00,2010-02-08 12:56:00,United Kingdom,0,120.6
14885,132,3,1598.12,2010-08-31 10:11:00,2011-07-31 12:05:00,United Kingdom,334,532.71
14886,253,1,364.8,2011-04-01 08:56:00,2011-04-01 08:56:00,United Kingdom,0,364.8
14887,79,1,1862.0,2011-09-21 15:32:00,2011-09-21 15:32:00,United Kingdom,0,1862.0
14888,207,1,369.2,2011-05-16 14:58:00,2011-05-16 14:58:00,United Kingdom,0,369.2
14889,336,1,135.9,2011-01-07 15:19:00,2011-01-07 15:19:00,United Kingdom,0,135.9
14890,254,3,817.25,2010-02-18 09:00:00,2011-03-31 11:57:00,United Kingdom,406,272.42
14891,148,4,1106.73,2010-09-29 12:41:00,2011-07-14 18:08:00,United Kingdom,288,276.68
14892,691,1,202.35000000000002,2010-01-18 08:58:00,2010-01-18 08:58:00,United Kingdom,0,202.35
14893,10,3,1809.6100000000001,2010-04-01 09:03:00,2011-11-30 12:31:00,United Kingdom,608,603.2
14894,85,3,1492.81,2009-12-02 10:42:00,2011-09-15 13:51:00,United Kingdom,652,497.6
14895,8,38,25119.54,2009-12-10 14:22:00,2011-12-02 09:23:00,United Kingdom,721,661.04
14896,205,8,1826.0,2009-12-06 12:42:00,2011-05-19 10:20:00,United Kingdom,528,228.25
14897,8,8,3140.54,2009-12-15 17:05:00,2011-12-02 10:32:00,United Kingdom,716,392.57
14898,23,14,3365.95,2009-12-03 16:40:00,2011-11-16 14:54:00,United Kingdom,712,240.42
14899,395,1,1331.38,2010-11-09 15:20:00,2010-11-09 15:20:00,United Kingdom,0,1331.38
14900,522,1,13.919999999999998,2010-07-05 15:09:00,2010-07-05 15:09:00,United Kingdom,0,13.92
14901,11,12,1919.0,2010-07-29 11:11:00,2011-11-28 17:09:00,United Kingdom,487,159.92
14902,26,3,1035.6200000000001,2010-06-04 12:35:00,2011-11-14 10:34:00,United Kingdom,527,345.21
14903,21,5,2795.33,2011-03-06 11:50:00,2011-11-18 16:07:00,United Kingdom,257,559.07
14904,2,4,1630.49,2010-10-08 12:48:00,2011-12-07 12:55:00,United Kingdom,425,407.62
14905,158,8,1971.39,2009-12-03 14:36:00,2011-07-05 12:41:00,United Kingdom,578,246.42
14907,3,16,5547.72,2010-04-16 13:40:00,2011-12-06 14:14:00,United Kingdom,599,346.73
14908,74,2,381.9,2010-09-02 16:39:00,2011-09-26 12:56:00,United Kingdom,388,190.95
14909,437,3,1404.68,2010-02-14 15:47:00,2010-09-28 16:56:00,United Kingdom,226,468.23
14910,3,4,434.35,2011-10-16 11:06:00,2011-12-07 10:06:00,United Kingdom,51,108.59
14911,1,373,272252.79,2009-12-01 11:41:00,2011-12-08 15:54:00,EIRE,737,729.9
14912,17,5,1849.58,2010-04-28 09:41:00,2011-11-23 09:20:00,Italy,573,369.92
14913,36,8,4073.13,2010-08-11 08:40:00,2011-11-04 08:29:00,United Kingdom,449,509.14
14915,91,11,1811.25,2009-12-03 10:17:00,2011-09-09 13:34:00,United Kingdom,645,164.66
14916,71,8,3042.95,2010-04-01 10:57:00,2011-09-30 09:20:00,United Kingdom,546,380.37
14917,597,2,1123.75,2010-04-22 09:44:00,2010-04-22 11:28:00,United Kingdom,0,561.88
14918,116,9,5955.81,2010-04-08 11:18:00,2011-08-16 11:50:00,United Kingdom,495,661.76
14919,539,1,359.35,2010-06-18 13:06:00,2010-06-18 13:06:00,United Kingdom,0,359.35
14920,213,3,1607.17,2010-05-23 15:25:00,2011-05-11 10:32:00,United Kingdom,352,535.72
14921,30,2,1316.07,2011-05-22 12:51:00,2011-11-09 13:17:00,United Kingdom,171,658.04
14922,394,2,843.74,2010-07-20 09:45:00,2010-11-11 11:14:00,United Kingdom,114,421.87
14923,51,1,749.1,2011-10-20 11:51:00,2011-10-20 11:51:00,United Kingdom,0,749.1
14924,246,3,931.01,2010-03-10 12:51:00,2011-04-08 09:25:00,United Kingdom,393,310.34
14926,382,2,359.4,2010-04-20 09:59:00,2010-11-23 07:13:00,United Kingdom,216,179.7
14927,397,1,308.2,2010-11-08 12:30:00,2010-11-08 12:30:00,United Kingdom,0,308.2
14928,628,1,223.91000000000003,2010-03-22 09:14:00,2010-03-22 09:14:00,United Kingdom,0,223.91
14929,32,2,836.69,2010-10-14 12:22:00,2011-11-07 17:21:00,United Kingdom,389,418.34
14930,109,6,5236.7300000000005,2010-04-12 11:22:00,2011-08-23 10:31:00,Channel Islands,497,872.79
14931,5,4,864.6800000000001,2011-04-13 09:32:00,2011-12-05 10:19:00,Channel Islands,236,216.17
14932,366,2,566.13,2010-11-19 09:16:00,2010-12-09 11:48:00,Channel Islands,20,283.06
14933,444,4,1770.0,2010-09-21 17:29:00,2010-09-22 10:47:00,Channel Islands,0,442.5
14934,82,5,3403.5,2010-09-24 12:08:00,2011-09-19 10:10:00,Channel Islands,359,680.7
14935,297,2,2849.83,2010-03-30 11:48:00,2011-02-15 14:44:00,Channel Islands,322,1424.92
14936,34,12,12410.81,2010-05-05 12:26:00,2011-11-06 10:30:00,Channel Islands,549,1034.23
14937,57,3,1621.88,2011-08-01 14:16:00,2011-10-14 12:29:00,Channel Islands,73,540.63
14938,562,2,2322.43,2010-05-26 13:35:00,2010-05-26 13:38:00,Channel Islands,0,1161.21
14940,418,2,531.49,2009-12-06 15:46:00,2010-10-18 10:47:00,United Kingdom,315,265.74
14941,579,1,182.1,2010-05-10 11:30:00,2010-05-10 11:30:00,United Kingdom,0,182.1
14942,402,4,746.56,2009-12-10 10:32:00,2010-11-03 10:51:00,United Kingdom,328,186.64
14943,663,1,107.62,2010-02-14 16:04:00,2010-02-14 16:04:00,United Kingdom,0,107.62
14944,30,19,9684.67,2010-02-17 08:47:00,2011-11-10 09:10:00,United Kingdom,631,509.72
14945,414,1,179.4,2010-10-22 11:26:00,2010-10-22 11:26:00,United Kingdom,0,179.4
14946,14,1,100.9,2011-11-25 13:33:00,2011-11-25 13:33:00,United Kingdom,0,100.9
14947,72,6,1049.79,2010-03-25 11:29:00,2011-09-28 15:48:00,United Kingdom,552,174.96
14948,23,6,1101.97,2011-05-04 14:52:00,2011-11-16 17:16:00,United Kingdom,196,183.66
14949,469,4,515.0,2009-12-18 15:28:00,2010-08-27 15:38:00,United Kingdom,252,128.75
14950,19,1,371.2,2011-11-20 13:48:00,2011-11-20 13:48:00,United Kingdom,0,371.2
14951,79,1,311.69,2011-09-21 15:15:00,2011-09-21 15:15:00,United Kingdom,0,311.69
14952,60,32,17629.35,2009-12-03 15:34:00,2011-10-11 10:33:00,United Kingdom,676,550.92
14953,25,4,968.82,2010-09-30 12:16:00,2011-11-14 14:59:00,United Kingdom,410,242.2
14954,12,2,462.12,2010-01-05 16:38:00,2011-11-27 14:30:00,United Kingdom,690,231.06
14955,733,1,163.77,2009-12-07 11:35:00,2009-12-07 11:35:00,United Kingdom,0,163.77
14956,421,1,1325.0,2010-10-14 16:40:00,2010-10-14 16:40:00,United Kingdom,0,1325.0
14957,253,2,261.69,2010-03-05 10:50:00,2011-03-31 17:59:00,United Kingdom,391,130.84
14958,147,6,941.99,2009-12-03 16:02:00,2011-07-15 14:20:00,United Kingdom,588,157.0
14959,64,4,695.42,2011-02-16 13:00:00,2011-10-06 18:23:00,United Kingdom,232,173.86
14960,8,2,221.27,2011-06-21 13:38:00,2011-12-01 12:54:00,United Kingdom,162,110.64
14961,11,22,16410.15,2009-12-04 11:32:00,2011-11-29 09:42:00,United Kingdom,724,745.92
14962,271,4,366.91,2010-05-04 14:57:00,2011-03-14 09:42:00,United Kingdom,313,91.73
14963,10,12,3123.57,2010-07-02 12:43:00,2011-11-30 12:16:00,United Kingdom,515,260.3
14964,247,1,206.21,2011-04-06 14:13:00,2011-04-06 14:13:00,United Kingdom,0,206.21
14965,96,2,596.09,2011-09-04 13:15:00,2011-09-04 13:20:00,United Kingdom,0,298.04
14966,15,6,1064.26,2009-12-15 13:48:00,2011-11-25 12:20:00,United Kingdom,709,177.38
14967,50,6,1982.6100000000001,2009-12-03 14:07:00,2011-10-21 11:06:00,United Kingdom,686,330.44
14968,30,2,497.49,2010-09-07 13:28:00,2011-11-09 13:58:00,United Kingdom,428,248.74
14969,704,1,906.23,2010-01-05 12:43:00,2010-01-05 12:43:00,United Kingdom,0,906.23
14970,68,12,4919.35,2010-02-14 13:37:00,2011-10-02 13:44:00,United Kingdom,595,409.95
14971,35,3,1097.98,2011-10-27 13:33:00,2011-11-04 17:07:00,United Kingdom,8,365.99
14972,128,2,145.07,2010-11-23 16:17:00,2011-08-03 14:54:00,United Kingdom,252,72.54
14973,107,3,1314.45,2011-04-28 12:22:00,2011-08-24 15:51:00,United Kingdom,118,438.15
14974,37,1,89.94,2011-11-02 13:01:00,2011-11-02 13:01:00,United Kingdom,0,89.94
14975,57,2,472.39,2010-10-14 14:11:00,2011-10-13 14:08:00,United Kingdom,363,236.2
14976,57,6,774.86,2011-01-17 11:09:00,2011-10-13 16:33:00,United Kingdom,269,129.14
14977,726,1,31.929999999999996,2009-12-14 10:37:00,2009-12-14 10:37:00,United Kingdom,0,31.93
14978,72,10,3112.19,2010-04-28 10:50:00,2011-09-28 13:07:00,United Kingdom,518,311.22
14979,735,1,429.66,2009-12-04 12:54:00,2009-12-04 12:54:00,United Kingdom,0,429.66
14980,737,1,150.68,2009-12-02 14:09:00,2009-12-02 14:09:00,United Kingdom,0,150.68
14981,246,2,372.92,2010-10-12 11:04:00,2011-04-07 13:45:00,United Kingdom,177,186.46
14982,572,1,234.88,2010-05-16 15:52:00,2010-05-16 15:52:00,United Kingdom,0,234.88
14983,689,1,183.20000000000002,2010-01-19 17:32:00,2010-01-19 17:32:00,United Kingdom,0,183.2
14984,19,6,1260.51,2010-01-11 13:22:00,2011-11-20 14:28:00,United Kingdom,678,210.08
14985,198,2,292.01,2010-12-16 19:51:00,2011-05-25 14:29:00,United Kingdom,159,146.0
14986,376,2,563.1,2010-01-24 15:54:00,2010-11-28 15:25:00,United Kingdom,307,281.55
14987,16,8,1550.6499999999999,2009-12-02 14:56:00,2011-11-24 09:59:00,United Kingdom,721,193.83
14988,212,7,2038.65,2010-04-16 13:34:00,2011-05-12 12:05:00,United Kingdom,390,291.24
14989,662,1,342.4,2010-02-16 10:40:00,2010-02-16 10:40:00,United Kingdom,0,342.4
14990,612,2,304.17,2009-12-09 13:31:00,2010-04-06 13:54:00,United Kingdom,118,152.08
14991,430,1,314.67,2010-10-05 13:01:00,2010-10-05 13:01:00,United Kingdom,0,314.67
14992,442,1,210.5,2010-09-23 17:48:00,2010-09-23 17:48:00,United Kingdom,0,210.5
14993,564,1,36.13,2010-05-25 12:47:00,2010-05-25 12:47:00,United Kingdom,0,36.13
14994,382,5,942.77,2010-03-26 14:16:00,2010-11-22 12:59:00,United Kingdom,240,188.55
14995,39,2,231.98000000000002,2011-03-04 13:14:00,2011-11-01 11:39:00,United Kingdom,241,115.99
14996,481,2,442.28999999999996,2010-08-15 13:41:00,2010-08-15 13:44:00,United Kingdom,0,221.14
14997,46,4,776.5999999999999,2010-02-22 12:11:00,2011-10-24 13:28:00,United Kingdom,609,194.15
14998,170,4,753.18,2010-04-13 16:07:00,2011-06-22 17:30:00,United Kingdom,435,188.3
14999,593,1,129.48000000000002,2010-04-26 10:47:00,2010-04-26 10:47:00,United Kingdom,0,129.48
15000,48,1,490.52,2011-10-23 11:42:00,2011-10-23 11:42:00,United Kingdom,0,490.52
15001,394,2,197.10999999999999,2010-11-10 13:31:00,2010-11-10 13:51:00,United Kingdom,0,98.56
15002,116,9,4138.08,2010-01-12 11:40:00,2011-08-16 10:44:00,United Kingdom,580,459.79
15003,473,6,1027.03,2010-01-26 13:04:00,2010-08-23 15:44:00,United Kingdom,209,171.17
15004,147,1,1220.38,2011-07-15 14:05:00,2011-07-15 14:05:00,United Kingdom,0,1220.38
15005,16,56,13752.58,2009-12-01 14:19:00,2011-11-24 12:25:00,United Kingdom,722,245.58
15006,51,2,752.83,2010-09-12 13:03:00,2011-10-19 15:08:00,United Kingdom,402,376.42
15007,159,1,156.91,2011-07-03 16:00:00,2011-07-03 16:00:00,United Kingdom,0,156.91
15008,480,2,360.0,2010-03-12 11:13:00,2010-08-16 13:09:00,United Kingdom,157,180.0
15009,12,3,1259.43,2011-11-14 17:40:00,2011-11-27 13:35:00,United Kingdom,12,419.81
15010,36,1,308.94,2011-11-04 12:42:00,2011-11-04 12:42:00,United Kingdom,0,308.94
15011,396,2,416.6,2010-10-19 12:05:00,2010-11-09 11:10:00,United Kingdom,20,208.3
15012,54,3,646.26,2010-05-12 11:49:00,2011-10-17 12:22:00,United Kingdom,523,215.42
15013,488,10,1610.82,2010-01-31 12:15:00,2010-08-09 12:05:00,United Kingdom,189,161.08
15014,43,2,257.67,2011-06-16 19:40:00,2011-10-27 20:07:00,United Kingdom,133,128.84
15015,501,13,2344.47,2009-12-14 14:46:00,2010-07-26 13:50:00,United Kingdom,223,180.34
15016,173,5,620.89,2010-06-14 13:06:00,2011-06-20 12:06:00,United Kingdom,370,124.18
15017,34,1,125.58,2011-11-06 10:33:00,2011-11-06 10:33:00,United Kingdom,0,125.58
15018,39,3,496.21000000000004,2010-12-07 10:47:00,2011-11-01 12:47:00,United Kingdom,329,165.4
15019,267,1,252.81,2011-03-18 12:35:00,2011-03-18 12:35:00,United Kingdom,0,252.81
15020,379,1,198.47,2010-11-25 13:29:00,2010-11-25 13:29:00,United Kingdom,0,198.47
15021,9,12,2500.59,2010-07-29 16:35:00,2011-12-01 11:53:00,United Kingdom,489,208.38
15022,12,5,1133.44,2010-01-31 16:02:00,2011-11-28 12:35:00,United Kingdom,665,226.69
15023,3,20,11555.5,2010-02-03 15:45:00,2011-12-06 17:23:00,United Kingdom,671,577.78
15024,10,16,3559.39,2010-10-11 16:14:00,2011-11-30 12:06:00,United Kingdom,414,222.46
15025,33,2,971.84,2010-05-20 13:28:00,2011-11-06 15:20:00,United Kingdom,535,485.92
15026,80,5,1044.09,2010-09-17 13:52:00,2011-09-20 13:52:00,United Kingdom,368,208.82
15027,31,10,3195.6,2010-03-25 14:39:00,2011-11-09 10:16:00,United Kingdom,593,319.56
15028,8,6,962.94,2010-11-10 14:32:00,2011-12-01 14:06:00,United Kingdom,385,160.49
15029,620,1,365.1,2010-03-30 12:16:00,2010-03-30 12:16:00,United Kingdom,0,365.1
15030,72,8,1979.91,2010-03-04 17:10:00,2011-09-29 10:50:00,United Kingdom,573,247.49
15031,4,14,3102.94,2009-12-08 13:38:00,2011-12-05 14:19:00,United Kingdom,727,221.64
15032,256,8,11010.05,2009-12-10 15:27:00,2011-03-28 15:03:00,United Kingdom,472,1376.26
15033,5,10,2553.88,2011-01-14 13:28:00,2011-12-05 12:40:00,United Kingdom,324,255.39
15034,16,14,8231.2,2010-05-11 13:30:00,2011-11-24 12:11:00,United Kingdom,561,587.94
15035,90,1,252.73000000000002,2011-09-11 11:08:00,2011-09-11 11:08:00,United Kingdom,0,252.73
15036,72,3,429.56,2011-06-13 12:19:00,2011-09-28 15:42:00,United Kingdom,107,143.19
15037,376,2,397.76,2010-11-28 12:14:00,2010-11-28 13:05:00,United Kingdom,0,198.88
15038,59,9,1146.53,2010-10-10 14:35:00,2011-10-12 11:33:00,United Kingdom,366,127.39
15039,10,93,39141.48,2009-12-10 11:39:00,2011-11-30 11:31:00,United Kingdom,719,420.88
15040,542,1,7.49,2010-06-16 11:40:00,2010-06-16 11:40:00,United Kingdom,0,7.49
15041,170,2,288.98,2010-09-21 13:16:00,2011-06-22 16:16:00,United Kingdom,274,144.49
15042,199,2,315.45,2010-04-23 14:01:00,2011-05-24 16:25:00,United Kingdom,396,157.72
15043,31,6,2855.3199999999997,2010-06-24 15:50:00,2011-11-08 14:26:00,United Kingdom,501,475.89
15044,19,32,15769.01,2009-12-16 15:13:00,2011-11-20 13:20:00,United Kingdom,703,492.78
15045,152,2,735.66,2011-03-27 11:44:00,2011-07-11 11:33:00,United Kingdom,105,367.83
15046,9,25,7604.84,2010-01-14 14:29:00,2011-11-30 15:50:00,United Kingdom,685,304.19
15047,270,1,343.62,2011-03-15 10:49:00,2011-03-15 10:49:00,United Kingdom,0,343.62
15048,65,4,381.0,2010-12-06 12:15:00,2011-10-05 14:55:00,United Kingdom,303,95.25
15049,274,1,121.17000000000002,2011-03-11 12:13:00,2011-03-11 12:13:00,United Kingdom,0,121.17
15050,25,5,4087.19,2010-08-16 12:00:00,2011-11-14 16:17:00,United Kingdom,455,817.44
15051,23,9,3926.91,2009-12-01 13:29:00,2011-11-16 15:38:00,United Kingdom,715,436.32
15052,319,1,207.73000000000002,2011-01-24 15:52:00,2011-01-24 15:52:00,United Kingdom,0,207.73
15053,5,3,693.95,2011-03-03 12:06:00,2011-12-05 12:08:00,United Kingdom,277,231.32
15054,12,2,302.1,2011-10-30 14:33:00,2011-11-27 15:02:00,United Kingdom,28,151.05
15055,475,3,549.12,2009-12-16 15:48:00,2010-08-22 11:06:00,United Kingdom,248,183.04
15056,520,1,113.64999999999999,2010-07-07 15:58:00,2010-07-07 15:58:00,United Kingdom,0,113.65
15057,275,5,3255.96,2009-12-05 15:27:00,2011-03-09 15:17:00,United Kingdom,458,651.19
15058,25,16,3387.58,2010-02-24 14:07:00,2011-11-14 14:57:00,United Kingdom,628,211.72
15059,41,19,3490.4,2009-12-06 12:17:00,2011-10-30 11:35:00,United Kingdom,692,183.71
15060,8,4,293.0,2011-11-30 14:03:00,2011-12-01 13:47:00,United Kingdom,0,73.25
15061,4,127,126387.56999999999,2009-12-01 12:18:00,2011-12-06 12:06:00,United Kingdom,734,995.18
15062,71,8,2585.62,2010-04-08 15:41:00,2011-09-29 16:51:00,United Kingdom,539,323.2
15063,213,1,370.79999999999995,2011-05-10 13:25:00,2011-05-10 13:25:00,United Kingdom,0,370.8
15064,410,4,1154.41,2009-12-22 16:17:00,2010-10-25 14:32:00,United Kingdom,306,288.6
15065,38,5,3326.86,2010-10-25 09:13:00,2011-11-02 09:45:00,United Kingdom,373,665.37
15066,53,1,893.59,2011-10-17 13:25:00,2011-10-17 13:25:00,United Kingdom,0,893.59
15067,78,5,3862.88,2010-04-11 15:54:00,2011-09-22 13:20:00,United Kingdom,528,772.58
15068,46,4,1174.9,2010-03-28 13:18:00,2011-10-24 14:47:00,United Kingdom,575,293.73
15069,179,1,1109.53,2011-06-13 14:16:00,2011-06-13 14:16:00,United Kingdom,0,1109.53
15070,373,3,737.0500000000001,2009-12-15 13:49:00,2010-12-02 11:23:00,United Kingdom,351,245.68
15071,94,4,1455.56,2010-05-18 12:45:00,2011-09-07 11:43:00,United Kingdom,476,363.89
15072,479,1,187.51999999999998,2010-08-17 15:46:00,2010-08-17 15:46:00,United Kingdom,0,187.52
15073,10,8,2788.02,2010-01-27 08:48:00,2011-11-30 10:44:00,United Kingdom,672,348.5
15074,105,3,1553.1299999999999,2010-08-29 11:47:00,2011-08-26 14:45:00,United Kingdom,362,517.71
15075,78,1,773.03,2011-09-23 12:27:00,2011-09-23 12:27:00,United Kingdom,0,773.03
15076,173,3,1447.74,2010-07-05 14:11:00,2011-06-20 08:23:00,United Kingdom,349,482.58
15077,495,2,2428.08,2009-12-09 17:10:00,2010-08-02 11:13:00,United Kingdom,235,1214.04
15078,7,52,17276.73,2009-12-04 12:03:00,2011-12-02 15:41:00,United Kingdom,728,332.24
15079,213,11,3625.4,2009-12-08 11:22:00,2011-05-11 12:45:00,United Kingdom,519,329.58
15080,428,2,546.25,2010-07-26 10:03:00,2010-10-08 11:52:00,United Kingdom,74,273.12
15081,22,12,1854.57,2010-06-22 10:25:00,2011-11-17 17:08:00,United Kingdom,513,154.55
15082,669,1,93.35000000000001,2010-02-09 10:23:00,2010-02-09 10:23:00,United Kingdom,0,93.35
15083,257,1,88.2,2011-03-28 12:18:00,2011-03-28 12:18:00,United Kingdom,0,88.2
15084,380,2,965.2,2010-03-04 10:45:00,2010-11-25 11:58:00,United Kingdom,266,482.6
15085,730,1,347.54,2009-12-10 11:47:00,2009-12-10 11:47:00,United Kingdom,0,347.54
15086,565,2,218.53,2010-03-24 13:56:00,2010-05-24 12:27:00,United Kingdom,60,109.26
15087,282,1,306.94,2011-03-03 10:34:00,2011-03-03 10:34:00,United Kingdom,0,306.94
15088,21,2,1160.07,2011-10-03 14:05:00,2011-11-18 13:14:00,United Kingdom,45,580.04
15089,10,6,2420.84,2011-08-03 14:14:00,2011-11-29 16:31:00,United Kingdom,118,403.47
15090,308,1,381.32,2011-02-04 14:03:00,2011-02-04 14:03:00,United Kingdom,0,381.32
15091,68,3,1046.6100000000001,2010-02-03 11:46:00,2011-10-03 12:47:00,United Kingdom,607,348.87
15092,215,3,776.46,2010-09-03 12:33:00,2011-05-08 14:10:00,United Kingdom,247,258.82
15093,18,23,13702.38,2009-12-08 12:46:00,2011-11-21 13:09:00,United Kingdom,713,595.76
15094,463,2,83.0,2010-03-05 12:56:00,2010-09-02 16:55:00,United Kingdom,181,41.5
15095,104,10,3141.64,2010-01-21 09:37:00,2011-08-28 12:01:00,United Kingdom,584,314.16
15096,43,1,219.39000000000001,2011-10-28 10:27:00,2011-10-28 10:27:00,United Kingdom,0,219.39
15097,4,3,908.35,2010-05-05 14:22:00,2011-12-05 14:03:00,United Kingdom,578,302.78
15098,182,3,39916.5,2011-06-10 15:22:00,2011-06-10 15:33:00,United Kingdom,0,13305.5
15099,84,1,410.48,2011-09-16 13:13:00,2011-09-16 13:13:00,United Kingdom,0,410.48
15100,334,7,2193.8999999999996,2010-01-07 14:33:00,2011-01-10 10:35:00,United Kingdom,367,313.41
15101,9,6,1477.94,2010-04-28 15:00:00,2011-12-01 10:18:00,United Kingdom,581,246.32
15102,531,2,554.67,2010-06-11 10:16:00,2010-06-27 12:16:00,United Kingdom,16,277.33
15103,31,2,703.36,2011-09-14 13:54:00,2011-11-08 14:53:00,United Kingdom,55,351.68
15104,197,2,993.54,2011-03-02 14:16:00,2011-05-27 12:29:00,United Kingdom,85,496.77
15105,18,9,3094.91,2010-03-23 12:18:00,2011-11-21 16:54:00,United Kingdom,608,343.88
15106,18,5,1422.52,2011-03-15 12:52:00,2011-11-22 09:16:00,United Kingdom,251,284.5
15107,311,9,824.35,2010-09-14 10:47:00,2011-02-01 14:46:00,United Kingdom,140,91.59
15108,142,3,1159.25,2011-04-26 10:54:00,2011-07-21 10:24:00,European Community,85,386.42
15109,246,3,983.1,2009-12-04 12:33:00,2011-04-08 09:58:00,United Kingdom,489,327.7
15110,24,6,1505.8500000000001,2010-08-11 15:49:00,2011-11-16 11:16:00,United Kingdom,461,250.98
15111,29,5,2442.37,2010-04-26 13:12:00,2011-11-10 16:58:00,United Kingdom,563,488.47
15112,611,1,209.4,2010-04-07 14:17:00,2010-04-07 14:17:00,United Kingdom,0,209.4
15113,10,3,3509.04,2011-10-16 15:27:00,2011-11-30 08:23:00,United Kingdom,44,1169.68
15114,30,12,3400.12,2010-10-14 16:44:00,2011-11-09 15:05:00,United Kingdom,390,283.34
15115,18,2,531.85,2009-12-07 11:20:00,2011-11-21 14:59:00,United Kingdom,714,265.92
15116,18,4,1352.75,2011-05-19 08:50:00,2011-11-22 12:25:00,United Kingdom,187,338.19
15117,15,8,2485.9700000000003,2010-03-15 13:39:00,2011-11-25 08:12:00,United Kingdom,619,310.75
15118,134,1,244.8,2011-07-28 14:54:00,2011-07-28 14:54:00,United Kingdom,0,244.8
15119,246,1,266.4,2011-04-08 09:08:00,2011-04-08 09:08:00,United Kingdom,0,266.4
15120,134,1,358.82,2011-07-29 09:48:00,2011-07-29 09:48:00,United Kingdom,0,358.82
15121,50,2,457.72,2011-02-24 12:41:00,2011-10-20 14:51:00,United Kingdom,238,228.86
15122,114,11,4487.27,2010-03-30 14:05:00,2011-08-17 16:48:00,United Kingdom,505,407.93
15123,7,5,4656.17,2010-03-16 09:49:00,2011-12-02 13:12:00,United Kingdom,626,931.23
15124,23,4,450.82,2010-02-26 10:49:00,2011-11-17 10:09:00,United Kingdom,628,112.7
15125,25,24,17024.87,2010-03-31 13:29:00,2011-11-14 13:57:00,United Kingdom,593,709.37
15126,537,2,449.49,2010-01-21 17:09:00,2010-06-21 12:31:00,United Kingdom,150,224.74
15127,66,2,711.5,2010-07-08 10:07:00,2011-10-05 10:30:00,United Kingdom,454,355.75
15128,60,5,1783.68,2010-10-05 16:46:00,2011-10-10 13:54:00,United Kingdom,369,356.74
15129,50,23,6860.18,2010-04-08 17:15:00,2011-10-20 14:40:00,United Kingdom,559,298.27
15130,170,1,330.11,2011-06-23 10:15:00,2011-06-23 10:15:00,United Kingdom,0,330.11
15131,395,1,80.28,2010-11-10 12:07:00,2010-11-10 12:07:00,United Kingdom,0,80.28
15132,18,5,977.9300000000001,2011-03-22 12:02:00,2011-11-21 17:10:00,United Kingdom,244,195.59
15133,128,5,1806.9,2010-07-07 12:31:00,2011-08-04 10:44:00,United Kingdom,392,361.38
15134,15,10,1596.29,2010-10-13 12:44:00,2011-11-25 08:55:00,United Kingdom,407,159.63
15135,239,2,305.68,2010-06-01 13:33:00,2011-04-14 19:16:00,United Kingdom,317,152.84
15136,3,4,1286.7,2011-09-04 16:05:00,2011-12-07 12:26:00,United Kingdom,93,321.68
15137,521,2,823.4,2010-01-28 15:45:00,2010-07-07 09:41:00,United Kingdom,159,411.7
15138,394,1,502.52,2010-11-11 09:16:00,2010-11-11 09:16:00,United Kingdom,0,502.52
15139,240,2,178.96,2011-01-07 12:44:00,2011-04-14 11:39:00,United Kingdom,96,89.48
15140,52,8,3243.69,2010-09-23 13:07:00,2011-10-18 14:07:00,United Kingdom,390,405.46
15141,458,7,1388.47,2010-03-28 15:58:00,2010-09-08 11:33:00,United Kingdom,163,198.35
15142,46,6,2619.92,2010-07-27 09:05:00,2011-10-24 12:51:00,United Kingdom,454,436.65
15143,226,2,563.63,2010-10-03 13:58:00,2011-04-28 12:03:00,United Kingdom,206,281.82
15144,8,29,12160.31,2009-12-13 11:35:00,2011-12-01 15:12:00,United Kingdom,718,419.32
15145,4,4,1194.73,2011-04-05 15:20:00,2011-12-05 17:21:00,United Kingdom,244,298.68
15146,165,2,1327.16,2011-02-21 13:07:00,2011-06-28 12:09:00,United Kingdom,126,663.58
15147,240,1,623.5,2011-04-13 15:57:00,2011-04-13 15:57:00,United Kingdom,0,623.5
15148,11,1,301.29,2011-11-29 08:21:00,2011-11-29 08:21:00,United Kingdom,0,301.29
15149,134,4,1524.6100000000001,2010-02-28 11:13:00,2011-07-29 10:58:00,United Kingdom,515,381.15
15150,17,13,8977.94,2010-06-14 12:01:00,2011-11-22 12:52:00,United Kingdom,526,690.61
15151,423,2,2085.61,2010-07-18 12:19:00,2010-10-12 16:37:00,United Kingdom,86,1042.8
15152,10,14,5263.83,2010-01-07 15:15:00,2011-11-30 12:32:00,United Kingdom,691,375.99
15153,31,1,329.25,2011-11-08 17:09:00,2011-11-08 17:09:00,United Kingdom,0,329.25
15154,75,3,1343.72,2010-08-18 17:41:00,2011-09-25 16:05:00,United Kingdom,402,447.91
15155,383,1,383.96999999999997,2010-11-21 12:59:00,2010-11-21 12:59:00,United Kingdom,0,383.97
15156,1,3,961.49,2011-11-06 12:41:00,2011-12-08 18:22:00,United Kingdom,32,320.5
15157,4,5,2654.11,2009-12-10 14:44:00,2011-12-06 11:28:00,United Kingdom,725,530.82
15158,45,2,606.02,2010-11-03 13:46:00,2011-10-25 13:53:00,United Kingdom,356,303.01
15159,2,34,22116.73,2010-10-04 09:31:00,2011-12-08 12:05:00,United Kingdom,430,650.49
15160,357,4,589.27,2010-10-14 15:26:00,2010-12-17 14:15:00,United Kingdom,63,147.32
15161,388,1,119.92,2010-11-16 16:08:00,2010-11-16 16:08:00,United Kingdom,0,119.92
15162,731,1,312.9,2009-12-08 13:14:00,2009-12-08 13:14:00,United Kingdom,0,312.9
15163,18,2,304.47,2011-05-31 15:22:00,2011-11-21 13:10:00,United Kingdom,173,152.24
15164,69,9,2028.1100000000001,2010-01-18 13:34:00,2011-10-02 12:05:00,United Kingdom,621,225.35
15165,373,1,487.75,2010-12-01 14:03:00,2010-12-01 14:03:00,United Kingdom,0,487.75
15166,468,1,167.16,2010-08-29 12:31:00,2010-08-29 12:31:00,United Kingdom,0,167.16
15167,321,5,1627.62,2010-02-04 14:13:00,2011-01-23 12:41:00,United Kingdom,352,325.52
15168,26,1,106.56,2011-11-14 11:26:00,2011-11-14 11:26:00,United Kingdom,0,106.56
15169,382,2,569.22,2009-12-13 11:16:00,2010-11-22 13:04:00,United Kingdom,344,284.61
15170,407,1,81.15,2010-10-29 10:34:00,2010-10-29 10:34:00,United Kingdom,0,81.15
15171,331,1,1289.5,2011-01-12 15:36:00,2011-01-12 15:36:00,United Kingdom,0,1289.5
15172,9,5,1624.05,2011-04-17 11:56:00,2011-12-01 11:51:00,United Kingdom,227,324.81
15173,381,7,1494.6,2010-04-01 12:26:00,2010-11-24 10:21:00,United Kingdom,236,213.51
15174,323,2,481.46,2010-10-25 09:40:00,2011-01-21 09:06:00,United Kingdom,87,240.73
15175,72,1,224.14,2011-09-29 11:31:00,2011-09-29 11:31:00,United Kingdom,0,224.14
15176,668,1,988.04,2010-02-10 10:36:00,2010-02-10 10:36:00,United Kingdom,0,988.04
15177,426,1,948.93,2010-10-10 12:48:00,2010-10-10 12:48:00,United Kingdom,0,948.93
15178,260,1,40.5,2011-03-24 15:12:00,2011-03-24 15:12:00,United Kingdom,0,40.5
15179,18,13,7491.92,2009-12-03 12:27:00,2011-11-21 12:53:00,United Kingdom,718,576.3
15180,367,3,816.9300000000001,2010-04-29 15:27:00,2010-12-07 14:57:00,United Kingdom,221,272.31
15181,66,5,1200.2,2009-12-08 19:02:00,2011-10-04 13:58:00,United Kingdom,664,240.04
15182,154,11,2998.9500000000003,2010-02-21 12:03:00,2011-07-08 13:37:00,United Kingdom,502,272.63
15183,548,3,639.93,2010-05-04 11:31:00,2010-06-10 10:43:00,United Kingdom,36,213.31
15184,29,4,685.39,2009-12-16 12:06:00,2011-11-10 13:41:00,United Kingdom,694,171.35
15185,70,1,310.62,2011-09-30 14:06:00,2011-09-30 14:06:00,United Kingdom,0,310.62
15186,14,5,1403.2,2010-01-12 10:14:00,2011-11-25 14:58:00,United Kingdom,682,280.64
15187,2,15,4762.18,2011-05-11 13:49:00,2011-12-08 11:56:00,United Kingdom,210,317.48
15188,725,1,310.43,2009-12-14 13:30:00,2009-12-14 13:30:00,United Kingdom,0,310.43
15189,1,46,17524.38,2010-07-18 13:37:00,2011-12-08 13:22:00,United Kingdom,507,380.96
15190,434,1,834.4399999999999,2010-10-01 13:09:00,2010-10-01 13:09:00,United Kingdom,0,834.44
15191,463,3,588.05,2010-01-20 12:35:00,2010-09-02 15:37:00,United Kingdom,225,196.02
15192,120,5,1666.39,2010-01-29 10:13:00,2011-08-12 11:41:00,United Kingdom,560,333.28
15193,61,1,499.32,2011-10-10 08:23:00,2011-10-10 08:23:00,United Kingdom,0,499.32
15194,3,28,12021.53,2009-12-03 10:37:00,2011-12-06 15:10:00,United Kingdom,733,429.34
15195,3,1,3861.0,2011-12-07 12:20:00,2011-12-07 12:20:00,United Kingdom,0,3861.0
15196,433,2,313.7,2009-12-13 11:14:00,2010-10-03 10:50:00,United Kingdom,293,156.85
15197,11,6,1877.51,2009-12-11 12:56:00,2011-11-29 10:00:00,United Kingdom,717,312.92
15198,92,5,571.35,2010-01-19 10:01:00,2011-09-08 14:42:00,United Kingdom,597,114.27
15199,59,10,3122.4,2010-05-13 10:14:00,2011-10-11 15:12:00,United Kingdom,516,312.24
15200,495,1,549.05,2010-08-02 09:38:00,2010-08-02 09:38:00,United Kingdom,0,549.05
15201,87,7,1842.95,2010-04-07 14:50:00,2011-09-13 14:53:00,United Kingdom,524,263.28
15203,26,15,4400.18,2009-12-08 18:06:00,2011-11-14 08:16:00,United Kingdom,705,293.35
15204,357,1,316.58,2010-12-17 13:49:00,2010-12-17 13:49:00,United Kingdom,0,316.58
15205,85,2,653.24,2011-08-04 16:07:00,2011-09-15 19:36:00,United Kingdom,42,326.62
15206,10,4,420.29999999999995,2011-03-09 08:59:00,2011-11-29 13:41:00,United Kingdom,265,105.07
15207,416,3,683.9200000000001,2010-06-10 17:29:00,2010-10-19 13:29:00,United Kingdom,130,227.97
15208,1,6,970.52,2010-10-12 12:17:00,2011-12-08 17:24:00,United Kingdom,422,161.75
15209,730,1,178.98000000000002,2009-12-09 17:26:00,2009-12-09 17:26:00,United Kingdom,0,178.98
15210,225,3,1176.19,2010-05-13 14:42:00,2011-04-28 16:11:00,United Kingdom,350,392.06
15211,60,2,894.4100000000001,2010-12-09 16:08:00,2011-10-10 13:31:00,United Kingdom,304,447.21
15212,241,2,208.28,2010-11-28 10:45:00,2011-04-12 13:45:00,United Kingdom,135,104.14
15213,319,2,328.35,2011-01-14 11:05:00,2011-01-25 12:21:00,United Kingdom,11,164.18
15214,2,8,1661.44,2011-04-11 09:46:00,2011-12-08 12:07:00,United Kingdom,241,207.68
15215,47,7,2422.43,2010-04-06 11:21:00,2011-10-24 11:41:00,United Kingdom,566,346.06
15216,88,2,486.09,2010-03-31 09:52:00,2011-09-13 11:41:00,United Kingdom,531,243.04
15217,563,1,426.24,2010-05-25 13:51:00,2010-05-25 13:51:00,United Kingdom,0,426.24
15218,11,22,11453.83,2010-01-26 11:33:00,2011-11-29 11:48:00,United Kingdom,672,520.63
15219,176,2,685.45,2010-03-01 11:33:00,2011-06-16 16:57:00,United Kingdom,472,342.72
15220,52,6,1778.96,2011-03-04 10:24:00,2011-10-19 12:39:00,United Kingdom,229,296.49
15221,366,4,2062.2000000000003,2010-03-12 10:40:00,2010-12-08 13:08:00,United Kingdom,271,515.55
15222,319,11,3550.91,2009-12-16 13:49:00,2011-01-25 08:03:00,United Kingdom,404,322.81
15223,226,5,1417.95,2009-12-05 11:19:00,2011-04-28 11:31:00,United Kingdom,509,283.59
15224,358,5,871.36,2010-01-15 16:14:00,2010-12-16 15:02:00,United Kingdom,334,174.27
15225,234,1,409.40000000000003,2011-04-19 14:51:00,2011-04-19 14:51:00,United Kingdom,0,409.4
15226,311,1,154.41,2011-02-02 11:41:00,2011-02-02 11:41:00,United Kingdom,0,154.41
15227,37,9,2488.4900000000002,2010-03-16 08:23:00,2011-11-03 11:59:00,United Kingdom,597,276.5
15228,66,6,5580.2699999999995,2010-07-28 10:21:00,2011-10-04 13:56:00,United Kingdom,433,930.04
15229,586,1,160.5,2010-05-02 13:50:00,2010-05-02 13:50:00,United Kingdom,0,160.5
15230,239,2,429.6,2011-04-13 11:04:00,2011-04-14 14:39:00,United Kingdom,1,214.8
15231,621,1,250.26,2010-03-28 15:12:00,2010-03-28 15:12:00,United Kingdom,0,250.26
15232,113,2,612.06,2011-07-22 12:21:00,2011-08-18 16:27:00,United Kingdom,27,306.03
15233,401,1,59.400000000000006,2010-11-03 13:36:00,2010-11-03 13:36:00,United Kingdom,0,59.4
15234,277,1,197.0,2011-03-08 08:53:00,2011-03-08 08:53:00,United Kingdom,0,197.0
15235,218,16,2772.76,2010-11-16 12:48:00,2011-05-06 09:44:00,United Kingdom,170,173.3
15236,299,1,321.05,2011-02-14 10:52:00,2011-02-14 10:52:00,United Kingdom,0,321.05
15237,2,4,1412.32,2011-04-26 15:04:00,2011-12-08 09:46:00,United Kingdom,225,353.08
15238,29,3,1071.99,2011-06-08 16:00:00,2011-11-10 14:28:00,United Kingdom,154,357.33
15239,10,2,780.59,2011-09-22 09:53:00,2011-11-29 14:14:00,United Kingdom,68,390.3
15240,45,12,4459.98,2009-12-05 14:57:00,2011-10-26 09:50:00,United Kingdom,689,371.66
15241,67,11,3050.16,2010-02-23 13:59:00,2011-10-04 09:05:00,United Kingdom,587,277.29
15242,422,1,302.04,2010-10-13 15:33:00,2010-10-13 15:33:00,United Kingdom,0,302.04
15243,74,2,927.2800000000001,2010-09-30 17:28:00,2011-09-26 14:12:00,United Kingdom,360,463.64
15244,65,3,912.08,2010-02-11 14:48:00,2011-10-05 13:19:00,United Kingdom,600,304.03
15245,134,8,4610.84,2010-04-23 14:23:00,2011-07-28 18:56:00,United Kingdom,461,576.36
15246,238,3,780.4,2010-06-02 11:28:00,2011-04-15 14:45:00,United Kingdom,317,260.13
15247,122,3,976.06,2010-06-20 14:08:00,2011-08-09 12:52:00,United Kingdom,414,325.35
15248,411,3,1893.93,2010-06-23 14:34:00,2010-10-24 13:09:00,United Kingdom,122,631.31
15249,32,18,9266.0,2010-03-26 14:51:00,2011-11-08 11:45:00,United Kingdom,591,514.78
15250,641,1,60.0,2010-03-09 07:35:00,2010-03-09 07:35:00,United Kingdom,0,60.0
15251,9,21,20324.54,2010-01-29 12:42:00,2011-11-30 15:02:00,United Kingdom,670,967.84
15252,36,5,2103.41,2010-04-07 10:24:00,2011-11-03 13:30:00,United Kingdom,575,420.68
15253,16,8,2055.09,2010-05-02 11:17:00,2011-11-23 16:22:00,United Kingdom,570,256.89
15254,127,3,1088.35,2010-05-28 10:08:00,2011-08-04 15:04:00,United Kingdom,433,362.78
15255,67,9,3706.02,2009-12-03 09:10:00,2011-10-04 12:43:00,United Kingdom,670,411.78
15256,149,2,170.4,2010-05-27 11:41:00,2011-07-14 11:47:00,United Kingdom,413,85.2
15257,283,2,685.9,2010-10-21 14:03:00,2011-03-01 12:58:00,United Kingdom,130,342.95
15258,169,2,623.16,2011-05-06 14:16:00,2011-06-24 12:30:00,United Kingdom,48,311.58
15259,513,4,1182.3799999999999,2010-01-26 09:41:00,2010-07-15 08:47:00,United Kingdom,169,295.59
15260,100,25,8767.73,2009-12-06 11:45:00,2011-08-31 13:55:00,United Kingdom,633,350.71
15261,135,4,1508.0,2010-10-01 11:59:00,2011-07-27 15:20:00,United Kingdom,299,377.0
15262,324,3,418.82,2010-08-08 15:55:00,2011-01-20 12:16:00,United Kingdom,164,139.61
15263,107,1,156.51,2011-08-25 10:26:00,2011-08-25 10:26:00,United Kingdom,0,156.51
15264,64,2,848.4,2010-06-27 13:29:00,2011-10-06 13:49:00,United Kingdom,466,424.2
15265,151,4,3345.64,2009-12-01 17:08:00,2011-07-11 14:46:00,United Kingdom,586,836.41
15266,338,5,852.21,2010-01-07 12:19:00,2011-01-05 13:40:00,United Kingdom,363,170.44
15267,22,5,1717.36,2011-06-10 10:24:00,2011-11-17 15:59:00,United Kingdom,160,343.47
15268,479,3,961.9000000000001,2010-04-13 11:27:00,2010-08-18 10:33:00,United Kingdom,126,320.63
15269,24,3,1225.3600000000001,2010-11-14 12:58:00,2011-11-16 09:32:00,United Kingdom,366,408.45
15270,16,21,8524.86,2009-12-17 15:02:00,2011-11-24 09:24:00,United Kingdom,706,405.95
15271,7,24,4528.54,2010-08-05 14:57:00,2011-12-02 14:11:00,United Kingdom,483,188.69
15272,57,6,2030.95,2010-02-14 13:39:00,2011-10-13 12:59:00,United Kingdom,605,338.49
15273,600,1,228.96,2010-04-19 11:31:00,2010-04-19 11:31:00,United Kingdom,0,228.96
15274,4,2,716.57,2011-11-21 14:17:00,2011-12-05 16:57:00,United Kingdom,14,358.28
15275,38,1,615.14,2011-11-02 11:20:00,2011-11-02 11:20:00,United Kingdom,0,615.14
15276,66,4,619.8,2010-10-01 12:24:00,2011-10-04 16:39:00,United Kingdom,368,154.95
15277,47,2,476.34,2010-10-10 16:02:00,2011-10-24 10:08:00,United Kingdom,378,238.17
15278,562,4,496.15999999999997,2010-02-12 14:53:00,2010-05-27 10:03:00,United Kingdom,103,124.04
15279,355,5,1580.54,2010-02-02 10:15:00,2010-12-20 10:48:00,United Kingdom,321,316.11
15280,172,3,397.52,2010-05-17 14:17:00,2011-06-20 17:14:00,United Kingdom,399,132.51
15281,59,16,8543.57,2010-10-08 12:14:00,2011-10-12 09:10:00,United Kingdom,368,533.97
15282,570,1,348.59,2010-05-18 16:27:00,2010-05-18 16:27:00,United Kingdom,0,348.59
15283,390,3,148.33,2010-07-09 15:46:00,2010-11-14 14:54:00,United Kingdom,127,49.44
15284,500,1,24.75,2010-07-27 13:25:00,2010-07-27 13:25:00,United Kingdom,0,24.75
15285,408,1,94.92,2010-10-28 09:46:00,2010-10-28 09:46:00,United Kingdom,0,94.92
15286,50,1,240.55,2011-10-21 11:08:00,2011-10-21 11:08:00,United Kingdom,0,240.55
15287,22,5,856.03,2009-12-02 12:13:00,2011-11-17 15:34:00,United Kingdom,715,171.21
15288,43,10,3706.53,2010-02-12 15:27:00,2011-10-27 16:58:00,United Kingdom,622,370.65
15289,29,5,1593.09,2010-03-28 11:45:00,2011-11-10 13:49:00,United Kingdom,592,318.62
15290,5,26,10496.28,2010-02-24 10:15:00,2011-12-05 11:39:00,United Kingdom,649,403.7
15291,26,39,13472.76,2009-12-03 11:09:00,2011-11-14 11:02:00,United Kingdom,710,345.46
15292,201,1,178.39,2011-05-22 15:00:00,2011-05-22 15:00:00,United Kingdom,0,178.39
15293,666,1,247.5,2010-02-12 11:54:00,2010-02-12 11:54:00,United Kingdom,0,247.5
15294,411,1,233.35,2010-10-25 11:45:00,2010-10-25 11:45:00,United Kingdom,0,233.35
15295,654,1,207.04,2010-02-23 13:03:00,2010-02-23 13:03:00,United Kingdom,0,207.04
15296,51,12,10323.03,2010-01-21 13:48:00,2011-10-20 11:47:00,United Kingdom,636,860.25
15297,10,3,641.94,2011-10-07 09:42:00,2011-11-29 16:32:00,United Kingdom,53,213.98
15298,2,23,9061.77,2009-12-08 17:04:00,2011-12-07 17:17:00,United Kingdom,729,393.99
15299,67,9,5556.53,2010-01-12 11:34:00,2011-10-03 14:19:00,United Kingdom,629,617.39
15300,64,1,496.44,2011-10-06 17:08:00,2011-10-06 17:08:00,United Kingdom,0,496.44
15301,51,17,6909.67,2010-09-15 15:41:00,2011-10-20 09:57:00,United Kingdom,399,406.45
15302,730,1,308.0,2009-12-09 13:11:00,2009-12-09 13:11:00,United Kingdom,0,308.0
15303,290,3,1224.18,2010-01-25 09:42:00,2011-02-22 13:59:00,United Kingdom,393,408.06
15304,61,9,796.4000000000001,2010-10-14 10:24:00,2011-10-10 10:23:00,United Kingdom,360,88.49
15305,555,1,93.6,2010-06-02 13:50:00,2010-06-02 13:50:00,United Kingdom,0,93.6
15306,64,9,3484.73,2010-02-18 17:12:00,2011-10-06 12:56:00,United Kingdom,594,387.19
15307,96,1,205.3,2011-09-05 11:38:00,2011-09-05 11:38:00,United Kingdom,0,205.3
15308,274,1,310.47,2011-03-10 13:08:00,2011-03-10 13:08:00,United Kingdom,0,310.47
15309,611,4,797.96,2009-12-04 13:01:00,2010-04-08 11:11:00,United Kingdom,124,199.49
15310,479,1,1634.64,2010-08-18 11:38:00,2010-08-18 11:38:00,United Kingdom,0,1634.64
15311,1,207,114671.42,2009-12-01 11:21:00,2011-12-09 12:00:00,United Kingdom,738,553.97
15312,75,12,2930.19,2009-12-16 09:23:00,2011-09-25 13:10:00,United Kingdom,648,244.18
15313,110,1,52.0,2011-08-21 16:02:00,2011-08-21 16:02:00,United Kingdom,0,52.0
15314,199,3,820.4499999999999,2010-10-07 15:41:00,2011-05-24 14:39:00,United Kingdom,228,273.48
15315,64,2,570.5,2011-08-15 15:17:00,2011-10-06 12:51:00,United Kingdom,51,285.25
15316,327,1,165.0,2011-01-17 11:34:00,2011-01-17 11:34:00,United Kingdom,0,165.0
15317,677,1,129.75,2010-01-31 15:55:00,2010-01-31 15:55:00,United Kingdom,0,129.75
15318,4,1,312.62,2011-12-06 11:30:00,2011-12-06 11:30:00,United Kingdom,0,312.62
15319,284,1,204.5,2011-03-01 12:48:00,2011-03-01 12:48:00,United Kingdom,0,204.5
15320,44,1,267.13,2011-10-26 13:27:00,2011-10-26 13:27:00,United Kingdom,0,267.13
15321,71,12,6709.7300000000005,2010-02-03 09:47:00,2011-09-30 09:40:00,United Kingdom,603,559.14
15322,86,2,1390.86,2010-08-20 13:10:00,2011-09-15 09:34:00,United Kingdom,390,695.43
15323,563,3,434.6,2010-02-16 09:21:00,2010-05-26 10:01:00,United Kingdom,99,144.87
15324,701,1,140.22000000000003,2010-01-07 14:37:00,2010-01-07 14:37:00,United Kingdom,0,140.22
15325,104,8,1601.46,2010-02-16 13:30:00,2011-08-28 11:55:00,United Kingdom,557,200.18
15326,334,5,1700.52,2009-12-01 13:19:00,2011-01-10 11:38:00,United Kingdom,404,340.1
15327,53,1,208.75,2011-10-18 11:55:00,2011-10-18 11:55:00,United Kingdom,0,208.75
15328,408,1,107.24,2010-10-28 09:05:00,2010-10-28 09:05:00,United Kingdom,0,107.24
15329,39,11,2958.83,2009-12-14 12:18:00,2011-10-31 15:36:00,United Kingdom,686,268.98
15330,32,2,714.96,2011-10-10 12:30:00,2011-11-07 17:50:00,United Kingdom,28,357.48
15331,500,3,767.91,2010-04-09 14:26:00,2010-07-28 09:42:00,United Kingdom,109,255.97
15332,366,6,4892.68,2010-07-14 13:01:00,2010-12-08 14:43:00,Lithuania,147,815.45
15333,208,1,1028.56,2011-05-15 13:27:00,2011-05-15 13:27:00,United Kingdom,0,1028.56
15334,157,3,347.87,2011-06-19 13:51:00,2011-07-06 11:22:00,United Kingdom,16,115.96
15335,54,1,170.22,2011-10-17 12:50:00,2011-10-17 12:50:00,United Kingdom,0,170.22
15336,402,1,240.5,2010-11-03 12:39:00,2010-11-03 12:39:00,United Kingdom,0,240.5
15337,411,1,373.02,2010-10-24 15:29:00,2010-10-24 15:29:00,United Kingdom,0,373.02
15338,677,1,277.93,2010-01-31 14:25:00,2010-01-31 14:25:00,United Kingdom,0,277.93
15339,66,7,1821.02,2010-02-08 13:38:00,2011-10-04 12:51:00,United Kingdom,602,260.15
15340,562,1,105.5,2010-05-27 10:27:00,2010-05-27 10:27:00,United Kingdom,0,105.5
15341,81,2,2402.7200000000003,2010-09-16 16:41:00,2011-09-20 09:40:00,United Kingdom,368,1201.36
15342,130,1,406.09,2011-08-02 10:19:00,2011-08-02 10:19:00,United Kingdom,0,406.09
15343,87,1,364.5,2011-09-13 13:55:00,2011-09-13 13:55:00,United Kingdom,0,364.5
15344,1,3,563.94,2011-09-26 14:48:00,2011-12-09 10:45:00,United Kingdom,73,187.98
15345,46,1,393.54,2011-10-25 11:28:00,2011-10-25 11:28:00,United Kingdom,0,393.54
15346,333,3,596.12,2010-10-04 15:11:00,2011-01-11 11:18:00,United Kingdom,98,198.71
15347,366,4,1162.0,2010-09-28 12:50:00,2010-12-08 15:25:00,United Kingdom,71,290.5
15348,72,1,158.04,2011-09-28 13:17:00,2011-09-28 13:17:00,United Kingdom,0,158.04
15349,158,2,463.90999999999997,2011-06-05 15:46:00,2011-07-04 16:06:00,United Kingdom,29,231.96
15350,373,2,547.6,2010-11-21 15:14:00,2010-12-01 13:33:00,United Kingdom,9,273.8
15351,12,10,3430.22,2010-10-03 12:18:00,2011-11-27 12:52:00,United Kingdom,420,343.02
15352,549,1,111.15,2010-06-09 11:28:00,2010-06-09 11:28:00,United Kingdom,0,111.15
15353,255,7,2794.4700000000003,2009-12-02 11:33:00,2011-03-30 12:15:00,United Kingdom,483,399.21
15355,29,2,277.05,2011-10-17 15:22:00,2011-11-10 13:44:00,United Kingdom,23,138.52
15356,31,13,3239.57,2010-10-13 13:12:00,2011-11-08 13:11:00,United Kingdom,390,249.2
15358,5,42,16425.86,2009-12-07 12:19:00,2011-12-05 09:04:00,United Kingdom,727,391.09
15359,663,8,181.35,2010-01-15 11:30:00,2010-02-15 10:47:00,United Kingdom,30,22.67
15360,40,1,427.93,2011-10-31 09:35:00,2011-10-31 09:35:00,United Kingdom,0,427.93
15361,362,4,689.07,2010-06-14 13:27:00,2010-12-13 09:52:00,United Kingdom,181,172.27
15362,449,2,613.08,2009-12-01 09:08:00,2010-09-17 10:37:00,United Kingdom,290,306.54
15363,373,2,678.11,2010-08-04 08:41:00,2010-12-02 12:28:00,United Kingdom,120,339.06
15364,96,2,913.19,2011-03-30 13:39:00,2011-09-05 09:46:00,United Kingdom,158,456.6
15365,26,13,4557.13,2010-02-04 16:43:00,2011-11-14 08:29:00,United Kingdom,647,350.55
15366,75,7,2389.08,2010-02-26 10:10:00,2011-09-25 15:01:00,United Kingdom,576,341.3
15367,57,11,5081.33,2009-12-10 14:20:00,2011-10-13 14:13:00,United Kingdom,671,461.94
15368,21,2,722.74,2010-11-10 15:52:00,2011-11-18 14:42:00,United Kingdom,372,361.37
15369,492,11,6251.26,2009-12-08 07:43:00,2010-08-04 13:54:00,United Kingdom,239,568.3
15370,41,8,3739.01,2010-10-25 12:08:00,2011-10-30 10:58:00,United Kingdom,369,467.38
15371,662,1,59.400000000000006,2010-02-15 13:14:00,2010-02-15 13:14:00,United Kingdom,0,59.4
15372,137,8,6017.06,2010-02-14 11:24:00,2011-07-25 16:39:00,United Kingdom,526,752.13
15373,8,17,3084.54,2010-05-02 11:57:00,2011-12-01 15:05:00,United Kingdom,578,181.44
15374,129,2,307.32,2010-03-25 12:03:00,2011-08-03 09:59:00,United Kingdom,495,153.66
15375,690,1,60.959999999999994,2010-01-18 15:38:00,2010-01-18 15:38:00,United Kingdom,0,60.96
15376,40,3,1221.56,2011-05-01 13:45:00,2011-10-30 15:04:00,United Kingdom,182,407.19
15377,383,4,1211.75,2010-10-20 11:42:00,2010-11-22 08:55:00,United Kingdom,32,302.94
15378,463,2,246.5,2010-07-26 08:47:00,2010-09-03 11:30:00,United Kingdom,39,123.25
15379,169,8,4877.84,2010-11-04 11:59:00,2011-06-23 13:13:00,United Kingdom,231,609.73
15380,9,11,3248.96,2009-12-01 13:50:00,2011-12-01 12:13:00,United Kingdom,729,295.36
15381,214,5,1890.5700000000002,2010-05-05 14:35:00,2011-05-10 11:55:00,United Kingdom,369,378.11
15382,15,12,13733.550000000001,2009-12-04 14:13:00,2011-11-25 10:58:00,United Kingdom,720,1144.46
15384,170,4,2027.79,2010-04-26 12:38:00,2011-06-23 10:57:00,United Kingdom,422,506.95
15385,40,3,942.08,2010-01-31 13:02:00,2011-10-30 15:11:00,United Kingdom,637,314.03
15386,186,1,394.14,2011-06-06 13:47:00,2011-06-06 13:47:00,United Kingdom,0,394.14
15387,492,1,468.65,2010-08-04 16:05:00,2010-08-04 16:05:00,United Kingdom,0,468.65
15388,270,1,140.54,2011-03-14 13:53:00,2011-03-14 13:53:00,Canada,0,140.54
15389,172,5,2733.8,2010-01-27 12:44:00,2011-06-20 16:18:00,United Kingdom,509,546.76
15390,396,2,1216.66,2010-10-26 17:23:00,2010-11-08 15:19:00,Canada,12,608.33
15391,584,1,289.87,2010-05-04 15:04:00,2010-05-04 15:04:00,United Kingdom,0,289.87
15392,5,7,2911.62,2010-10-04 12:50:00,2011-12-05 11:01:00,United Kingdom,426,415.95
15393,16,5,891.34,2009-12-15 17:56:00,2011-11-23 16:48:00,United Kingdom,707,178.27
15394,10,11,5286.8,2009-12-15 19:05:00,2011-11-30 11:49:00,United Kingdom,714,480.62
15395,326,1,107.45,2011-01-18 12:40:00,2011-01-18 12:40:00,United Kingdom,0,107.45
15396,113,2,796.38,2010-05-05 09:04:00,2011-08-19 10:56:00,United Kingdom,471,398.19
15397,290,1,94.0,2011-02-23 09:25:00,2011-02-23 09:25:00,United Kingdom,0,94.0
15398,16,2,1345.53,2011-09-22 14:56:00,2011-11-23 16:47:00,United Kingdom,62,672.76
15399,1,3,815.77,2011-09-21 15:57:00,2011-12-08 13:04:00,United Kingdom,77,271.92
15400,92,8,1302.3,2010-05-28 08:33:00,2011-09-08 13:57:00,United Kingdom,468,162.79
15401,452,2,216.95000000000002,2010-05-20 10:56:00,2010-09-13 13:42:00,United Kingdom,116,108.48
15402,149,6,1830.12,2010-04-27 12:12:00,2011-07-14 12:17:00,United Kingdom,443,305.02
15403,492,2,170.88,2009-12-09 12:45:00,2010-08-05 12:21:00,United Kingdom,238,85.44
15404,376,1,257.06,2010-11-29 11:03:00,2010-11-29 11:03:00,United Kingdom,0,257.06
15405,189,2,659.84,2010-05-12 15:56:00,2011-06-03 14:44:00,United Kingdom,386,329.92
15406,31,4,975.87,2010-09-12 13:06:00,2011-11-08 13:22:00,United Kingdom,422,243.97
15407,34,4,1046.74,2011-02-07 13:18:00,2011-11-06 11:55:00,United Kingdom,271,261.68
15408,264,1,267.18,2011-03-20 15:02:00,2011-03-20 15:02:00,United Kingdom,0,267.18
15409,721,1,131.25,2009-12-18 15:35:00,2009-12-18 15:35:00,United Kingdom,0,131.25
15410,84,10,4685.72,2010-04-19 08:57:00,2011-09-16 14:47:00,United Kingdom,515,468.57
15411,26,4,1348.93,2011-06-10 12:30:00,2011-11-13 15:19:00,United Kingdom,156,337.23
15412,171,1,190.53,2011-06-21 15:24:00,2011-06-21 15:24:00,United Kingdom,0,190.53
15413,692,5,6798.72,2009-12-01 10:18:00,2010-01-17 11:33:00,United Kingdom,47,1359.74
15414,10,3,774.9000000000001,2011-04-11 13:45:00,2011-11-30 09:50:00,United Kingdom,232,258.3
15415,313,1,559.61,2011-01-30 14:13:00,2011-01-30 14:13:00,United Kingdom,0,559.61
15416,65,7,4572.82,2010-02-01 11:55:00,2011-10-06 09:38:00,United Kingdom,611,653.26
15417,85,1,508.8,2011-09-15 15:26:00,2011-09-15 15:26:00,United Kingdom,0,508.8
15418,425,2,449.42,2010-05-02 11:31:00,2010-10-10 13:38:00,United Kingdom,161,224.71
15419,25,1,135.86,2011-11-15 09:23:00,2011-11-15 09:23:00,United Kingdom,0,135.86
15420,434,6,743.0,2009-12-05 13:29:00,2010-10-01 15:46:00,United Kingdom,300,123.83
15421,59,10,3805.34,2009-12-07 15:10:00,2011-10-12 09:20:00,United Kingdom,673,380.53
15422,323,7,1619.97,2010-02-07 11:52:00,2011-01-20 16:17:00,United Kingdom,347,231.42
15423,38,3,266.89,2010-03-28 13:42:00,2011-11-01 14:01:00,United Kingdom,583,88.96
15424,254,3,597.78,2010-09-02 17:17:00,2011-03-30 13:02:00,United Kingdom,208,199.26
15425,400,4,1941.1200000000001,2010-02-14 12:36:00,2010-11-04 18:13:00,United Kingdom,263,485.28
15426,19,9,2156.35,2010-05-02 15:10:00,2011-11-20 15:36:00,United Kingdom,567,239.59
15427,33,3,1430.54,2011-10-23 14:47:00,2011-11-06 14:29:00,United Kingdom,13,476.85
15428,15,4,762.75,2009-12-17 17:46:00,2011-11-24 16:54:00,United Kingdom,706,190.69
15429,27,2,397.35,2011-09-25 13:42:00,2011-11-13 12:28:00,United Kingdom,48,198.68
15430,468,2,954.75,2010-06-29 15:04:00,2010-08-29 10:42:00,United Kingdom,60,477.38
15431,503,1,153.24,2010-07-25 12:44:00,2010-07-25 12:44:00,United Kingdom,0,153.24
15432,23,2,320.76,2010-06-16 14:34:00,2011-11-16 16:30:00,United Kingdom,518,160.38
15433,214,2,533.3,2011-03-17 14:12:00,2011-05-10 10:45:00,United Kingdom,53,266.65
15434,8,11,2567.06,2010-01-24 15:35:00,2011-12-01 13:33:00,United Kingdom,675,233.37
15435,22,1,149.29,2011-11-17 16:39:00,2011-11-17 16:39:00,United Kingdom,0,149.29
15436,12,3,1067.75,2011-04-19 16:52:00,2011-11-27 16:05:00,United Kingdom,221,355.92
15437,262,2,393.45,2010-03-09 10:45:00,2011-03-22 13:11:00,United Kingdom,378,196.72
15438,131,1,156.57999999999998,2011-07-31 14:19:00,2011-07-31 14:19:00,United Kingdom,0,156.58
15439,405,4,1269.05,2010-02-24 12:05:00,2010-10-31 10:38:00,United Kingdom,248,317.26
15440,55,3,383.68,2011-05-15 11:30:00,2011-10-16 12:16:00,United Kingdom,154,127.89
15441,396,3,1254.21,2009-12-09 14:55:00,2010-11-08 15:50:00,United Kingdom,334,418.07
15442,249,1,594.0,2011-04-05 12:24:00,2011-04-05 12:24:00,United Kingdom,0,594.0
15443,2,14,5114.23,2010-03-07 12:10:00,2011-12-08 10:40:00,United Kingdom,640,365.3
15444,9,2,1411.21,2011-10-30 16:12:00,2011-11-30 17:37:00,United Kingdom,31,705.6
15445,264,2,284.5,2010-04-28 15:00:00,2011-03-20 15:06:00,United Kingdom,326,142.25
15446,377,3,396.75,2009-12-13 13:53:00,2010-11-28 11:59:00,United Kingdom,349,132.25
15447,331,5,492.88,2010-03-24 14:40:00,2011-01-13 11:26:00,United Kingdom,294,98.58
15448,313,2,788.81,2010-02-03 13:29:00,2011-01-31 10:42:00,United Kingdom,361,394.4
15449,26,3,974.52,2011-03-23 10:43:00,2011-11-13 15:02:00,United Kingdom,235,324.84
15450,30,1,429.84,2011-11-09 17:11:00,2011-11-09 17:11:00,United Kingdom,0,429.84
15451,434,2,226.86,2010-04-19 14:08:00,2010-10-01 13:40:00,United Kingdom,164,113.43
15452,30,6,1785.1100000000001,2010-07-16 14:23:00,2011-11-10 12:13:00,United Kingdom,481,297.52
15453,2,7,1371.77,2011-06-05 12:37:00,2011-12-08 10:59:00,United Kingdom,185,195.97
15454,362,2,303.89,2010-03-31 13:15:00,2010-12-12 14:21:00,United Kingdom,256,151.94
15455,598,1,38.25,2010-04-21 12:43:00,2010-04-21 12:43:00,United Kingdom,0,38.25
15456,283,10,2091.52,2009-12-08 12:54:00,2011-03-01 13:51:00,United Kingdom,448,209.15
15457,262,1,237.07,2011-03-22 15:31:00,2011-03-22 15:31:00,United Kingdom,0,237.07
15458,25,2,370.43999999999994,2010-11-02 19:50:00,2011-11-14 13:08:00,United Kingdom,376,185.22
15459,417,2,202.82999999999998,2010-07-30 14:31:00,2010-10-18 15:25:00,United Kingdom,80,101.42
15460,354,1,214.26,2010-12-20 16:08:00,2010-12-20 16:08:00,United Kingdom,0,214.26
15461,461,2,429.7,2010-03-18 12:40:00,2010-09-05 12:31:00,United Kingdom,170,214.85
15462,94,4,737.05,2010-09-20 10:23:00,2011-09-06 13:11:00,United Kingdom,351,184.26
15463,29,1,126.14,2011-11-10 12:57:00,2011-11-10 12:57:00,United Kingdom,0,126.14
15464,338,1,1044.65,2011-01-05 15:56:00,2011-01-05 15:56:00,United Kingdom,0,1044.65
15465,20,32,12100.4,2009-12-10 09:42:00,2011-11-20 10:11:00,United Kingdom,710,378.14
15466,85,4,1560.46,2009-12-03 12:28:00,2011-09-15 14:08:00,United Kingdom,651,390.12
15467,9,3,524.88,2011-07-10 14:42:00,2011-11-30 14:17:00,United Kingdom,142,174.96
15468,51,3,1430.48,2010-11-12 09:39:00,2011-10-19 13:49:00,United Kingdom,341,476.83
15469,50,3,874.25,2010-09-27 10:09:00,2011-10-20 16:21:00,United Kingdom,388,291.42
15470,576,1,63.419999999999995,2010-05-13 09:35:00,2010-05-13 09:35:00,United Kingdom,0,63.42
15471,2,3,1292.01,2010-06-07 12:17:00,2011-12-07 14:12:00,United Kingdom,548,430.67
15472,113,1,371.56,2011-08-18 15:17:00,2011-08-18 15:17:00,United Kingdom,0,371.56
15473,14,8,2046.0,2010-09-21 09:14:00,2011-11-25 15:15:00,United Kingdom,430,255.75
15474,596,1,150.35,2010-04-23 11:14:00,2010-04-23 11:14:00,United Kingdom,0,150.35
15475,77,1,454.10999999999996,2011-09-23 15:20:00,2011-09-23 15:20:00,United Kingdom,0,454.11
15476,380,4,2209.98,2010-09-23 14:00:00,2010-11-24 15:17:00,United Kingdom,62,552.5
15477,650,1,368.4,2010-02-28 10:37:00,2010-02-28 10:37:00,United Kingdom,0,368.4
15478,40,3,1940.98,2010-05-13 18:49:00,2011-10-30 14:19:00,United Kingdom,534,646.99
15479,733,1,147.4,2009-12-06 15:08:00,2009-12-06 15:08:00,United Kingdom,0,147.4
15480,116,3,3592.25,2010-02-01 14:52:00,2011-08-15 14:32:00,Malta,559,1197.42
15481,401,1,1993.34,2010-11-03 14:52:00,2010-11-03 14:52:00,Norway,0,1993.34
15482,16,18,14377.36,2009-12-02 16:59:00,2011-11-24 10:46:00,United Kingdom,721,798.74
15483,161,10,810.68,2010-01-24 15:42:00,2011-07-01 13:07:00,United Kingdom,522,81.07
15484,1,6,4652.1,2009-12-05 15:18:00,2011-12-08 15:03:00,United Kingdom,732,775.35
15485,30,7,4810.92,2009-12-01 17:31:00,2011-11-09 14:31:00,United Kingdom,707,687.27
15486,527,1,102.0,2010-06-30 13:15:00,2010-06-30 13:15:00,United Kingdom,0,102.0
15487,680,1,231.32,2010-01-29 12:07:00,2010-01-29 12:07:00,United Kingdom,0,231.32
15488,93,5,431.92,2010-05-05 13:03:00,2011-09-08 10:11:00,United Kingdom,490,86.38
15489,23,8,2419.61,2010-01-15 16:58:00,2011-11-17 08:53:00,United Kingdom,670,302.45
15490,430,1,210.85,2010-10-05 13:11:00,2010-10-05 13:11:00,United Kingdom,0,210.85
15491,95,6,3100.09,2011-04-18 10:04:00,2011-09-05 15:56:00,United Kingdom,140,516.68
15492,28,2,659.4599999999999,2011-09-26 14:02:00,2011-11-11 14:53:00,United Kingdom,46,329.73
15493,33,9,4113.19,2010-02-23 11:14:00,2011-11-07 12:04:00,United Kingdom,622,457.02
15494,21,5,3702.6,2009-12-10 20:16:00,2011-11-18 14:51:00,United Kingdom,707,740.52
15495,379,1,246.5,2010-11-25 13:46:00,2010-11-25 13:46:00,United Kingdom,0,246.5
15496,631,1,146.14000000000001,2010-03-18 13:16:00,2010-03-18 13:16:00,United Kingdom,0,146.14
15497,18,9,8657.39,2009-12-18 15:08:00,2011-11-22 11:51:00,United Kingdom,703,961.93
15498,3,44,24972.86,2009-12-16 17:27:00,2011-12-07 12:48:00,United Kingdom,720,567.57
15499,724,1,158.65,2009-12-16 12:17:00,2009-12-16 12:17:00,United Kingdom,0,158.65
15500,8,4,1131.56,2011-09-19 13:47:00,2011-12-01 13:47:00,United Kingdom,73,282.89
15501,405,2,399.95,2010-10-20 12:47:00,2010-10-31 11:15:00,United Kingdom,10,199.98
15502,16,12,9542.92,2010-06-03 11:12:00,2011-11-24 12:48:00,United Kingdom,539,795.24
15503,363,2,257.3,2009-12-13 11:34:00,2010-12-12 10:57:00,United Kingdom,363,128.65
15504,81,4,391.45,2010-02-12 12:34:00,2011-09-19 13:45:00,United Kingdom,584,97.86
15505,53,5,3610.96,2011-07-07 13:33:00,2011-10-18 07:56:00,United Kingdom,102,722.19
15506,23,6,2030.33,2010-08-19 12:38:00,2011-11-17 12:11:00,United Kingdom,454,338.39
15507,172,1,475.86,2011-06-21 11:19:00,2011-06-21 11:19:00,United Kingdom,0,475.86
15508,189,6,1000.27,2011-04-18 15:31:00,2011-06-03 15:43:00,United Kingdom,46,166.71
15509,380,1,152.41,2010-11-24 14:48:00,2010-11-24 14:48:00,United Kingdom,0,152.41
15510,331,1,250.0,2011-01-13 12:10:00,2011-01-13 12:10:00,United Kingdom,0,250.0
15511,12,5,900.53,2011-09-15 15:05:00,2011-11-28 09:43:00,United Kingdom,73,180.11
15512,156,4,331.58,2010-02-01 13:23:00,2011-07-07 10:20:00,United Kingdom,520,82.9
15513,33,35,26437.05,2010-01-13 14:59:00,2011-11-06 14:36:00,United Kingdom,661,755.34
15514,12,18,6388.28,2009-12-04 16:37:00,2011-11-27 14:40:00,United Kingdom,722,354.9
15515,387,1,171.81,2010-11-17 13:39:00,2010-11-17 13:39:00,United Kingdom,0,171.81
15516,45,3,62.43,2011-10-24 11:33:00,2011-10-26 10:51:00,United Kingdom,1,20.81
15517,233,1,267.03,2011-04-20 14:02:00,2011-04-20 14:02:00,United Kingdom,0,267.03
15518,64,15,4189.99,2009-12-20 12:21:00,2011-10-06 13:05:00,United Kingdom,655,279.33
15519,383,2,344.61,2010-09-19 13:57:00,2010-11-21 14:35:00,United Kingdom,63,172.3
15520,2,1,343.5,2011-12-08 10:58:00,2011-12-08 10:58:00,United Kingdom,0,343.5
15521,40,16,7087.64,2010-01-05 10:19:00,2011-10-30 13:42:00,United Kingdom,663,442.98
15522,33,2,397.99,2011-09-13 12:26:00,2011-11-07 11:26:00,United Kingdom,54,199.0
15523,84,16,17259.19,2009-12-02 15:16:00,2011-09-16 16:29:00,United Kingdom,653,1078.7
15524,25,2,591.4,2010-04-12 09:19:00,2011-11-15 12:09:00,United Kingdom,582,295.7
15525,2,4,887.72,2010-11-22 12:10:00,2011-12-07 14:43:00,United Kingdom,380,221.93
15526,33,2,148.44,2011-11-06 15:01:00,2011-11-06 15:04:00,United Kingdom,0,74.22
15527,19,23,5554.04,2009-12-15 17:31:00,2011-11-21 12:17:00,United Kingdom,705,241.48
15528,254,1,229.33,2011-03-30 16:14:00,2011-03-30 16:14:00,United Kingdom,0,229.33
15529,23,12,4781.11,2010-11-10 14:26:00,2011-11-17 11:29:00,United Kingdom,371,398.43
15530,22,5,1808.68,2010-07-15 11:10:00,2011-11-18 12:25:00,United Kingdom,491,361.74
15531,8,2,1972.39,2011-11-09 17:47:00,2011-12-01 18:43:00,United Kingdom,22,986.2
15532,25,10,3717.2,2010-06-08 14:52:00,2011-11-14 14:51:00,United Kingdom,523,371.72
15533,19,3,807.57,2011-09-11 15:41:00,2011-11-20 15:35:00,United Kingdom,69,269.19
15534,726,1,162.25,2009-12-14 12:48:00,2009-12-14 12:48:00,United Kingdom,0,162.25
15535,173,6,1044.3700000000001,2010-09-16 20:04:00,2011-06-19 16:02:00,United Kingdom,275,174.06
15536,409,1,259.09,2010-10-26 16:31:00,2010-10-26 16:31:00,United Kingdom,0,259.09
15537,163,1,110.92,2011-06-29 13:10:00,2011-06-29 13:10:00,United Kingdom,0,110.92
15538,538,6,3358.3999999999996,2010-02-14 12:38:00,2010-06-20 10:49:00,United Kingdom,125,559.73
15539,7,1,538.46,2011-12-02 13:36:00,2011-12-02 13:36:00,United Kingdom,0,538.46
15540,11,2,460.68,2010-11-29 11:10:00,2011-11-28 13:51:00,United Kingdom,364,230.34
15541,114,1,85.13000000000001,2011-08-17 14:58:00,2011-08-17 14:58:00,United Kingdom,0,85.13
15542,512,3,855.71,2009-12-02 11:53:00,2010-07-15 13:32:00,United Kingdom,225,285.24
15543,288,2,242.26,2010-09-06 11:28:00,2011-02-24 15:26:00,United Kingdom,171,121.13
15544,9,20,7807.89,2010-01-28 14:39:00,2011-11-30 16:43:00,United Kingdom,671,390.39
15545,54,2,288.96999999999997,2010-12-03 17:28:00,2011-10-16 13:24:00,United Kingdom,316,144.48
15546,607,2,1079.1000000000001,2010-04-12 11:45:00,2010-04-12 11:51:00,United Kingdom,0,539.55
15547,7,26,10002.65,2009-12-06 13:40:00,2011-12-02 12:52:00,United Kingdom,725,384.72
15548,596,1,158.09,2010-04-23 12:20:00,2010-04-23 12:20:00,United Kingdom,0,158.09
15549,77,8,2330.41,2010-01-11 13:16:00,2011-09-23 16:22:00,United Kingdom,620,291.3
15550,4,12,2211.05,2009-12-03 15:15:00,2011-12-05 15:38:00,United Kingdom,732,184.25
15551,37,7,1679.81,2010-06-07 15:05:00,2011-11-03 12:37:00,United Kingdom,513,239.97
15552,217,2,252.52,2010-03-26 16:17:00,2011-05-06 14:47:00,United Kingdom,405,126.26
15553,60,1,428.93,2011-10-10 14:02:00,2011-10-10 14:02:00,United Kingdom,0,428.93
15554,278,1,217.2,2011-03-07 09:00:00,2011-03-07 09:00:00,United Kingdom,0,217.2
15555,12,36,11233.78,2009-12-06 11:58:00,2011-11-27 16:19:00,United Kingdom,721,312.05
15556,24,1,279.77,2011-11-15 16:08:00,2011-11-15 16:08:00,United Kingdom,0,279.77
15557,29,1,468.91,2011-11-11 12:46:00,2011-11-11 12:46:00,United Kingdom,0,468.91
15558,639,1,202.68,2010-03-10 15:25:00,2010-03-10 15:25:00,United Kingdom,0,202.68
15559,568,1,1109.4,2010-05-20 14:06:00,2010-05-20 14:06:00,United Kingdom,0,1109.4
15560,398,2,153.52,2010-11-07 10:14:00,2010-11-07 10:15:00,United Kingdom,0,76.76
15561,12,8,1934.3899999999999,2010-02-14 12:22:00,2011-11-28 11:07:00,United Kingdom,651,241.8
15562,352,3,671.4300000000001,2009-12-13 15:17:00,2010-12-23 09:55:00,United Kingdom,374,223.81
15563,22,6,2820.46,2010-01-28 11:36:00,2011-11-17 12:59:00,United Kingdom,658,470.08
15564,463,2,70.74000000000001,2010-02-01 15:58:00,2010-09-02 15:52:00,United Kingdom,212,35.37
15565,50,2,173.16,2011-09-30 10:44:00,2011-10-20 14:33:00,United Kingdom,20,86.58
15566,393,2,227.87,2009-12-15 14:53:00,2010-11-12 12:11:00,United Kingdom,331,113.94
15567,19,1,186.01,2011-11-21 10:48:00,2011-11-21 10:48:00,United Kingdom,0,186.01
15568,3,3,758.29,2011-09-27 14:37:00,2011-12-07 11:27:00,United Kingdom,70,252.76
15569,104,10,3583.45,2010-02-28 10:55:00,2011-08-28 10:15:00,United Kingdom,545,358.34
15570,7,25,8736.49,2010-03-28 14:04:00,2011-12-02 14:47:00,United Kingdom,614,349.46
15571,12,14,3892.35,2009-12-06 12:10:00,2011-11-28 10:02:00,United Kingdom,721,278.02
15572,5,10,3965.2,2010-04-14 14:38:00,2011-12-05 10:09:00,United Kingdom,599,396.52
15573,32,5,1180.47,2009-12-10 14:19:00,2011-11-08 11:38:00,United Kingdom,697,236.09
15574,178,6,1101.44,2010-09-01 14:37:00,2011-06-15 12:01:00,United Kingdom,286,183.57
15575,620,1,30.1,2010-03-30 12:50:00,2010-03-30 12:50:00,United Kingdom,0,30.1
15576,38,1,921.37,2011-11-02 12:03:00,2011-11-02 12:03:00,United Kingdom,0,921.37
15577,151,5,396.03000000000003,2009-12-13 16:17:00,2011-07-11 17:03:00,United Kingdom,575,79.21
15578,162,1,127.1,2011-06-30 13:03:00,2011-06-30 13:03:00,United Kingdom,0,127.1
15579,69,5,1250.63,2010-10-03 14:37:00,2011-10-02 12:45:00,United Kingdom,363,250.13
15580,377,8,1375.39,2010-02-07 11:21:00,2010-11-28 11:00:00,United Kingdom,293,171.92
15581,156,34,4505.16,2009-12-02 12:19:00,2011-07-06 14:04:00,United Kingdom,581,132.5
15582,25,3,682.9100000000001,2011-05-03 13:36:00,2011-11-15 09:55:00,United Kingdom,195,227.64
15583,376,1,95.96,2010-11-28 15:04:00,2010-11-28 15:04:00,United Kingdom,0,95.96
15584,24,6,1268.2,2010-02-07 12:16:00,2011-11-16 10:55:00,United Kingdom,646,211.37
15585,177,1,455.3,2011-06-16 08:38:00,2011-06-16 08:38:00,United Kingdom,0,455.3
15586,593,3,1139.1,2010-01-08 10:02:00,2010-04-26 11:00:00,United Kingdom,108,379.7
15587,50,7,1522.0800000000002,2010-08-05 08:44:00,2011-10-20 13:37:00,United Kingdom,441,217.44
15588,678,1,579.6,2010-01-31 12:19:00,2010-01-31 12:19:00,United Kingdom,0,579.6
15589,256,3,478.53000000000003,2011-02-02 10:46:00,2011-03-29 09:54:00,United Kingdom,54,159.51
15590,382,5,1496.6,2010-04-12 10:09:00,2010-11-22 14:49:00,United Kingdom,224,299.32
15591,583,3,217.9,2010-02-04 09:20:00,2010-05-06 09:23:00,United Kingdom,91,72.63
15592,47,1,388.58,2011-10-24 08:59:00,2011-10-24 08:59:00,United Kingdom,0,388.58
15593,71,1,199.8,2011-09-30 11:46:00,2011-09-30 11:46:00,United Kingdom,0,199.8
15594,16,5,1771.78,2011-04-19 10:08:00,2011-11-24 08:53:00,United Kingdom,218,354.36
15595,488,1,357.6,2010-08-09 12:27:00,2010-08-09 12:27:00,United Kingdom,0,357.6
15596,101,9,2727.72,2010-07-28 11:46:00,2011-08-31 10:55:00,United Kingdom,398,303.08
15597,35,2,563.37,2010-05-13 13:10:00,2011-11-04 13:26:00,United Kingdom,540,281.68
15598,53,2,548.02,2010-10-08 09:20:00,2011-10-17 16:04:00,United Kingdom,374,274.01
15599,27,3,1250.06,2010-09-20 10:15:00,2011-11-13 11:44:00,United Kingdom,419,416.69
15600,428,4,1199.31,2010-04-25 11:50:00,2010-10-07 14:30:00,United Kingdom,165,299.83
15601,11,30,14191.74,2009-12-01 14:53:00,2011-11-28 15:15:00,United Kingdom,727,473.06
15602,8,16,3137.96,2009-12-02 09:35:00,2011-12-01 14:14:00,United Kingdom,729,196.12
15603,79,2,88.48,2010-03-01 16:02:00,2011-09-22 10:04:00,United Kingdom,569,44.24
15604,52,1,216.39,2011-10-18 14:47:00,2011-10-18 14:47:00,United Kingdom,0,216.39
15605,36,9,1741.95,2010-01-14 14:03:00,2011-11-03 14:17:00,United Kingdom,658,193.55
15606,61,17,5230.99,2010-03-02 14:48:00,2011-10-09 15:47:00,United Kingdom,586,307.71
15607,337,9,1708.97,2010-01-08 12:16:00,2011-01-07 12:44:00,United Kingdom,364,189.89
15608,28,5,1785.98,2010-10-20 10:10:00,2011-11-11 13:20:00,United Kingdom,387,357.2
15609,184,1,298.48,2011-06-08 13:00:00,2011-06-08 13:00:00,United Kingdom,0,298.48
15610,52,1,112.46000000000001,2011-10-19 10:36:00,2011-10-19 10:36:00,United Kingdom,0,112.46
15611,10,24,2976.28,2010-01-25 14:50:00,2011-11-30 12:36:00,United Kingdom,673,124.01
15612,36,2,195.15,2011-10-09 12:49:00,2011-11-03 14:52:00,United Kingdom,25,97.58
15613,610,1,433.71999999999997,2010-04-08 12:51:00,2010-04-08 12:51:00,United Kingdom,0,433.72
15614,438,4,3147.36,2010-03-23 11:13:00,2010-09-28 10:46:00,United Kingdom,188,786.84
15615,10,47,21373.97,2009-12-02 15:28:00,2011-11-29 14:42:00,United Kingdom,726,454.77
15616,438,1,317.11,2010-09-27 13:10:00,2010-09-27 13:10:00,United Kingdom,0,317.11
15617,396,3,828.5500000000001,2010-07-20 13:16:00,2010-11-08 16:07:00,United Kingdom,111,276.18
15618,33,4,776.85,2011-07-26 10:13:00,2011-11-07 08:34:00,United Kingdom,103,194.21
15619,11,1,336.40000000000003,2011-11-29 08:14:00,2011-11-29 08:14:00,United Kingdom,0,336.4
15620,57,4,1942.36,2010-10-26 11:32:00,2011-10-14 12:41:00,United Kingdom,353,485.59
15621,4,4,1293.03,2011-11-18 11:49:00,2011-12-05 14:01:00,United Kingdom,17,323.26
15622,43,17,7852.61,2010-03-04 10:29:00,2011-10-27 16:44:00,United Kingdom,602,461.92
15623,141,8,2437.05,2009-12-10 14:46:00,2011-07-21 17:26:00,United Kingdom,588,304.63
15624,117,4,588.13,2011-03-28 13:32:00,2011-08-15 11:38:00,United Kingdom,139,147.03
15625,104,9,3236.4,2010-06-15 15:23:00,2011-08-28 10:21:00,United Kingdom,438,359.6
15626,75,3,1067.52,2010-10-14 17:16:00,2011-09-26 10:03:00,United Kingdom,346,355.84
15627,457,2,566.9,2010-07-05 11:56:00,2010-09-08 14:14:00,United Kingdom,65,283.45
15628,5,17,5333.08,2009-12-13 13:39:00,2011-12-05 10:24:00,United Kingdom,721,313.71
15629,450,4,2240.9,2010-06-25 11:39:00,2010-09-15 13:46:00,United Kingdom,82,560.22
15630,45,3,1481.4,2010-03-05 14:30:00,2011-10-25 15:36:00,United Kingdom,599,493.8
15631,642,1,596.67,2010-03-07 14:52:00,2010-03-07 14:52:00,United Kingdom,0,596.67
15632,16,8,3285.31,2011-03-10 08:29:00,2011-11-24 09:51:00,United Kingdom,259,410.66
15633,509,13,4335.96,2009-12-08 17:51:00,2010-07-18 13:54:00,United Kingdom,221,333.54
15634,17,2,554.65,2010-11-21 15:30:00,2011-11-22 16:28:00,United Kingdom,366,277.32
15635,396,1,100.35,2010-11-09 08:58:00,2010-11-09 08:58:00,United Kingdom,0,100.35
15636,90,4,1444.58,2010-05-19 11:37:00,2011-09-11 11:17:00,United Kingdom,479,361.14
15637,53,5,797.59,2009-12-15 17:54:00,2011-10-18 08:28:00,United Kingdom,671,159.52
15638,379,6,2265.2,2010-04-08 14:37:00,2010-11-26 11:52:00,United Kingdom,231,377.53
15639,134,3,1065.08,2010-04-13 13:11:00,2011-07-28 14:30:00,United Kingdom,471,355.03
15640,4,29,23459.51,2009-12-14 16:36:00,2011-12-05 14:35:00,United Kingdom,720,808.95
15641,105,12,5345.55,2009-12-06 15:31:00,2011-08-26 14:04:00,United Kingdom,627,445.46
15642,730,1,105.78000000000002,2009-12-10 11:51:00,2009-12-10 11:51:00,United Kingdom,0,105.78
15643,192,3,664.0,2011-03-02 14:34:00,2011-06-01 07:38:00,United Kingdom,90,221.33
15644,166,4,803.54,2011-03-23 15:37:00,2011-06-26 14:54:00,United Kingdom,94,200.88
15645,19,3,1054.75,2010-10-10 12:51:00,2011-11-21 11:55:00,United Kingdom,406,351.58
15646,158,5,784.8100000000001,2010-10-25 13:06:00,2011-07-05 09:53:00,United Kingdom,252,156.96
15647,415,1,169.0,2010-10-20 15:09:00,2010-10-20 15:09:00,United Kingdom,0,169.0
15648,204,2,639.5,2011-03-17 18:59:00,2011-05-19 15:53:00,United Kingdom,62,319.75
15649,336,4,1660.35,2010-11-17 16:22:00,2011-01-07 13:34:00,United Kingdom,50,415.09
15650,522,2,553.88,2010-03-21 11:46:00,2010-07-06 10:41:00,United Kingdom,106,276.94
15651,37,5,1259.06,2010-04-22 13:26:00,2011-11-03 08:41:00,United Kingdom,559,251.81
15652,91,5,1405.94,2010-08-11 16:58:00,2011-09-09 14:22:00,United Kingdom,393,281.19
15653,93,2,877.4399999999999,2011-08-16 09:50:00,2011-09-08 10:49:00,United Kingdom,23,438.72
15654,9,2,922.53,2011-11-13 15:15:00,2011-11-30 13:08:00,United Kingdom,16,461.26
15655,243,1,560.67,2011-04-10 15:25:00,2011-04-10 15:25:00,United Kingdom,0,560.67
15656,45,4,748.5,2011-02-28 15:32:00,2011-10-25 14:56:00,United Kingdom,238,187.12
15657,23,1,30.0,2011-11-17 12:19:00,2011-11-17 12:19:00,United Kingdom,0,30.0
15658,190,8,2117.27,2009-12-03 11:19:00,2011-06-02 15:22:00,United Kingdom,546,264.66
15659,44,3,532.49,2010-02-24 13:32:00,2011-10-27 09:23:00,United Kingdom,609,177.5
15660,25,15,2603.69,2010-02-05 16:01:00,2011-11-14 16:58:00,United Kingdom,647,173.58
15661,317,8,1215.95,2010-05-10 07:59:00,2011-01-26 13:56:00,United Kingdom,261,151.99
15662,661,2,283.73,2009-12-01 13:49:00,2010-02-16 16:47:00,United Kingdom,77,141.86
15663,106,1,138.14,2011-08-25 15:50:00,2011-08-25 15:50:00,United Kingdom,0,138.14
15664,51,4,1231.53,2010-02-28 12:50:00,2011-10-20 10:57:00,United Kingdom,598,307.88
15665,168,5,3987.07,2010-03-14 15:07:00,2011-06-24 14:57:00,United Kingdom,466,797.41
15666,472,2,632.9399999999999,2010-08-01 15:41:00,2010-08-24 16:14:00,United Kingdom,23,316.47
15667,40,1,301.32,2011-10-31 10:56:00,2011-10-31 10:56:00,United Kingdom,0,301.32
15668,218,1,76.32000000000001,2011-05-06 10:39:00,2011-05-06 10:39:00,United Kingdom,0,76.32
15669,40,4,684.34,2011-03-21 09:13:00,2011-10-30 16:03:00,United Kingdom,223,171.08
15670,297,2,325.2,2010-06-01 15:34:00,2011-02-16 10:50:00,United Kingdom,259,162.6
15671,19,7,2657.13,2011-03-14 09:37:00,2011-11-21 12:43:00,United Kingdom,252,379.59
15672,725,1,45.300000000000004,2009-12-14 16:52:00,2009-12-14 16:52:00,United Kingdom,0,45.3
15673,88,9,6204.32,2010-02-22 14:28:00,2011-09-12 16:12:00,United Kingdom,567,689.37
15674,73,12,6613.52,2009-12-08 17:08:00,2011-09-27 15:17:00,United Kingdom,657,551.13
15675,81,4,542.04,2010-10-31 14:14:00,2011-09-19 13:48:00,United Kingdom,322,135.51
15676,19,3,3435.76,2011-03-01 10:19:00,2011-11-21 12:40:00,United Kingdom,265,1145.25
15677,49,3,1305.63,2010-09-02 12:08:00,2011-10-21 15:36:00,United Kingdom,414,435.21
15678,53,3,1825.94,2010-07-05 12:49:00,2011-10-18 09:25:00,United Kingdom,469,608.65
15679,24,4,781.28,2011-06-10 08:24:00,2011-11-15 16:19:00,United Kingdom,158,195.32
15680,9,10,4028.69,2009-12-02 12:15:00,2011-11-30 13:46:00,United Kingdom,728,402.87
15681,25,14,2989.7,2010-05-24 14:18:00,2011-11-14 16:30:00,United Kingdom,539,213.55
15682,599,2,318.24,2010-01-21 14:37:00,2010-04-19 15:30:00,United Kingdom,88,159.12
15683,117,2,524.54,2010-08-23 12:01:00,2011-08-14 12:56:00,United Kingdom,356,262.27
15684,547,3,173.95,2009-12-04 16:13:00,2010-06-10 18:51:00,United Kingdom,188,57.98
15685,450,1,55.980000000000004,2010-09-15 13:43:00,2010-09-15 13:43:00,United Kingdom,0,55.98
15686,420,1,90.0,2010-10-15 13:50:00,2010-10-15 13:50:00,United Kingdom,0,90.0
15687,9,9,2993.1,2011-01-13 15:13:00,2011-12-01 08:33:00,United Kingdom,321,332.57
15688,419,1,190.57,2010-10-17 12:06:00,2010-10-17 12:06:00,United Kingdom,0,190.57
15689,120,3,521.03,2010-04-01 09:53:00,2011-08-12 09:37:00,United Kingdom,497,173.68
15690,4,2,239.76,2011-08-31 11:40:00,2011-12-05 15:59:00,United Kingdom,96,119.88
15691,252,4,571.3,2009-12-06 16:01:00,2011-04-01 15:13:00,United Kingdom,480,142.82
15692,28,1,191.04,2011-11-11 14:12:00,2011-11-11 14:12:00,United Kingdom,0,191.04
15693,659,1,37.5,2010-02-18 14:37:00,2010-02-18 14:37:00,United Kingdom,0,37.5
15694,1,23,9963.48,2009-12-07 15:43:00,2011-12-09 09:44:00,United Kingdom,731,433.19
15695,267,4,1131.04,2010-01-27 10:56:00,2011-03-18 08:32:00,United Kingdom,414,282.76
15696,33,13,3881.2200000000003,2010-01-24 14:36:00,2011-11-06 14:02:00,United Kingdom,650,298.56
15697,690,1,246.75,2010-01-19 09:10:00,2010-01-19 09:10:00,United Kingdom,0,246.75
15698,624,1,46.2,2010-03-25 17:38:00,2010-03-25 17:38:00,United Kingdom,0,46.2
15699,18,1,309.65,2011-11-22 08:26:00,2011-11-22 08:26:00,United Kingdom,0,309.65
15700,172,2,696.68,2011-06-19 15:36:00,2011-06-20 16:53:00,United Kingdom,1,348.34
15701,2,4,1529.0,2011-08-21 12:36:00,2011-12-07 14:39:00,United Kingdom,108,382.25
15702,476,1,112.57000000000001,2010-08-20 14:50:00,2010-08-20 14:50:00,Nigeria,0,112.57
15703,265,1,211.5,2011-03-20 10:51:00,2011-03-20 10:51:00,United Kingdom,0,211.5
15704,140,6,3734.6600000000003,2010-05-05 14:51:00,2011-07-22 13:35:00,United Kingdom,442,622.44
15705,201,1,143.1,2011-05-22 15:37:00,2011-05-22 15:37:00,United Kingdom,0,143.1
15706,64,4,1060.56,2011-08-15 14:32:00,2011-10-07 10:09:00,United Kingdom,52,265.14
15707,35,4,916.98,2011-09-14 14:19:00,2011-11-04 14:35:00,United Kingdom,51,229.24
15708,41,9,3887.15,2010-10-10 11:33:00,2011-10-30 10:54:00,United Kingdom,384,431.91
15709,284,2,327.85,2010-04-29 18:31:00,2011-03-01 10:38:00,United Kingdom,305,163.92
15710,417,1,898.87,2010-10-18 17:05:00,2010-10-18 17:05:00,United Kingdom,0,898.87
15711,557,2,420.25,2010-01-24 12:13:00,2010-06-01 12:14:00,United Kingdom,128,210.12
15712,9,12,3472.4100000000003,2009-12-01 11:17:00,2011-11-30 14:09:00,United Kingdom,729,289.37
15713,143,4,839.64,2009-12-16 09:41:00,2011-07-19 13:34:00,United Kingdom,580,209.91
15714,12,5,783.96,2010-06-02 12:08:00,2011-11-28 11:26:00,United Kingdom,543,156.79
15715,556,5,658.02,2010-03-30 12:17:00,2010-06-02 09:56:00,United Kingdom,63,131.6
15716,146,11,2482.7400000000002,2009-12-07 12:42:00,2011-07-17 11:59:00,United Kingdom,586,225.7
15717,234,5,607.0,2010-04-26 10:41:00,2011-04-19 13:21:00,United Kingdom,358,121.4
15718,540,1,293.79,2010-06-17 16:20:00,2010-06-17 16:20:00,United Kingdom,0,293.79
15719,33,31,10194.32,2009-12-01 12:47:00,2011-11-07 12:29:00,United Kingdom,705,328.85
15720,24,2,739.22,2010-06-07 15:40:00,2011-11-15 14:48:00,United Kingdom,525,369.61
15721,12,1,471.40000000000003,2011-11-28 12:14:00,2011-11-28 12:14:00,United Kingdom,0,471.4
15722,36,11,5234.0,2010-03-09 15:05:00,2011-11-04 11:43:00,United Kingdom,604,475.82
15723,365,4,930.7,2010-05-14 12:55:00,2010-12-10 11:12:00,United Kingdom,209,232.68
15724,201,3,310.85,2010-11-04 10:22:00,2011-05-22 14:40:00,United Kingdom,199,103.62
15725,15,1,415.25,2011-11-24 14:51:00,2011-11-24 14:51:00,United Kingdom,0,415.25
15726,390,1,321.91,2010-11-14 16:12:00,2010-11-14 16:12:00,United Kingdom,0,321.91
15727,17,15,9371.71,2010-01-24 12:12:00,2011-11-23 12:36:00,United Kingdom,668,624.78
15728,380,2,544.6,2010-09-21 14:46:00,2010-11-25 10:39:00,United Kingdom,64,272.3
15729,213,3,192.55,2010-11-01 13:44:00,2011-05-11 12:36:00,United Kingdom,190,64.18
15730,66,5,1726.58,2010-10-04 14:15:00,2011-10-05 12:31:00,United Kingdom,365,345.32
15731,554,1,125.3,2010-06-04 10:10:00,2010-06-04 10:10:00,United Kingdom,0,125.3
15732,212,10,1543.97,2010-02-04 10:10:00,2011-05-11 14:24:00,United Kingdom,461,154.4
15733,283,1,162.3,2011-03-02 09:05:00,2011-03-02 09:05:00,United Kingdom,0,162.3
15734,115,4,2263.3,2010-06-10 14:25:00,2011-08-17 10:50:00,United Kingdom,432,565.83
15735,421,1,327.68,2010-10-14 13:38:00,2010-10-14 13:38:00,United Kingdom,0,327.68
15736,435,2,1767.12,2010-09-30 14:19:00,2010-09-30 14:20:00,United Kingdom,0,883.56
15737,15,8,1188.1200000000001,2011-04-11 10:01:00,2011-11-25 11:21:00,United Kingdom,228,148.52
15738,19,41,13043.32,2009-12-10 15:52:00,2011-11-21 08:26:00,United Kingdom,710,318.13
15739,66,1,449.12,2011-10-04 13:42:00,2011-10-04 13:42:00,United Kingdom,0,449.12
15740,49,1,154.88,2011-10-21 14:29:00,2011-10-21 14:29:00,United Kingdom,0,154.88
15741,458,2,208.62,2010-03-31 11:55:00,2010-09-07 16:21:00,United Kingdom,160,104.31
15742,619,1,156.87,2010-03-30 15:25:00,2010-03-30 15:25:00,United Kingdom,0,156.87
15743,16,4,775.96,2011-06-08 10:14:00,2011-11-23 17:19:00,United Kingdom,168,193.99
15744,78,1,34.8,2011-09-23 09:52:00,2011-09-23 09:52:00,United Kingdom,0,34.8
15745,19,4,1094.59,2011-04-17 13:04:00,2011-11-20 13:45:00,United Kingdom,217,273.65
15746,134,1,196.88,2011-07-28 15:21:00,2011-07-28 15:21:00,United Kingdom,0,196.88
15747,13,9,2499.81,2010-01-18 11:21:00,2011-11-27 12:26:00,United Kingdom,678,277.76
15748,40,3,609.8100000000001,2010-09-16 16:52:00,2011-10-30 12:51:00,United Kingdom,408,203.27
15749,235,3,44534.3,2011-01-11 12:55:00,2011-04-18 13:20:00,United Kingdom,97,14844.77
15750,3,18,6452.99,2009-12-01 17:19:00,2011-12-07 12:34:00,United Kingdom,735,358.5
15751,461,11,1380.44,2009-12-06 13:08:00,2010-09-05 12:44:00,United Kingdom,272,125.49
15752,40,9,3924.91,2010-09-08 11:56:00,2011-10-31 11:37:00,United Kingdom,417,436.1
15753,305,1,79.2,2011-02-08 12:41:00,2011-02-08 12:41:00,United Kingdom,0,79.2
15754,51,9,3037.61,2010-02-22 13:31:00,2011-10-19 14:40:00,United Kingdom,604,337.51
15755,10,17,5993.12,2009-12-04 08:24:00,2011-11-29 14:57:00,United Kingdom,725,352.54
15756,61,4,528.01,2011-04-04 14:00:00,2011-10-09 13:30:00,United Kingdom,187,132.0
15757,66,6,2940.36,2010-06-10 13:47:00,2011-10-05 12:14:00,United Kingdom,481,490.06
15758,25,1,205.25,2011-11-15 10:48:00,2011-11-15 10:48:00,United Kingdom,0,205.25
15759,218,7,830.9300000000001,2009-12-02 10:08:00,2011-05-05 15:13:00,United Kingdom,519,118.7
15761,443,1,143.05,2010-09-23 09:33:00,2010-09-23 09:33:00,United Kingdom,0,143.05
15762,65,2,583.75,2011-09-23 15:17:00,2011-10-05 16:15:00,United Kingdom,12,291.88
15763,32,2,1086.92,2011-09-23 12:10:00,2011-11-08 09:44:00,United Kingdom,45,543.46
15764,88,8,4503.08,2010-08-18 13:58:00,2011-09-12 17:58:00,United Kingdom,390,562.88
15765,667,1,370.63,2010-02-11 10:25:00,2010-02-11 10:25:00,United Kingdom,0,370.63
15766,64,3,831.06,2010-01-26 15:55:00,2011-10-06 17:03:00,United Kingdom,618,277.02
15768,116,34,15308.89,2009-12-03 12:10:00,2011-08-16 10:48:00,United Kingdom,620,450.26
15769,7,46,88612.52,2009-12-11 09:58:00,2011-12-02 13:52:00,United Kingdom,721,1926.36
15770,613,1,321.45,2010-04-06 11:47:00,2010-04-06 11:47:00,United Kingdom,0,321.45
15771,604,3,1006.54,2010-01-15 12:14:00,2010-04-14 13:56:00,United Kingdom,89,335.51
15772,418,1,280.88,2010-10-17 13:33:00,2010-10-17 13:33:00,United Kingdom,0,280.88
15773,6,2,774.52,2010-10-26 15:27:00,2011-12-04 12:48:00,United Kingdom,403,387.26
15774,69,6,1287.09,2010-02-21 12:57:00,2011-10-02 12:04:00,United Kingdom,587,214.52
15775,245,2,150.5,2010-03-18 07:32:00,2011-04-08 12:56:00,United Kingdom,386,75.25
15776,133,1,241.62,2011-07-29 13:46:00,2011-07-29 13:46:00,United Kingdom,0,241.62
15777,241,7,1762.61,2010-05-20 10:37:00,2011-04-12 16:43:00,United Kingdom,327,251.8
15778,431,1,307.95,2010-10-04 15:10:00,2010-10-04 15:10:00,United Kingdom,0,307.95
15779,463,2,124.08000000000001,2010-06-25 15:55:00,2010-09-02 16:40:00,United Kingdom,69,62.04
15780,184,3,475.28000000000003,2010-12-17 11:43:00,2011-06-09 12:01:00,United Kingdom,174,158.43
15781,25,3,345.46,2011-02-07 09:15:00,2011-11-14 14:57:00,United Kingdom,280,115.15
15782,10,4,4014.1,2010-10-05 15:43:00,2011-11-30 10:49:00,United Kingdom,420,1003.52
15783,11,1,246.3,2011-11-29 09:50:00,2011-11-29 09:50:00,United Kingdom,0,246.3
15784,468,2,848.3299999999999,2010-02-05 14:42:00,2010-08-29 10:38:00,United Kingdom,204,424.16
15785,33,16,5969.93,2009-12-15 16:28:00,2011-11-07 11:33:00,United Kingdom,691,373.12
15786,46,5,8501.62,2010-06-21 10:13:00,2011-10-24 14:13:00,United Kingdom,490,1700.32
15787,26,3,933.26,2011-10-09 13:11:00,2011-11-13 14:55:00,United Kingdom,35,311.09
15788,509,1,221.82999999999998,2010-07-19 12:48:00,2010-07-19 12:48:00,United Kingdom,0,221.83
15789,358,6,1962.01,2010-03-26 11:21:00,2010-12-16 14:35:00,United Kingdom,265,327.0
15790,10,1,218.75,2011-11-29 14:53:00,2011-11-29 14:53:00,United Kingdom,0,218.75
15791,44,5,3608.34,2010-03-08 09:41:00,2011-10-27 10:14:00,United Kingdom,598,721.67
15792,400,2,933.84,2010-03-31 09:42:00,2010-11-05 08:21:00,United Kingdom,218,466.92
15793,15,8,2399.57,2009-12-01 12:54:00,2011-11-25 09:31:00,United Kingdom,723,299.95
15794,736,2,777.0,2009-12-02 15:10:00,2009-12-03 13:04:00,United Kingdom,0,388.5
15795,150,8,1979.8700000000001,2010-01-18 11:31:00,2011-07-13 10:43:00,United Kingdom,540,247.48
15796,1,17,5170.63,2010-03-31 13:10:00,2011-12-08 19:55:00,United Kingdom,617,304.15
15797,113,5,2806.08,2010-01-27 13:12:00,2011-08-18 17:04:00,United Kingdom,568,561.22
15798,493,3,1535.37,2010-01-27 11:55:00,2010-08-04 09:13:00,United Kingdom,188,511.79
15799,76,4,1421.34,2010-10-17 14:26:00,2011-09-25 12:46:00,United Kingdom,342,355.34
15800,107,7,1227.07,2010-03-31 13:17:00,2011-08-24 14:23:00,United Kingdom,511,175.3
15801,46,3,1063.95,2011-08-22 09:53:00,2011-10-24 13:52:00,United Kingdom,63,354.65
15803,51,4,1929.66,2010-02-01 16:29:00,2011-10-19 14:56:00,United Kingdom,624,482.42
15804,1,13,4206.39,2011-05-25 10:12:00,2011-12-09 12:31:00,United Kingdom,198,323.57
15805,23,30,10148.93,2009-12-10 12:57:00,2011-11-16 16:32:00,United Kingdom,706,338.3
15806,46,3,784.58,2011-03-08 09:24:00,2011-10-24 14:35:00,United Kingdom,230,261.53
15807,50,5,1817.52,2010-02-11 15:32:00,2011-10-20 14:10:00,United Kingdom,615,363.5
15808,306,21,17180.25,2009-12-01 16:30:00,2011-02-06 14:33:00,United Kingdom,431,818.11
15809,36,7,1274.44,2010-06-22 14:23:00,2011-11-03 16:40:00,United Kingdom,499,182.06
15810,79,8,2999.04,2010-02-04 18:18:00,2011-09-22 09:38:00,United Kingdom,594,374.88
15811,22,7,3392.55,2010-11-16 16:46:00,2011-11-17 15:31:00,United Kingdom,365,484.65
15812,107,12,5201.47,2009-12-15 13:40:00,2011-08-24 14:19:00,United Kingdom,617,433.46
15813,208,2,1303.9099999999999,2011-04-14 09:09:00,2011-05-16 08:13:00,United Kingdom,31,651.95
15814,17,6,2634.44,2010-04-15 14:31:00,2011-11-23 08:17:00,United Kingdom,586,439.07
15815,64,5,2100.6,2011-03-25 08:43:00,2011-10-07 12:42:00,United Kingdom,196,420.12
15816,542,2,144.14999999999998,2010-06-15 12:54:00,2010-06-15 13:36:00,United Kingdom,0,72.07
15817,421,3,2766.4,2010-06-14 13:31:00,2010-10-15 11:07:00,United Kingdom,122,922.13
15818,588,1,340.5,2010-04-30 12:58:00,2010-04-30 12:58:00,United Kingdom,0,340.5
15819,49,10,3934.79,2010-03-18 11:08:00,2011-10-21 14:50:00,United Kingdom,582,393.48
15820,320,1,206.98,2011-01-24 12:00:00,2011-01-24 12:00:00,United Kingdom,0,206.98
15821,44,2,570.96,2011-10-09 13:28:00,2011-10-26 15:48:00,United Kingdom,17,285.48
15822,3,6,1840.06,2009-12-06 15:12:00,2011-12-06 14:50:00,United Kingdom,729,306.68
15823,729,2,3867.17,2009-12-08 15:12:00,2009-12-10 18:03:00,United Kingdom,2,1933.58
15824,453,2,890.94,2010-06-25 15:10:00,2010-09-12 13:20:00,United Kingdom,78,445.47
15825,172,1,532.94,2011-06-20 13:27:00,2011-06-20 13:27:00,United Kingdom,0,532.94
15826,56,4,2598.28,2010-05-20 17:00:00,2011-10-14 16:05:00,United Kingdom,511,649.57
15827,73,28,3603.14,2010-01-08 11:25:00,2011-09-27 15:35:00,United Kingdom,627,128.68
15828,375,1,1108.82,2010-11-29 16:41:00,2010-11-29 16:41:00,United Kingdom,0,1108.82
15829,99,2,636.14,2011-07-22 10:23:00,2011-09-01 16:45:00,United Kingdom,41,318.07
15830,38,1,576.0,2011-11-02 10:40:00,2011-11-02 10:40:00,United Kingdom,0,576.0
15831,58,3,794.64,2011-01-19 14:52:00,2011-10-12 13:14:00,United Kingdom,265,264.88
15832,254,1,836.79,2011-03-30 15:29:00,2011-03-30 15:29:00,United Kingdom,0,836.79
15833,738,1,80.4,2009-12-02 11:59:00,2009-12-02 11:59:00,United Kingdom,0,80.4
15834,70,7,3761.89,2010-10-11 14:05:00,2011-09-30 14:41:00,United Kingdom,354,537.41
15835,44,4,954.09,2011-01-13 10:35:00,2011-10-26 15:47:00,United Kingdom,286,238.52
15836,50,1,137.37,2011-10-20 17:13:00,2011-10-20 17:13:00,United Kingdom,0,137.37
15837,65,2,777.01,2010-08-11 10:16:00,2011-10-06 09:01:00,United Kingdom,420,388.5
15838,11,34,73205.5,2009-12-15 09:51:00,2011-11-28 14:00:00,United Kingdom,713,2153.1
15839,33,3,1048.49,2011-07-14 16:35:00,2011-11-06 13:54:00,United Kingdom,114,349.5
15840,59,2,355.56,2011-06-20 11:42:00,2011-10-12 09:08:00,United Kingdom,113,177.78
15841,73,9,2742.41,2009-12-10 08:29:00,2011-09-28 12:15:00,United Kingdom,657,304.71
15842,393,2,548.8,2010-06-30 09:06:00,2010-11-11 14:08:00,United Kingdom,134,274.4
15843,304,1,118.95000000000002,2011-02-09 10:19:00,2011-02-09 10:19:00,United Kingdom,0,118.95
15844,46,1,130.73999999999998,2011-10-24 15:19:00,2011-10-24 15:19:00,United Kingdom,0,130.74
15845,18,11,4426.28,2010-01-26 14:44:00,2011-11-22 09:42:00,United Kingdom,664,402.39
15846,385,1,107.01,2010-11-19 14:40:00,2010-11-19 14:40:00,United Kingdom,0,107.01
15847,38,5,822.57,2010-03-08 08:47:00,2011-11-01 14:41:00,United Kingdom,603,164.51
15848,622,1,137.99,2010-03-28 10:54:00,2010-03-28 10:54:00,United Kingdom,0,137.99
15850,19,6,1006.75,2009-12-13 13:27:00,2011-11-20 14:14:00,United Kingdom,707,167.79
15851,527,1,109.73,2010-07-01 12:34:00,2010-07-01 12:34:00,United Kingdom,0,109.73
15852,187,3,257.26,2010-07-01 10:16:00,2011-06-06 11:22:00,United Kingdom,340,85.75
15853,52,1,110.8,2011-10-19 10:38:00,2011-10-19 10:38:00,United Kingdom,0,110.8
15854,4,21,5578.28,2009-12-10 12:08:00,2011-12-05 13:39:00,United Kingdom,725,265.63
15855,137,6,1052.72,2010-08-20 17:15:00,2011-07-26 10:20:00,United Kingdom,339,175.45
15856,4,52,32274.69,2009-12-03 14:02:00,2011-12-05 17:09:00,United Kingdom,732,620.67
15857,19,2,570.48,2010-10-05 16:43:00,2011-11-21 12:18:00,United Kingdom,411,285.24
15858,16,13,3552.41,2009-12-10 11:42:00,2011-11-24 12:48:00,United Kingdom,714,273.26
15859,432,1,438.46,2010-10-03 12:52:00,2010-10-03 12:52:00,United Kingdom,0,438.46
15860,41,17,2358.8,2009-12-06 12:31:00,2011-10-30 11:25:00,United Kingdom,692,138.75
15861,12,12,4360.9,2010-01-28 19:41:00,2011-11-27 15:59:00,United Kingdom,667,363.41
15862,8,13,2507.14,2009-12-17 11:33:00,2011-12-01 13:28:00,United Kingdom,714,192.86
15863,26,5,355.1,2009-12-17 10:20:00,2011-11-14 12:49:00,United Kingdom,697,71.02
15864,22,7,2180.76,2010-11-23 15:02:00,2011-11-17 13:32:00,United Kingdom,358,311.54
15865,41,5,2241.42,2010-01-05 13:58:00,2011-10-30 12:43:00,United Kingdom,662,448.28
15866,101,1,211.89,2011-08-30 14:09:00,2011-08-30 14:09:00,United Kingdom,0,211.89
15867,5,31,8869.87,2009-12-14 15:16:00,2011-12-04 13:32:00,United Kingdom,719,286.12
15868,583,1,94.53,2010-05-05 14:11:00,2010-05-05 14:11:00,United Kingdom,0,94.53
15869,277,3,321.11,2010-03-23 16:50:00,2011-03-07 17:23:00,United Kingdom,349,107.04
15870,33,4,857.46,2010-09-19 16:22:00,2011-11-07 10:58:00,United Kingdom,413,214.36
15871,437,1,33.099999999999994,2010-09-28 14:16:00,2010-09-28 14:16:00,United Kingdom,0,33.1
15872,15,4,729.25,2010-06-07 14:53:00,2011-11-25 11:55:00,United Kingdom,535,182.31
15873,500,4,313.91999999999996,2010-07-27 11:58:00,2010-07-28 12:41:00,United Kingdom,1,78.48
15874,64,21,11284.76,2010-01-07 13:56:00,2011-10-07 12:31:00,United Kingdom,637,537.37
15875,646,1,108.52,2010-03-03 16:51:00,2010-03-03 16:51:00,United Kingdom,0,108.52
15876,409,2,1449.1399999999999,2010-09-17 15:26:00,2010-10-26 18:58:00,United Kingdom,39,724.57
15877,2,2,490.33,2011-11-22 11:18:00,2011-12-08 11:53:00,United Kingdom,16,245.16
15878,562,2,330.77,2009-12-06 12:28:00,2010-05-27 12:17:00,United Kingdom,171,165.38
15879,404,4,1137.8,2009-12-17 19:54:00,2010-10-31 16:21:00,United Kingdom,317,284.45
15880,369,1,329.03000000000003,2010-12-05 13:00:00,2010-12-05 13:00:00,United Kingdom,0,329.03
15881,312,5,501.39000000000004,2010-12-10 13:32:00,2011-01-31 16:59:00,United Kingdom,52,100.28
15882,199,8,1122.38,2009-12-10 15:33:00,2011-05-25 11:35:00,United Kingdom,530,140.3
15883,2,2,396.48,2011-11-06 14:50:00,2011-12-07 17:05:00,United Kingdom,31,198.24
15884,432,2,244.60000000000002,2009-12-03 18:23:00,2010-10-03 15:55:00,United Kingdom,303,122.3
15885,93,13,1921.82,2010-01-21 12:47:00,2011-09-07 14:56:00,United Kingdom,594,147.83
15886,60,4,1052.8700000000001,2010-04-20 15:03:00,2011-10-10 14:25:00,United Kingdom,537,263.22
15887,407,3,1027.15,2010-06-02 11:53:00,2010-10-29 08:36:00,United Kingdom,148,342.38
15888,81,3,423.49,2010-07-01 11:51:00,2011-09-20 12:30:00,United Kingdom,446,141.16
15889,157,8,1407.05,2009-12-10 12:21:00,2011-07-06 11:10:00,United Kingdom,572,175.88
15890,395,5,535.65,2010-04-14 08:43:00,2010-11-10 12:46:00,United Kingdom,210,107.13
15891,227,1,509.13,2011-04-27 12:35:00,2011-04-27 12:35:00,United Kingdom,0,509.13
15892,669,1,128.2,2010-02-08 16:23:00,2010-02-08 16:23:00,United Kingdom,0,128.2
15893,482,1,305.28000000000003,2010-08-15 11:12:00,2010-08-15 11:12:00,United Kingdom,0,305.28
15894,253,2,257.6,2010-12-05 14:06:00,2011-03-31 13:50:00,United Kingdom,115,128.8
15895,150,1,179.17,2011-07-13 10:27:00,2011-07-13 10:27:00,United Kingdom,0,179.17
15897,194,2,208.59,2011-05-29 13:32:00,2011-05-29 13:50:00,United Kingdom,0,104.3
15898,1,25,4992.7,2009-12-11 16:11:00,2011-12-08 15:23:00,United Kingdom,726,199.71
15899,369,1,56.25,2010-12-06 10:36:00,2010-12-06 10:36:00,United Kingdom,0,56.25
15900,24,4,886.5699999999999,2010-05-26 11:27:00,2011-11-16 12:19:00,United Kingdom,539,221.64
15901,17,6,667.89,2010-06-14 12:39:00,2011-11-23 12:43:00,United Kingdom,527,111.32
15902,380,1,145.01,2010-11-24 16:57:00,2010-11-24 16:57:00,United Kingdom,0,145.01
15903,10,12,8939.84,2010-01-14 10:57:00,2011-11-30 08:08:00,United Kingdom,684,744.99
15904,8,1,164.68,2011-12-01 14:50:00,2011-12-01 14:50:00,United Kingdom,0,164.68
15905,543,1,114.69,2010-06-14 16:00:00,2010-06-14 16:00:00,United Kingdom,0,114.69
15906,20,10,2530.19,2010-09-15 12:17:00,2011-11-20 12:24:00,United Kingdom,431,253.02
15907,4,3,881.87,2011-05-13 13:01:00,2011-12-06 12:21:00,United Kingdom,206,293.96
15908,491,2,758.62,2010-07-15 19:21:00,2010-08-06 11:56:00,United Kingdom,21,379.31
15909,174,1,191.94,2011-06-19 10:38:00,2011-06-19 10:38:00,United Kingdom,0,191.94
15910,1,15,2661.17,2010-01-21 11:51:00,2011-12-09 10:51:00,United Kingdom,686,177.41
15911,624,8,1683.79,2009-12-09 13:26:00,2010-03-26 12:06:00,United Kingdom,106,210.47
15912,178,9,1074.7,2009-12-10 12:58:00,2011-06-14 14:29:00,United Kingdom,551,119.41
15913,534,1,6.300000000000001,2010-06-23 16:31:00,2010-06-23 16:31:00,United Kingdom,0,6.3
15914,378,2,205.99,2010-11-26 16:09:00,2010-11-26 16:10:00,United Kingdom,0,103.0
15915,402,1,364.24,2010-11-03 11:13:00,2010-11-03 11:13:00,United Kingdom,0,364.24
15916,16,13,3145.2400000000002,2009-12-10 16:21:00,2011-11-23 13:46:00,United Kingdom,712,241.94
15917,248,5,530.17,2009-12-02 14:55:00,2011-04-06 10:40:00,United Kingdom,489,106.03
15918,191,3,582.88,2010-03-18 11:40:00,2011-06-02 11:42:00,United Kingdom,441,194.29
15919,20,2,525.69,2010-12-06 11:26:00,2011-11-20 11:28:00,United Kingdom,349,262.85
15920,154,8,565.19,2009-12-14 13:09:00,2011-07-08 15:25:00,United Kingdom,571,70.65
15921,173,4,765.61,2010-03-09 11:03:00,2011-06-20 11:03:00,United Kingdom,468,191.4
15922,373,1,369.5,2010-12-01 13:51:00,2010-12-01 13:51:00,United Kingdom,0,369.5
15923,373,1,127.08,2010-12-02 12:16:00,2010-12-02 12:16:00,United Kingdom,0,127.08
15924,731,1,102.82,2009-12-08 15:00:00,2009-12-08 15:00:00,United Kingdom,0,102.82
15925,194,1,207.15,2011-05-29 15:35:00,2011-05-29 15:35:00,United Kingdom,0,207.15
15926,542,1,134.44,2010-06-15 15:23:00,2010-06-15 15:23:00,United Kingdom,0,134.44
15927,647,1,106.54,2010-03-02 13:25:00,2010-03-02 13:25:00,United Kingdom,0,106.54
15928,656,1,293.53,2010-02-21 15:16:00,2010-02-21 15:16:00,United Kingdom,0,293.53
15929,644,1,594.0,2010-03-05 14:56:00,2010-03-05 14:56:00,United Kingdom,0,594.0
15930,67,1,426.63,2011-10-03 14:52:00,2011-10-03 14:52:00,United Kingdom,0,426.63
15931,428,1,239.9,2010-10-07 16:46:00,2010-10-07 16:46:00,United Kingdom,0,239.9
15932,4,8,2495.87,2011-02-23 14:50:00,2011-12-05 17:13:00,United Kingdom,285,311.98
15933,21,3,1107.46,2011-09-14 12:05:00,2011-11-18 13:14:00,United Kingdom,65,369.15
15934,418,2,2190.66,2010-10-06 12:08:00,2010-10-18 10:13:00,United Kingdom,11,1095.33
15935,239,1,108.03999999999999,2011-04-14 13:27:00,2011-04-14 13:27:00,United Kingdom,0,108.04
15936,379,2,282.79,2010-08-29 11:42:00,2010-11-25 16:39:00,United Kingdom,88,141.4
15937,64,1,145.35,2011-10-06 15:48:00,2011-10-06 15:48:00,United Kingdom,0,145.35
15938,112,9,734.81,2010-06-01 09:42:00,2011-08-19 12:56:00,United Kingdom,444,81.65
15939,90,15,9004.84,2010-11-30 12:07:00,2011-09-11 11:30:00,United Kingdom,284,600.32
15940,311,1,35.8,2011-02-01 16:18:00,2011-02-01 16:18:00,United Kingdom,0,35.8
15941,637,1,405.0,2010-03-12 14:45:00,2010-03-12 14:45:00,United Kingdom,0,405.0
15942,134,1,337.44,2011-07-29 09:01:00,2011-07-29 09:01:00,United Kingdom,0,337.44
15943,650,2,271.28999999999996,2010-01-31 11:04:00,2010-02-28 12:49:00,United Kingdom,28,135.64
15944,277,4,2164.24,2009-12-13 12:57:00,2011-03-08 10:33:00,United Kingdom,449,541.06
15945,365,4,646.27,2009-12-01 13:47:00,2010-12-09 13:14:00,United Kingdom,372,161.57
15946,503,3,2304.18,2010-03-16 10:49:00,2010-07-25 12:18:00,United Kingdom,131,768.06
15947,83,1,1708.24,2011-09-18 10:46:00,2011-09-18 10:46:00,United Kingdom,0,1708.24
15948,8,3,1509.0900000000001,2010-10-11 12:16:00,2011-12-01 15:32:00,United Kingdom,416,503.03
15949,17,2,364.72,2011-09-29 17:34:00,2011-11-23 09:09:00,United Kingdom,54,182.36
15950,32,10,7120.91,2010-01-26 11:39:00,2011-11-08 11:09:00,United Kingdom,650,712.09
15951,9,3,1013.17,2010-11-23 18:20:00,2011-12-01 08:34:00,United Kingdom,372,337.72
15952,34,4,781.91,2011-04-28 12:55:00,2011-11-06 11:18:00,United Kingdom,191,195.48
15953,15,18,3440.3399999999997,2009-12-03 14:00:00,2011-11-24 15:32:00,United Kingdom,721,191.13
15954,589,1,187.8,2010-04-29 13:35:00,2010-04-29 13:35:00,United Kingdom,0,187.8
15955,24,22,8085.9800000000005,2010-02-23 16:36:00,2011-11-15 14:15:00,United Kingdom,629,367.54
15956,551,2,617.6,2009-12-13 11:16:00,2010-06-06 13:06:00,United Kingdom,175,308.8
15957,32,3,921.25,2010-10-15 12:11:00,2011-11-08 12:14:00,United Kingdom,389,307.08
15958,74,4,462.12,2010-06-07 10:59:00,2011-09-26 13:41:00,United Kingdom,476,115.53
15959,682,3,542.89,2010-01-26 16:19:00,2010-01-26 16:38:00,United Kingdom,0,180.96
15960,374,4,410.95,2010-09-30 15:50:00,2010-11-30 15:57:00,United Kingdom,61,102.74
15961,379,1,451.28999999999996,2010-11-25 15:59:00,2010-11-25 15:59:00,United Kingdom,0,451.29
15962,449,1,289.48,2010-09-16 13:48:00,2010-09-16 13:48:00,United Kingdom,0,289.48
15963,20,2,470.76,2011-10-25 13:05:00,2011-11-20 11:33:00,United Kingdom,25,235.38
15964,663,1,269.21000000000004,2010-02-14 15:30:00,2010-02-14 15:30:00,United Kingdom,0,269.21
15965,17,13,2771.94,2009-12-03 11:45:00,2011-11-22 16:44:00,United Kingdom,719,213.23
15966,451,1,426.53000000000003,2010-09-15 10:44:00,2010-09-15 10:44:00,United Kingdom,0,426.53
15967,23,12,2966.0,2009-12-01 13:29:00,2011-11-16 15:41:00,United Kingdom,715,247.17
15968,388,1,401.8,2010-11-16 13:04:00,2010-11-16 13:04:00,United Kingdom,0,401.8
15969,3,5,1127.05,2010-07-05 13:10:00,2011-12-07 11:06:00,United Kingdom,519,225.41
15970,304,2,1017.32,2010-04-20 11:30:00,2011-02-09 12:08:00,United Kingdom,295,508.66
15971,18,18,5897.88,2009-12-08 09:46:00,2011-11-22 12:50:00,United Kingdom,714,327.66
15972,456,5,1769.33,2010-04-18 14:06:00,2010-09-09 13:20:00,United Kingdom,143,353.87
15973,367,2,665.62,2010-10-07 08:33:00,2010-12-08 11:42:00,United Kingdom,62,332.81
15974,39,7,3442.15,2011-02-24 10:10:00,2011-10-31 13:13:00,United Kingdom,249,491.74
15975,84,1,371.01,2011-09-16 13:33:00,2011-09-16 13:33:00,United Kingdom,0,371.01
15976,165,6,1680.31,2010-06-06 14:01:00,2011-06-27 13:00:00,United Kingdom,385,280.05
15977,17,2,1054.73,2011-10-31 16:24:00,2011-11-22 13:29:00,United Kingdom,21,527.36
15978,77,3,3279.42,2010-03-05 14:39:00,2011-09-23 15:21:00,United Kingdom,567,1093.14
15979,603,1,329.22,2010-04-16 11:35:00,2010-04-16 11:35:00,United Kingdom,0,329.22
15980,89,7,6543.68,2010-06-01 14:40:00,2011-09-12 09:41:00,United Kingdom,467,934.81
15981,25,21,9362.77,2010-03-29 10:07:00,2011-11-15 08:00:00,United Kingdom,595,445.85
15982,605,1,324.51,2010-04-13 15:47:00,2010-04-13 15:47:00,United Kingdom,0,324.51
15983,22,8,3110.37,2009-12-06 12:52:00,2011-11-17 17:34:00,United Kingdom,711,388.8
15984,3,30,8393.02,2009-12-01 13:38:00,2011-12-07 12:16:00,United Kingdom,735,279.77
15985,123,7,2715.28,2010-05-27 15:51:00,2011-08-08 16:31:00,United Kingdom,438,387.9
15986,30,2,354.42,2010-11-23 10:02:00,2011-11-09 15:17:00,United Kingdom,351,177.21
15987,12,8,1535.99,2010-11-25 12:56:00,2011-11-27 15:38:00,United Kingdom,367,192.0
15988,19,3,736.39,2010-02-21 11:36:00,2011-11-20 13:23:00,United Kingdom,637,245.46
15989,376,2,368.31,2009-12-02 15:51:00,2010-11-29 12:03:00,United Kingdom,361,184.16
15990,44,7,1997.75,2010-02-28 12:30:00,2011-10-26 15:58:00,United Kingdom,605,285.39
15991,534,1,150.55,2010-06-23 15:50:00,2010-06-23 15:50:00,United Kingdom,0,150.55
15992,4,3,896.6,2010-09-12 11:52:00,2011-12-06 11:00:00,United Kingdom,449,298.87
15993,9,7,2768.97,2011-10-26 16:21:00,2011-12-01 10:45:00,United Kingdom,35,395.57
15994,55,3,1175.68,2010-03-14 11:55:00,2011-10-16 12:28:00,United Kingdom,581,391.89
15995,414,1,694.54,2010-10-21 13:57:00,2010-10-21 13:57:00,United Kingdom,0,694.54
15996,88,7,1386.4,2010-11-07 15:49:00,2011-09-12 15:14:00,United Kingdom,308,198.06
15998,37,16,8274.14,2009-12-01 11:45:00,2011-11-03 12:45:00,United Kingdom,702,517.13
15999,736,1,20.4,2009-12-04 12:31:00,2009-12-04 12:31:00,United Kingdom,0,20.4
16000,3,3,12393.7,2011-12-07 12:14:00,2011-12-07 12:17:00,United Kingdom,0,4131.23
16001,381,1,583.39,2010-11-23 17:10:00,2010-11-23 17:10:00,United Kingdom,0,583.39
16002,625,1,169.21,2010-03-24 13:08:00,2010-03-24 13:08:00,United Kingdom,0,169.21
16003,30,10,5613.83,2009-12-03 18:51:00,2011-11-10 09:57:00,United Kingdom,706,561.38
16004,475,5,2146.39,2010-01-25 13:56:00,2010-08-22 11:48:00,United Kingdom,208,429.28
16005,12,10,2365.07,2010-09-15 13:21:00,2011-11-27 13:47:00,United Kingdom,438,236.51
16006,211,2,332.82,2010-11-17 12:03:00,2011-05-12 13:12:00,United Kingdom,176,166.41
16007,48,7,3053.06,2010-06-14 13:18:00,2011-10-23 11:05:00,United Kingdom,495,436.15
16008,24,15,5339.13,2010-03-19 11:07:00,2011-11-16 10:32:00,United Kingdom,606,355.94
16009,22,4,972.11,2011-07-03 11:26:00,2011-11-17 16:51:00,United Kingdom,137,243.03
16010,246,11,1694.86,2010-10-24 10:54:00,2011-04-08 10:14:00,United Kingdom,165,154.08
16011,8,29,5599.31,2009-12-01 12:02:00,2011-12-01 16:31:00,United Kingdom,730,193.08
16012,35,5,2978.59,2010-06-28 11:39:00,2011-11-04 13:25:00,United Kingdom,494,595.72
16013,4,84,56078.44,2009-12-08 10:24:00,2011-12-06 10:36:00,United Kingdom,728,667.6
16014,38,5,1100.28,2010-01-31 12:43:00,2011-11-02 12:04:00,United Kingdom,639,220.06
16015,4,3,704.26,2011-10-21 12:56:00,2011-12-06 10:58:00,United Kingdom,45,234.75
16016,3,11,2083.4,2010-11-02 13:27:00,2011-12-06 14:35:00,United Kingdom,399,189.4
16017,47,5,1545.58,2010-01-05 12:06:00,2011-10-23 12:56:00,United Kingdom,656,309.12
16018,39,4,698.13,2009-12-07 13:57:00,2011-10-31 14:13:00,United Kingdom,693,174.53
16019,47,27,17329.16,2009-12-14 14:12:00,2011-10-24 11:51:00,United Kingdom,678,641.82
16020,17,3,851.01,2011-10-05 13:54:00,2011-11-23 11:18:00,United Kingdom,48,283.67
16021,395,2,487.03,2010-06-13 11:05:00,2010-11-09 14:48:00,United Kingdom,149,243.52
16022,260,1,602.63,2011-03-24 13:16:00,2011-03-24 13:16:00,United Kingdom,0,602.63
16023,46,3,719.81,2011-03-18 13:32:00,2011-10-24 16:34:00,United Kingdom,220,239.94
16024,12,3,478.71,2010-10-24 11:40:00,2011-11-27 13:26:00,United Kingdom,399,159.57
16025,30,1,439.65999999999997,2011-11-10 11:45:00,2011-11-10 11:45:00,United Kingdom,0,439.66
16026,43,1,236.09,2011-10-27 13:53:00,2011-10-27 13:53:00,United Kingdom,0,236.09
16027,92,15,2048.36,2010-01-08 13:21:00,2011-09-09 10:47:00,United Kingdom,608,136.56
16028,596,1,82.2,2010-04-23 11:45:00,2010-04-23 11:45:00,United Kingdom,0,82.2
16029,39,106,109620.87,2009-12-08 11:23:00,2011-11-01 10:27:00,United Kingdom,692,1034.16
16030,310,1,331.24,2011-02-03 11:28:00,2011-02-03 11:28:00,United Kingdom,0,331.24
16031,92,2,547.9,2011-04-06 14:23:00,2011-09-08 13:07:00,United Kingdom,154,273.95
16032,456,6,1965.72,2010-07-04 13:31:00,2010-09-09 18:00:00,United Kingdom,67,327.62
16033,6,27,10608.81,2010-08-11 16:44:00,2011-12-04 12:44:00,United Kingdom,479,392.92
16034,196,6,911.3199999999999,2010-10-26 13:00:00,2011-05-27 16:17:00,United Kingdom,213,151.89
16035,560,1,217.73,2010-05-28 15:09:00,2010-05-28 15:09:00,United Kingdom,0,217.73
16036,87,4,2556.84,2010-03-29 14:47:00,2011-09-13 14:53:00,United Kingdom,533,639.21
16037,270,5,1509.34,2010-03-01 12:31:00,2011-03-15 09:13:00,United Kingdom,378,301.87
16038,8,3,471.78000000000003,2011-05-22 11:29:00,2011-12-02 12:40:00,United Kingdom,194,157.26
16039,424,2,456.4,2010-03-21 15:17:00,2010-10-12 10:44:00,United Kingdom,204,228.2
16040,65,7,2416.9,2010-04-09 10:12:00,2011-10-05 13:47:00,United Kingdom,544,345.27
16041,31,3,3166.4,2011-07-21 16:27:00,2011-11-09 12:25:00,United Kingdom,110,1055.47
16042,22,8,2245.32,2010-09-12 12:00:00,2011-11-17 17:50:00,United Kingdom,431,280.67
16043,38,8,1856.5900000000001,2010-08-15 11:26:00,2011-11-02 12:50:00,United Kingdom,444,232.07
16044,435,1,340.84000000000003,2010-09-30 18:12:00,2010-09-30 18:12:00,United Kingdom,0,340.84
16045,120,8,3434.9300000000003,2010-07-29 12:50:00,2011-08-12 12:41:00,United Kingdom,378,429.37
16046,562,1,235.78,2010-05-26 13:18:00,2010-05-26 13:18:00,United Kingdom,0,235.78
16048,373,4,818.7900000000001,2010-06-08 12:36:00,2010-12-01 15:28:00,United Kingdom,176,204.7
16049,40,6,1852.15,2010-07-11 13:53:00,2011-10-30 13:19:00,United Kingdom,475,308.69
16050,174,3,300.7,2010-11-03 15:55:00,2011-06-19 11:44:00,United Kingdom,227,100.23
16051,682,1,188.44,2010-01-27 09:38:00,2010-01-27 09:38:00,United Kingdom,0,188.44
16052,54,1,362.06,2011-10-16 15:13:00,2011-10-16 15:13:00,United Kingdom,0,362.06
16053,33,6,3634.84,2010-04-08 11:11:00,2011-11-07 11:21:00,United Kingdom,578,605.81
16054,145,4,2111.88,2010-04-01 18:37:00,2011-07-17 13:08:00,United Kingdom,471,527.97
16055,221,1,134.8,2011-05-03 09:26:00,2011-05-03 09:26:00,United Kingdom,0,134.8
16056,45,1,650.75,2011-10-25 15:19:00,2011-10-25 15:19:00,United Kingdom,0,650.75
16057,16,10,3854.85,2010-01-07 17:11:00,2011-11-23 15:23:00,United Kingdom,684,385.48
16058,406,1,62.7,2010-10-29 16:48:00,2010-10-29 16:48:00,United Kingdom,0,62.7
16059,66,12,3053.57,2010-05-19 13:04:00,2011-10-05 09:56:00,United Kingdom,503,254.46
16060,401,3,541.95,2010-08-02 15:26:00,2010-11-04 12:10:00,United Kingdom,93,180.65
16061,431,1,89.65,2010-10-04 15:29:00,2010-10-04 15:29:00,United Kingdom,0,89.65
16062,10,8,2863.45,2010-06-21 13:32:00,2011-11-30 12:15:00,United Kingdom,526,357.93
16063,260,1,335.32,2011-03-24 14:55:00,2011-03-24 14:56:00,United Kingdom,0,335.32
16064,725,1,109.31,2009-12-14 16:11:00,2009-12-14 16:11:00,United Kingdom,0,109.31
16065,365,8,1992.13,2010-09-02 13:27:00,2010-12-09 13:03:00,United Kingdom,97,249.02
16066,17,5,1521.04,2011-08-07 14:33:00,2011-11-23 11:54:00,United Kingdom,107,304.21
16067,563,3,3269.11,2010-02-02 18:01:00,2010-05-26 12:33:00,United Kingdom,112,1089.7
16068,594,1,115.73,2010-04-25 11:52:00,2010-04-25 11:52:00,United Kingdom,0,115.73
16069,418,1,457.7,2010-10-18 10:32:00,2010-10-18 10:32:00,United Kingdom,0,457.7
16070,22,2,852.15,2011-11-07 16:36:00,2011-11-17 15:50:00,United Kingdom,9,426.08
16071,45,4,1076.8,2010-02-22 14:48:00,2011-10-26 11:14:00,United Kingdom,610,269.2
16072,288,4,4180.09,2010-06-08 16:47:00,2011-02-24 14:32:00,United Kingdom,260,1045.02
16073,297,1,122.39999999999999,2011-02-15 15:41:00,2011-02-15 15:41:00,United Kingdom,0,122.4
16074,390,1,252.5,2010-11-14 13:19:00,2010-11-14 13:19:00,United Kingdom,0,252.5
16075,503,2,736.9300000000001,2010-05-24 15:57:00,2010-07-25 11:31:00,United Kingdom,61,368.46
16076,3,10,2234.73,2011-05-15 12:31:00,2011-12-06 14:59:00,United Kingdom,205,223.47
16077,626,1,2300.4,2010-03-24 10:42:00,2010-03-24 10:42:00,United Kingdom,0,2300.4
16078,284,2,362.99,2010-02-08 13:29:00,2011-03-01 09:47:00,United Kingdom,385,181.5
16079,17,3,1352.0,2011-10-30 13:06:00,2011-11-23 12:48:00,United Kingdom,23,450.67
16080,82,4,602.5600000000001,2010-09-15 14:19:00,2011-09-19 10:42:00,United Kingdom,368,150.64
16081,56,8,4278.96,2010-02-03 12:46:00,2011-10-14 13:06:00,United Kingdom,618,534.87
16082,670,1,106.75,2010-02-07 15:16:00,2010-02-07 15:16:00,United Kingdom,0,106.75
16083,101,4,2351.42,2010-11-16 11:53:00,2011-08-31 10:47:00,United Kingdom,287,587.86
16084,299,1,436.18,2011-02-13 16:05:00,2011-02-13 16:05:00,United Kingdom,0,436.18
16085,23,12,2324.71,2010-01-20 14:03:00,2011-11-16 13:24:00,United Kingdom,664,193.73
16086,59,10,2687.73,2009-12-02 13:20:00,2011-10-11 13:09:00,United Kingdom,677,268.77
16087,389,5,1739.92,2010-01-19 12:30:00,2010-11-15 16:44:00,United Kingdom,300,347.98
16088,576,2,1437.43,2010-04-27 10:56:00,2010-05-13 10:16:00,United Kingdom,15,718.72
16089,386,2,263.49,2010-07-18 15:51:00,2010-11-18 13:51:00,United Kingdom,122,131.74
16090,624,1,180.56,2010-03-25 13:05:00,2010-03-25 13:05:00,United Kingdom,0,180.56
16091,155,2,315.06,2011-05-25 09:18:00,2011-07-08 08:45:00,United Kingdom,43,157.53
16092,115,6,1587.94,2010-05-09 16:10:00,2011-08-17 10:46:00,United Kingdom,464,264.66
16093,107,1,17.0,2011-08-25 11:09:00,2011-08-25 11:09:00,United Kingdom,0,17.0
16094,12,11,3695.56,2010-04-16 14:00:00,2011-11-28 12:45:00,United Kingdom,590,335.96
16095,456,1,447.05,2010-09-09 16:54:00,2010-09-09 16:54:00,United Kingdom,0,447.05
16096,264,4,1584.97,2010-03-04 15:44:00,2011-03-20 13:38:00,United Kingdom,380,396.24
16097,240,1,185.04999999999998,2011-04-13 13:47:00,2011-04-13 13:47:00,United Kingdom,0,185.05
16098,88,14,4010.7,2009-12-15 09:40:00,2011-09-13 09:59:00,United Kingdom,637,286.48
16099,50,7,1573.2,2010-03-03 11:13:00,2011-10-20 13:13:00,United Kingdom,596,224.74
16100,463,1,582.64,2010-09-03 11:39:00,2010-09-03 11:39:00,United Kingdom,0,582.64
16101,71,4,3229.16,2010-05-27 12:50:00,2011-09-30 10:18:00,United Kingdom,490,807.29
16102,42,3,1842.14,2011-08-03 12:50:00,2011-10-28 13:19:00,United Kingdom,86,614.05
16103,7,22,6191.71,2010-01-08 12:08:00,2011-12-02 14:16:00,United Kingdom,693,281.44
16104,62,9,2774.46,2009-12-06 10:41:00,2011-10-09 10:23:00,United Kingdom,671,308.27
16105,249,5,2386.19,2010-04-14 13:27:00,2011-04-05 10:13:00,United Kingdom,355,477.24
16106,66,1,108.38,2011-10-05 10:37:00,2011-10-05 10:37:00,United Kingdom,0,108.38
16107,18,7,3204.1600000000003,2011-06-09 18:42:00,2011-11-22 09:40:00,United Kingdom,165,457.74
16108,85,4,2235.92,2010-03-18 14:14:00,2011-09-16 11:48:00,United Kingdom,546,558.98
16109,219,3,939.48,2010-01-10 10:37:00,2011-05-05 09:17:00,United Kingdom,479,313.16
16110,45,4,1781.59,2010-07-05 13:04:00,2011-10-25 14:35:00,United Kingdom,477,445.4
16111,428,1,549.33,2010-10-07 19:51:00,2010-10-07 19:51:00,United Kingdom,0,549.33
16112,143,4,195.73999999999998,2011-01-05 11:47:00,2011-07-19 14:28:00,United Kingdom,195,48.93
16113,183,1,161.38,2011-06-09 16:16:00,2011-06-09 16:16:00,United Kingdom,0,161.38
16114,171,1,135.75000000000003,2011-06-22 10:13:00,2011-06-22 10:13:00,United Kingdom,0,135.75
16115,10,12,2553.8,2010-05-14 11:59:00,2011-11-30 11:32:00,United Kingdom,564,212.82
16116,212,1,612.78,2011-05-12 12:01:00,2011-05-12 12:01:00,United Kingdom,0,612.78
16117,190,3,654.4,2010-04-27 11:50:00,2011-06-03 11:42:00,United Kingdom,401,218.13
16118,653,1,4376.25,2010-02-25 09:40:00,2010-02-25 09:40:00,United Kingdom,0,4376.25
16119,8,8,1720.81,2009-12-16 11:56:00,2011-12-01 15:11:00,United Kingdom,715,215.1
16120,59,6,2967.51,2010-10-13 15:07:00,2011-10-11 14:22:00,United Kingdom,362,494.58
16121,57,5,1450.04,2010-05-23 10:52:00,2011-10-13 12:59:00,United Kingdom,508,290.01
16122,73,6,895.62,2010-10-10 15:26:00,2011-09-27 15:34:00,United Kingdom,352,149.27
16123,52,1,307.78,2011-10-19 09:18:00,2011-10-19 09:18:00,United Kingdom,0,307.78
16124,317,4,1772.49,2009-12-07 10:33:00,2011-01-26 14:45:00,United Kingdom,415,443.12
16125,367,14,4292.35,2009-12-14 15:38:00,2010-12-07 15:48:00,United Kingdom,358,306.6
16126,29,15,14644.6,2009-12-02 13:34:00,2011-11-10 16:03:00,United Kingdom,708,976.31
16127,39,2,801.31,2009-12-13 12:19:00,2011-10-31 13:58:00,United Kingdom,687,400.66
16128,18,11,3801.05,2010-07-16 16:30:00,2011-11-22 11:14:00,United Kingdom,493,345.55
16129,407,3,1396.05,2010-07-20 12:32:00,2010-10-28 14:29:00,United Kingdom,100,465.35
16130,422,4,987.48,2010-04-01 13:58:00,2010-10-13 15:14:00,United Kingdom,195,246.87
16131,52,12,9957.42,2009-12-02 10:09:00,2011-10-19 11:53:00,United Kingdom,686,829.78
16132,544,2,664.1999999999999,2010-03-22 10:25:00,2010-06-13 13:49:00,United Kingdom,83,332.1
16133,4,56,22992.260000000002,2010-03-31 12:21:00,2011-12-06 11:24:00,United Kingdom,614,410.58
16134,22,5,2145.34,2010-06-17 09:48:00,2011-11-18 10:05:00,United Kingdom,519,429.07
16135,263,2,819.45,2010-05-05 09:35:00,2011-03-22 12:30:00,United Kingdom,321,409.72
16136,60,4,946.8,2010-02-14 12:49:00,2011-10-11 09:10:00,United Kingdom,603,236.7
16137,680,1,422.7,2010-01-28 15:04:00,2010-01-28 15:04:00,United Kingdom,0,422.7
16138,379,3,910.35,2010-04-28 09:51:00,2010-11-26 12:13:00,United Kingdom,212,303.45
16139,19,5,1111.15,2009-12-03 13:51:00,2011-11-21 08:37:00,United Kingdom,717,222.23
16140,66,3,1433.46,2010-09-24 12:03:00,2011-10-05 12:15:00,United Kingdom,376,477.82
16141,88,2,955.94,2010-10-18 14:12:00,2011-09-12 13:11:00,United Kingdom,328,477.97
16142,250,1,535.34,2011-04-04 10:16:00,2011-04-04 10:16:00,United Kingdom,0,535.34
16143,3,12,4555.08,2009-12-10 09:44:00,2011-12-06 14:13:00,United Kingdom,726,379.59
16144,247,1,175.2,2011-04-07 10:09:00,2011-04-07 10:09:00,United Kingdom,0,175.2
16145,9,19,6805.4400000000005,2010-05-04 13:31:00,2011-12-01 10:33:00,United Kingdom,575,358.18
16146,157,4,946.38,2010-09-17 10:46:00,2011-07-05 14:20:00,United Kingdom,291,236.6
16147,134,5,2398.91,2010-02-05 12:26:00,2011-07-29 09:57:00,United Kingdom,538,479.78
16148,296,2,386.62,2010-09-29 10:12:00,2011-02-16 14:01:00,United Kingdom,140,193.31
16149,5,3,422.22,2010-10-06 15:54:00,2011-12-05 11:29:00,United Kingdom,424,140.74
16150,43,10,4002.17,2009-12-17 15:33:00,2011-10-28 12:39:00,United Kingdom,679,400.22
16152,269,1,1829.04,2011-03-16 09:47:00,2011-03-16 09:47:00,United Kingdom,0,1829.04
16153,50,11,5133.49,2010-05-26 12:41:00,2011-10-21 10:50:00,United Kingdom,512,466.68
16155,382,5,796.9,2010-06-18 11:23:00,2010-11-23 12:03:00,United Kingdom,158,159.38
16156,9,20,6188.18,2009-12-02 17:06:00,2011-12-01 12:42:00,United Kingdom,728,309.41
16157,16,3,656.69,2011-09-28 11:48:00,2011-11-24 11:41:00,United Kingdom,56,218.9
16158,522,9,628.32,2009-12-05 15:00:00,2010-07-05 13:55:00,United Kingdom,211,69.81
16159,282,4,1232.79,2009-12-03 11:51:00,2011-03-03 12:27:00,United Kingdom,455,308.2
16160,65,2,1025.44,2011-09-15 10:53:00,2011-10-05 14:19:00,United Kingdom,20,512.72
16161,2,43,12580.06,2010-02-08 11:06:00,2011-12-08 12:10:00,United Kingdom,668,292.56
16162,252,1,37.4,2011-04-01 15:03:00,2011-04-01 15:03:00,United Kingdom,0,37.4
16163,232,6,2407.98,2009-12-02 10:00:00,2011-04-21 15:15:00,United Kingdom,505,401.33
16164,17,3,822.48,2011-10-28 09:12:00,2011-11-22 15:04:00,United Kingdom,25,274.16
16165,505,1,79.9,2010-07-22 14:17:00,2010-07-22 14:17:00,United Kingdom,0,79.9
16166,428,2,435.83,2010-01-17 14:16:00,2010-10-07 15:44:00,United Kingdom,263,217.92
16167,414,5,1386.1200000000001,2009-12-01 10:46:00,2010-10-21 15:33:00,United Kingdom,324,277.22
16168,11,66,10360.67,2009-12-03 12:38:00,2011-11-29 12:45:00,United Kingdom,726,156.98
16169,8,4,1822.97,2011-09-25 11:33:00,2011-12-01 15:28:00,United Kingdom,67,455.74
16170,51,20,6869.0,2010-02-18 13:50:00,2011-10-20 08:21:00,United Kingdom,608,343.45
16171,59,1,73.2,2011-10-11 14:51:00,2011-10-11 14:51:00,United Kingdom,0,73.2
16172,95,8,1884.55,2010-07-14 15:34:00,2011-09-05 13:22:00,United Kingdom,417,235.57
16173,16,6,1418.32,2011-09-02 15:23:00,2011-11-24 10:53:00,United Kingdom,82,236.39
16174,126,7,2246.75,2010-04-15 15:12:00,2011-08-05 13:26:00,United Kingdom,476,320.96
16175,94,7,1836.44,2010-05-25 12:01:00,2011-09-06 14:32:00,United Kingdom,469,262.35
16176,421,4,2052.69,2010-03-29 14:52:00,2010-10-14 13:54:00,United Kingdom,198,513.17
16177,50,8,2247.31,2010-03-02 14:03:00,2011-10-20 12:57:00,United Kingdom,596,280.91
16178,138,2,612.6,2010-11-03 14:46:00,2011-07-24 16:05:00,United Kingdom,263,306.3
16179,61,1,215.83,2011-10-10 09:41:00,2011-10-10 09:41:00,United Kingdom,0,215.83
16180,100,13,16249.87,2010-06-23 13:19:00,2011-08-31 16:28:00,United Kingdom,434,1249.99
16181,73,1,305.54,2011-09-27 13:38:00,2011-09-27 13:38:00,United Kingdom,0,305.54
16182,72,9,9971.65,2010-03-09 09:34:00,2011-09-28 13:23:00,United Kingdom,568,1107.96
16183,67,4,1077.81,2010-10-28 14:43:00,2011-10-03 14:59:00,United Kingdom,340,269.45
16184,64,6,1158.79,2011-05-12 13:33:00,2011-10-06 17:43:00,United Kingdom,147,193.13
16185,17,3,644.72,2010-05-24 11:04:00,2011-11-23 09:41:00,United Kingdom,547,214.91
16186,23,26,8718.43,2009-12-09 15:36:00,2011-11-17 12:43:00,United Kingdom,707,335.32
16187,32,15,6911.4400000000005,2011-02-28 13:34:00,2011-11-08 09:50:00,United Kingdom,252,460.76
16188,45,5,1087.66,2010-10-27 11:50:00,2011-10-26 12:19:00,United Kingdom,364,217.53
16189,16,2,215.48,2011-09-15 15:21:00,2011-11-24 11:47:00,United Kingdom,69,107.74
16190,40,8,2723.55,2009-12-14 11:59:00,2011-10-30 15:59:00,United Kingdom,685,340.44
16191,3,24,15677.82,2009-12-11 12:24:00,2011-12-07 11:26:00,United Kingdom,725,653.24
16192,736,1,351.3,2009-12-04 12:28:00,2009-12-04 12:28:00,United Kingdom,0,351.3
16193,237,2,630.43,2010-10-25 10:25:00,2011-04-17 11:45:00,United Kingdom,174,315.21
16194,375,1,308.59999999999997,2010-11-29 13:28:00,2010-11-29 13:28:00,United Kingdom,0,308.6
16195,723,1,323.25,2009-12-16 14:09:00,2009-12-16 14:09:00,United Kingdom,0,323.25
16196,489,1,93.3,2010-08-08 11:40:00,2010-08-08 11:40:00,United Kingdom,0,93.3
16197,469,9,2016.71,2009-12-16 11:44:00,2010-08-27 12:56:00,United Kingdom,254,224.08
16198,75,2,1030.04,2010-09-28 13:59:00,2011-09-25 14:58:00,United Kingdom,362,515.02
16199,392,7,942.75,2010-03-18 18:47:00,2010-11-12 12:55:00,United Kingdom,238,134.68
16200,4,12,5608.1,2009-12-02 15:04:00,2011-12-05 14:40:00,United Kingdom,732,467.34
16201,3,5,2112.12,2010-10-20 12:00:00,2011-12-06 16:02:00,United Kingdom,412,422.42
16202,361,9,2501.9900000000002,2009-12-02 10:48:00,2010-12-14 10:43:00,United Kingdom,376,278.0
16203,59,6,943.84,2010-07-23 13:09:00,2011-10-12 12:31:00,United Kingdom,445,157.31
16204,23,3,918.71,2009-12-08 17:44:00,2011-11-16 13:40:00,United Kingdom,707,306.24
16205,31,7,1813.51,2010-06-15 11:58:00,2011-11-09 09:32:00,United Kingdom,511,259.07
16206,55,13,2577.12,2010-01-24 15:25:00,2011-10-16 10:41:00,United Kingdom,629,198.24
16207,25,1,394.38,2011-11-14 13:51:00,2011-11-14 13:51:00,United Kingdom,0,394.38
16208,45,10,3440.45,2010-02-24 14:24:00,2011-10-26 11:36:00,United Kingdom,608,344.04
16209,89,9,4146.78,2010-06-11 11:58:00,2011-09-12 11:58:00,United Kingdom,458,460.75
16210,2,33,33730.97,2009-12-02 12:54:00,2011-12-08 12:36:00,United Kingdom,735,1022.15
16211,89,3,1090.59,2010-09-27 15:24:00,2011-09-12 12:11:00,United Kingdom,349,363.53
16212,19,4,1293.71,2010-02-07 15:26:00,2011-11-20 13:00:00,United Kingdom,650,323.43
16213,79,1,159.0,2011-09-22 10:03:00,2011-09-22 10:03:00,United Kingdom,0,159.0
16214,171,4,2038.25,2010-09-30 13:57:00,2011-06-22 11:30:00,United Kingdom,264,509.56
16215,81,1,242.35,2011-09-20 10:18:00,2011-09-20 10:18:00,United Kingdom,0,242.35
16216,267,1,914.9300000000001,2011-03-17 15:34:00,2011-03-17 15:34:00,United Kingdom,0,914.93
16217,235,2,304.25,2011-03-02 15:28:00,2011-04-18 13:31:00,United Kingdom,46,152.12
16218,30,13,3968.67,2010-05-27 16:09:00,2011-11-10 09:59:00,United Kingdom,531,305.28
16219,501,1,40.8,2010-07-27 11:44:00,2010-07-27 11:44:00,United Kingdom,0,40.8
16221,37,9,2018.47,2010-08-10 13:32:00,2011-11-03 11:43:00,United Kingdom,449,224.27
16222,318,2,1272.05,2009-12-18 14:31:00,2011-01-25 13:38:00,United Kingdom,402,636.02
16223,375,2,1087.05,2010-11-09 12:07:00,2010-11-30 11:50:00,United Kingdom,20,543.52
16224,57,5,1616.54,2010-11-17 13:14:00,2011-10-13 17:51:00,United Kingdom,330,323.31
16225,45,15,2859.31,2010-02-07 12:41:00,2011-10-26 08:30:00,United Kingdom,625,190.62
16226,203,5,672.1700000000001,2010-10-22 11:19:00,2011-05-20 14:41:00,United Kingdom,210,134.43
16227,225,3,1027.22,2010-06-22 13:28:00,2011-04-28 13:33:00,United Kingdom,310,342.41
16228,385,3,885.71,2010-11-04 18:54:00,2010-11-19 14:20:00,United Kingdom,14,295.24
16229,87,6,2867.86,2010-05-24 12:59:00,2011-09-13 17:16:00,United Kingdom,477,477.98
16230,190,2,542.03,2011-05-03 15:12:00,2011-06-03 10:06:00,United Kingdom,30,271.02
16231,379,4,1074.47,2010-04-21 12:06:00,2010-11-25 15:00:00,United Kingdom,218,268.62
16232,44,7,2712.97,2010-06-07 14:04:00,2011-10-27 12:16:00,United Kingdom,506,387.57
16233,71,9,1818.31,2009-12-02 13:23:00,2011-09-29 17:27:00,United Kingdom,666,202.03
16234,476,3,333.18,2010-05-27 10:39:00,2010-08-20 14:33:00,United Kingdom,85,111.06
16235,41,8,2043.71,2010-08-26 12:10:00,2011-10-30 10:56:00,United Kingdom,429,255.46
16236,78,1,432.2,2011-09-22 14:10:00,2011-09-22 14:10:00,United Kingdom,0,432.2
16237,437,1,136.65,2010-09-28 17:02:00,2010-09-28 17:02:00,United Kingdom,0,136.65
16238,423,1,63.66,2010-10-13 12:36:00,2010-10-13 12:36:00,United Kingdom,0,63.66
16239,57,6,1492.2,2010-09-02 19:17:00,2011-10-14 08:29:00,United Kingdom,406,248.7
16240,24,2,3718.8,2011-09-23 13:44:00,2011-11-15 14:30:00,United Kingdom,53,1859.4
16241,10,16,3989.81,2010-10-25 13:40:00,2011-11-30 11:08:00,United Kingdom,400,249.36
16242,8,14,7404.65,2010-03-15 16:02:00,2011-12-01 15:12:00,United Kingdom,625,528.9
16243,34,2,409.1,2011-10-16 12:09:00,2011-11-06 12:32:00,United Kingdom,21,204.55
16244,212,2,1522.75,2010-12-02 11:41:00,2011-05-12 10:18:00,United Kingdom,160,761.38
16245,24,3,1413.66,2011-03-28 09:30:00,2011-11-16 10:14:00,United Kingdom,233,471.22
16246,460,2,821.35,2010-02-08 12:32:00,2010-09-06 12:04:00,United Kingdom,209,410.68
16247,170,1,114.56,2011-06-22 14:23:00,2011-06-22 14:23:00,United Kingdom,0,114.56
16248,62,1,152.94,2011-10-09 11:32:00,2011-10-09 11:32:00,United Kingdom,0,152.94
16249,53,5,1800.07,2011-04-14 13:50:00,2011-10-18 10:07:00,United Kingdom,186,360.01
16250,261,3,565.24,2010-11-18 10:43:00,2011-03-23 15:07:00,United Kingdom,125,188.41
16251,512,1,128.31,2010-07-15 14:55:00,2010-07-15 14:55:00,United Kingdom,0,128.31
16252,383,1,295.09000000000003,2010-11-22 11:57:00,2010-11-22 11:57:00,United Kingdom,0,295.09
16253,67,7,7222.2,2009-12-08 17:24:00,2011-10-04 09:09:00,United Kingdom,664,1031.74
16254,378,3,967.44,2010-03-17 15:43:00,2010-11-26 13:22:00,United Kingdom,253,322.48
16255,17,15,4530.0,2010-01-24 12:21:00,2011-11-23 12:40:00,United Kingdom,668,302.0
16256,267,3,1579.37,2010-04-21 10:34:00,2011-03-18 12:18:00,United Kingdom,331,526.46
16257,177,1,21.95,2011-06-16 10:11:00,2011-06-16 10:11:00,United Kingdom,0,21.95
16258,45,15,11942.52,2010-03-10 14:19:00,2011-10-25 13:30:00,United Kingdom,593,796.17
16259,410,3,340.94,2010-04-13 16:57:00,2010-10-25 14:27:00,United Kingdom,194,113.65
16260,51,1,1035.45,2011-10-20 09:40:00,2011-10-20 09:40:00,United Kingdom,0,1035.45
16261,17,6,1041.16,2010-09-23 16:40:00,2011-11-22 17:23:00,United Kingdom,425,173.53
16262,378,1,755.15,2010-11-26 13:22:00,2010-11-26 13:22:00,United Kingdom,0,755.15
16263,423,1,348.16,2010-10-12 14:52:00,2010-10-12 14:52:00,United Kingdom,0,348.16
16264,438,2,823.53,2010-09-19 16:14:00,2010-09-27 15:00:00,United Kingdom,7,411.76
16265,9,12,6685.17,2010-10-28 15:18:00,2011-11-30 16:41:00,United Kingdom,398,557.1
16266,74,14,1757.95,2010-02-04 16:21:00,2011-09-27 12:08:00,United Kingdom,599,125.57
16267,591,1,186.66,2010-04-27 14:10:00,2010-04-27 14:10:00,United Kingdom,0,186.66
16268,71,2,617.65,2011-09-29 18:30:00,2011-09-29 18:30:00,United Kingdom,0,308.82
16269,438,1,717.57,2010-09-28 11:50:00,2010-09-28 11:50:00,United Kingdom,0,717.57
16270,353,1,1141.24,2010-12-21 14:26:00,2010-12-21 14:26:00,United Kingdom,0,1141.24
16271,16,8,3367.82,2010-03-07 12:03:00,2011-11-24 12:12:00,United Kingdom,627,420.98
16272,117,1,411.7,2011-08-15 10:53:00,2011-08-15 10:54:00,United Kingdom,0,411.7
16273,648,2,318.34000000000003,2010-02-21 16:02:00,2010-03-01 13:24:00,United Kingdom,7,159.17
16274,373,1,331.55,2010-12-01 15:35:00,2010-12-01 15:35:00,United Kingdom,0,331.55
16275,197,3,2151.11,2010-03-08 14:41:00,2011-05-27 12:41:00,United Kingdom,444,717.04
16276,177,3,2629.3900000000003,2010-04-11 12:02:00,2011-06-16 09:34:00,United Kingdom,430,876.46
16277,734,1,188.69,2009-12-06 11:27:00,2009-12-06 11:27:00,United Kingdom,0,188.69
16278,100,3,1117.84,2010-07-28 15:40:00,2011-08-31 17:12:00,United Kingdom,399,372.61
16279,21,9,5698.28,2010-04-22 14:09:00,2011-11-18 15:00:00,United Kingdom,575,633.14
16280,725,1,238.05,2009-12-14 15:49:00,2009-12-14 15:49:00,United Kingdom,0,238.05
16281,72,3,3424.02,2010-01-26 13:41:00,2011-09-28 14:57:00,United Kingdom,610,1141.34
16282,340,3,1307.58,2009-12-21 11:52:00,2011-01-04 11:42:00,United Kingdom,378,435.86
16283,6,8,4348.62,2010-02-28 14:12:00,2011-12-04 12:08:00,United Kingdom,643,543.58
16284,31,3,1018.48,2010-11-11 13:27:00,2011-11-08 16:12:00,United Kingdom,362,339.49
16285,646,1,176.9,2010-03-03 16:03:00,2010-03-03 16:03:00,United Kingdom,0,176.9
16286,477,2,328.95,2010-03-26 09:58:00,2010-08-19 14:48:00,United Kingdom,146,164.48
16287,170,5,1006.98,2010-01-19 09:46:00,2011-06-23 09:08:00,United Kingdom,519,201.4
16288,470,1,129.85,2010-08-26 14:45:00,2010-08-26 14:45:00,United Kingdom,0,129.85
16289,462,1,136.31,2010-09-03 14:02:00,2010-09-03 14:02:00,United Kingdom,0,136.31
16290,465,4,1957.7,2010-05-23 11:46:00,2010-09-01 11:52:00,United Kingdom,101,489.42
16292,122,5,1253.76,2010-04-14 13:29:00,2011-08-10 12:24:00,United Kingdom,482,250.75
16293,22,15,4279.2,2009-12-11 09:58:00,2011-11-18 09:58:00,United Kingdom,707,285.28
16294,477,1,126.05000000000001,2010-08-20 12:01:00,2010-08-20 12:01:00,United Kingdom,0,126.05
16295,10,4,1328.55,2011-10-06 10:45:00,2011-11-30 08:17:00,United Kingdom,54,332.14
16296,626,4,1313.67,2009-12-18 12:03:00,2010-03-23 13:11:00,United Kingdom,95,328.42
16297,269,1,301.9,2011-03-16 08:29:00,2011-03-16 08:29:00,United Kingdom,0,301.9
16298,23,7,1085.7,2010-09-23 15:23:00,2011-11-17 11:59:00,United Kingdom,419,155.1
16299,477,1,193.65,2010-08-19 17:46:00,2010-08-19 17:46:00,United Kingdom,0,193.65
16300,430,3,1367.32,2010-02-02 11:40:00,2010-10-05 13:14:00,United Kingdom,245,455.77
16301,737,1,107.33,2009-12-03 10:20:00,2009-12-03 10:20:00,United Kingdom,0,107.33
16302,127,1,233.22,2011-08-05 09:44:00,2011-08-05 09:44:00,United Kingdom,0,233.22
16303,26,7,7928.27,2010-03-18 14:12:00,2011-11-14 10:49:00,United Kingdom,605,1132.61
16304,695,1,381.66,2010-01-14 08:30:00,2010-01-14 08:30:00,United Kingdom,0,381.66
16305,139,1,361.21999999999997,2011-07-24 12:18:00,2011-07-24 12:18:00,United Kingdom,0,361.22
16306,214,7,1124.72,2010-10-01 09:36:00,2011-05-10 12:12:00,United Kingdom,221,160.67
16307,429,3,1194.92,2010-05-11 14:40:00,2010-10-06 14:31:00,United Kingdom,147,398.31
16308,38,7,5120.0,2009-12-15 15:48:00,2011-11-02 11:24:00,United Kingdom,686,731.43
16309,106,2,706.57,2011-04-13 11:46:00,2011-08-25 15:35:00,United Kingdom,134,353.28
16310,414,2,460.08,2010-03-07 15:41:00,2010-10-21 14:47:00,United Kingdom,227,230.04
16311,18,2,616.26,2011-10-21 13:13:00,2011-11-22 08:54:00,United Kingdom,31,308.13
16312,432,1,171.15,2010-10-03 14:15:00,2010-10-03 14:15:00,United Kingdom,0,171.15
16313,3,2,274.15000000000003,2011-10-21 09:04:00,2011-12-06 13:02:00,United Kingdom,46,137.08
16314,390,3,1491.4,2010-08-24 11:52:00,2010-11-15 12:06:00,United Kingdom,83,497.13
16315,331,2,402.71,2010-06-21 13:53:00,2011-01-13 11:57:00,United Kingdom,205,201.36
16316,64,13,5744.91,2010-08-03 14:38:00,2011-10-06 13:48:00,United Kingdom,428,441.92
16317,120,5,2192.51,2010-05-04 10:17:00,2011-08-12 12:46:00,United Kingdom,465,438.5
16318,35,1,328.15,2011-11-04 13:05:00,2011-11-04 13:05:00,United Kingdom,0,328.15
16319,218,1,404.40000000000003,2011-05-06 11:27:00,2011-05-06 11:27:00,United Kingdom,0,404.4
16320,172,6,5628.99,2010-01-27 13:29:00,2011-06-20 15:25:00,Unspecified,509,938.16
16321,72,7,604.5500000000001,2009-12-01 10:36:00,2011-09-28 14:55:00,Australia,666,86.36
16322,1,2,326.75,2011-11-03 14:33:00,2011-12-08 15:41:00,United Kingdom,35,163.38
16323,196,2,353.66,2010-05-11 09:48:00,2011-05-27 14:48:00,United Kingdom,381,176.83
16324,128,3,408.59000000000003,2011-06-15 14:26:00,2011-08-03 12:58:00,United Kingdom,48,136.2
16325,47,12,3597.5,2009-12-04 13:21:00,2011-10-24 08:48:00,United Kingdom,688,299.79
16326,6,24,4626.25,2010-01-28 13:23:00,2011-12-04 10:11:00,United Kingdom,674,192.76
16327,14,16,10129.04,2009-12-14 13:06:00,2011-11-25 13:23:00,United Kingdom,711,633.07
16328,563,1,310.83,2010-05-25 14:02:00,2010-05-25 14:02:00,United Kingdom,0,310.83
16329,428,4,1664.92,2009-12-01 11:34:00,2010-10-08 12:44:00,United Kingdom,311,416.23
16330,18,7,625.38,2010-02-15 12:36:00,2011-11-22 12:24:00,United Kingdom,644,89.34
16331,432,6,2037.7,2010-03-07 10:55:00,2010-10-03 13:47:00,United Kingdom,210,339.62
16332,28,11,1997.49,2010-04-29 13:41:00,2011-11-11 14:22:00,United Kingdom,561,181.59
16333,8,22,26626.8,2011-02-03 10:50:00,2011-12-02 12:19:00,United Kingdom,302,1210.31
16334,492,1,263.73,2010-08-04 16:38:00,2010-08-04 16:38:00,United Kingdom,0,263.73
16335,552,7,2753.52,2009-12-04 10:18:00,2010-06-06 11:35:00,United Kingdom,184,393.36
16336,421,4,3517.69,2010-03-18 08:05:00,2010-10-15 12:32:00,United Kingdom,211,879.42
16337,37,1,151.05,2011-11-03 10:03:00,2011-11-03 10:03:00,United Kingdom,0,151.05
16338,157,1,214.79999999999998,2011-07-05 13:56:00,2011-07-05 13:56:00,United Kingdom,0,214.8
16339,284,1,94.05,2011-02-28 13:41:00,2011-02-28 13:41:00,United Kingdom,0,94.05
16340,107,3,1496.24,2010-06-06 13:26:00,2011-08-24 14:53:00,United Kingdom,444,498.75
16341,25,7,3850.79,2010-04-09 10:30:00,2011-11-15 09:12:00,United Kingdom,584,550.11
16342,75,4,322.41,2011-06-13 10:10:00,2011-09-25 14:36:00,United Kingdom,104,80.6
16343,16,3,614.12,2010-10-28 14:15:00,2011-11-23 17:45:00,United Kingdom,391,204.71
16344,158,4,842.42,2010-02-09 12:16:00,2011-07-04 15:50:00,United Kingdom,510,210.6
16345,44,2,1178.79,2010-08-13 17:13:00,2011-10-26 16:03:00,United Kingdom,438,589.4
16346,385,1,224.51,2010-11-19 15:55:00,2010-11-19 15:55:00,United Kingdom,0,224.51
16347,11,11,3442.96,2010-03-12 12:41:00,2011-11-28 13:14:00,United Kingdom,626,313.0
16348,32,8,1742.08,2010-10-05 13:57:00,2011-11-07 15:44:00,United Kingdom,398,217.76
16349,291,1,53.5,2011-02-22 12:40:00,2011-02-22 12:40:00,United Kingdom,0,53.5
16350,21,9,2253.89,2010-10-07 16:33:00,2011-11-18 15:53:00,United Kingdom,406,250.43
16351,333,13,3330.0299999999997,2009-12-04 16:12:00,2011-01-11 10:26:00,United Kingdom,402,256.16
16352,18,2,494.44,2011-11-02 08:44:00,2011-11-22 10:32:00,United Kingdom,20,247.22
16353,4,38,9795.460000000001,2009-12-07 13:55:00,2011-12-06 12:23:00,United Kingdom,728,257.78
16354,63,5,1119.46,2010-04-27 13:33:00,2011-10-07 14:28:00,United Kingdom,528,223.89
16355,375,1,416.35,2010-11-29 14:21:00,2010-11-29 14:21:00,United Kingdom,0,416.35
16356,198,6,415.87,2010-06-06 11:26:00,2011-05-26 11:51:00,United Kingdom,354,69.31
16357,33,4,868.37,2010-11-23 18:52:00,2011-11-06 16:04:00,United Kingdom,347,217.09
16358,1,5,2919.65,2010-11-10 11:36:00,2011-12-08 15:09:00,United Kingdom,393,583.93
16359,7,16,2697.75,2010-02-16 10:39:00,2011-12-02 17:04:00,United Kingdom,654,168.61
16360,5,6,3450.41,2011-09-12 13:50:00,2011-12-05 12:16:00,United Kingdom,83,575.07
16361,10,4,891.21,2011-09-29 13:13:00,2011-11-30 12:32:00,United Kingdom,61,222.8
16362,32,6,922.16,2010-09-28 09:24:00,2011-11-07 13:01:00,United Kingdom,405,153.69
16363,53,1,109.36000000000001,2011-10-17 14:14:00,2011-10-17 14:14:00,United Kingdom,0,109.36
16364,12,2,705.79,2011-07-25 14:35:00,2011-11-28 11:27:00,United Kingdom,125,352.9
16365,18,15,3167.34,2009-12-11 12:41:00,2011-11-22 11:24:00,United Kingdom,710,211.16
16366,19,4,1548.1299999999999,2009-12-16 10:39:00,2011-11-21 08:19:00,United Kingdom,704,387.03
16367,37,3,1350.48,2010-11-21 13:23:00,2011-11-02 13:13:00,United Kingdom,345,450.16
16368,2,3,621.44,2010-09-30 11:30:00,2011-12-07 13:12:00,United Kingdom,433,207.15
16369,18,7,2654.48,2010-04-07 16:52:00,2011-11-21 16:25:00,United Kingdom,592,379.21
16370,82,4,1301.91,2011-04-28 16:40:00,2011-09-18 15:55:00,United Kingdom,142,325.48
16371,449,1,157.2,2010-09-17 12:09:00,2010-09-17 12:09:00,United Kingdom,0,157.2
16372,33,5,1290.31,2010-04-11 15:20:00,2011-11-06 13:08:00,United Kingdom,573,258.06
16373,382,2,309.49,2010-10-24 13:10:00,2010-11-22 15:50:00,United Kingdom,29,154.74
16374,66,5,1709.55,2010-04-30 13:10:00,2011-10-04 15:21:00,United Kingdom,522,341.91
16375,470,2,104.0,2010-08-26 14:12:00,2010-08-26 14:25:00,United Kingdom,0,52.0
16376,9,2,974.96,2011-11-22 16:47:00,2011-12-01 11:38:00,United Kingdom,8,487.48
16377,267,2,1308.48,2010-04-01 10:36:00,2011-03-17 15:41:00,United Kingdom,350,654.24
16378,247,3,362.95,2011-02-02 12:42:00,2011-04-06 15:07:00,United Kingdom,63,120.98
16379,4,4,2157.4,2011-09-22 09:33:00,2011-12-05 15:38:00,United Kingdom,74,539.35
16380,61,1,1743.1499999999999,2011-10-09 15:40:00,2011-10-09 15:40:00,United Kingdom,0,1743.15
16381,396,2,247.85,2010-10-17 13:06:00,2010-11-09 09:56:00,United Kingdom,22,123.92
16382,408,2,353.1,2010-06-07 12:42:00,2010-10-27 16:23:00,United Kingdom,142,176.55
16383,75,7,2887.99,2010-02-04 13:18:00,2011-09-26 12:45:00,United Kingdom,598,412.57
16384,90,4,1358.95,2010-04-28 14:01:00,2011-09-11 11:19:00,United Kingdom,500,339.74
16385,60,5,881.35,2010-03-18 12:45:00,2011-10-10 13:12:00,United Kingdom,571,176.27
16386,29,3,1068.16,2010-11-17 11:19:00,2011-11-11 12:28:00,United Kingdom,359,356.05
16387,323,5,882.46,2010-03-11 12:22:00,2011-01-21 11:34:00,United Kingdom,315,176.49
16388,654,1,186.05,2010-02-24 10:20:00,2010-02-24 10:20:00,United Kingdom,0,186.05
16389,53,4,1382.07,2011-03-01 15:47:00,2011-10-17 14:41:00,United Kingdom,229,345.52
16390,537,3,467.5,2010-01-29 15:25:00,2010-06-21 10:11:00,United Kingdom,142,155.83
16391,401,4,1048.86,2010-05-27 11:27:00,2010-11-04 12:27:00,United Kingdom,161,262.21
16392,270,3,755.45,2010-05-27 11:17:00,2011-03-15 12:11:00,United Kingdom,292,251.82
16393,2,23,5297.77,2009-12-01 12:13:00,2011-12-07 12:51:00,United Kingdom,736,230.34
16394,57,5,1555.34,2011-02-23 10:58:00,2011-10-14 09:48:00,United Kingdom,232,311.07
16395,61,14,3517.56,2009-12-06 12:26:00,2011-10-10 12:50:00,United Kingdom,673,251.25
16396,476,1,137.8,2010-08-20 14:17:00,2010-08-20 14:17:00,United Kingdom,0,137.8
16397,628,1,123.13,2010-03-21 15:36:00,2010-03-21 15:36:00,United Kingdom,0,123.13
16398,154,2,1705.8,2011-03-31 09:38:00,2011-07-08 15:16:00,United Kingdom,99,852.9
16399,19,3,628.42,2010-11-15 15:03:00,2011-11-20 16:12:00,United Kingdom,370,209.47
16400,95,9,3059.85,2009-12-08 12:38:00,2011-09-06 12:27:00,United Kingdom,636,339.98
16401,1,23,6847.45,2010-06-02 13:13:00,2011-12-08 18:15:00,United Kingdom,554,297.72
16402,265,2,293.45,2010-12-05 13:42:00,2011-03-20 12:25:00,United Kingdom,104,146.72
16403,312,1,177.5,2011-01-31 13:39:00,2011-01-31 13:39:00,United Kingdom,0,177.5
16404,70,1,443.05,2011-09-30 14:55:00,2011-09-30 14:55:00,United Kingdom,0,443.05
16405,302,2,167.25,2011-02-02 17:08:00,2011-02-10 15:24:00,United Kingdom,7,83.62
16406,19,3,528.36,2010-02-24 11:51:00,2011-11-21 11:57:00,United Kingdom,635,176.12
16407,13,14,2761.65,2010-10-03 13:56:00,2011-11-27 11:05:00,United Kingdom,419,197.26
16408,591,1,231.93,2010-04-27 14:08:00,2010-04-27 14:08:00,United Kingdom,0,231.93
16409,36,12,5652.74,2009-12-13 15:38:00,2011-11-03 16:45:00,United Kingdom,690,471.06
16410,734,1,130.32,2009-12-05 14:51:00,2009-12-05 14:51:00,United Kingdom,0,130.32
16411,19,4,756.39,2010-10-07 15:09:00,2011-11-20 13:23:00,United Kingdom,408,189.1
16412,54,5,593.19,2010-02-04 13:46:00,2011-10-17 12:35:00,United Kingdom,619,118.64
16413,57,2,522.03,2010-11-29 12:49:00,2011-10-14 12:08:00,United Kingdom,318,261.02
16414,22,5,551.21,2010-01-14 10:21:00,2011-11-18 09:42:00,United Kingdom,672,110.24
16415,44,3,696.76,2010-02-01 12:30:00,2011-10-26 13:35:00,United Kingdom,632,232.25
16416,27,9,2957.88,2010-02-23 12:00:00,2011-11-13 12:50:00,United Kingdom,628,328.65
16417,493,1,35.7,2010-08-04 09:08:00,2010-08-04 09:08:00,United Kingdom,0,35.7
16418,45,5,1028.74,2010-10-13 12:31:00,2011-10-26 12:39:00,United Kingdom,378,205.75
16419,113,8,1463.7,2010-02-09 13:26:00,2011-08-19 12:33:00,United Kingdom,555,182.96
16420,396,1,75.0,2010-11-08 15:15:00,2010-11-08 15:15:00,United Kingdom,0,75.0
16421,376,3,526.27,2010-08-27 12:02:00,2010-11-28 13:31:00,United Kingdom,93,175.42
16422,17,107,61656.42,2010-01-12 11:57:00,2011-11-22 14:00:00,United Kingdom,679,576.23
16423,25,1,346.12,2011-11-15 09:21:00,2011-11-15 09:21:00,United Kingdom,0,346.12
16424,191,2,443.06,2010-11-22 11:24:00,2011-06-01 13:40:00,United Kingdom,191,221.53
16425,302,1,302.7,2011-02-10 14:30:00,2011-02-10 14:30:00,United Kingdom,0,302.7
16426,2,10,1863.76,2011-03-08 15:45:00,2011-12-07 14:01:00,United Kingdom,273,186.38
16427,263,2,241.06,2011-02-28 15:18:00,2011-03-21 17:10:00,United Kingdom,21,120.53
16428,414,3,638.49,2010-07-30 12:10:00,2010-10-22 12:22:00,United Kingdom,84,212.83
16429,106,1,284.55,2011-08-25 13:54:00,2011-08-25 13:54:00,United Kingdom,0,284.55
16430,57,6,1102.94,2010-01-27 12:45:00,2011-10-13 14:47:00,United Kingdom,624,183.82
16431,213,3,623.28,2011-02-15 14:02:00,2011-05-10 14:09:00,United Kingdom,84,207.76
16432,64,1,287.4,2011-10-06 13:59:00,2011-10-06 13:59:00,United Kingdom,0,287.4
16433,28,2,384.52,2010-10-27 12:26:00,2011-11-11 14:09:00,United Kingdom,380,192.26
16434,29,12,2673.69,2010-01-17 14:51:00,2011-11-10 14:28:00,United Kingdom,661,222.81
16435,512,3,1003.0699999999999,2010-07-13 13:29:00,2010-07-15 18:22:00,United Kingdom,2,334.36
16436,668,3,319.14,2009-12-06 16:02:00,2010-02-09 13:19:00,United Kingdom,64,106.38
16437,381,2,301.25,2010-10-06 12:34:00,2010-11-23 16:59:00,United Kingdom,48,150.62
16438,6,5,798.35,2011-09-18 13:31:00,2011-12-04 10:51:00,United Kingdom,76,159.67
16439,722,1,310.70000000000005,2009-12-17 14:22:00,2009-12-17 14:22:00,United Kingdom,0,310.7
16440,8,6,3856.9700000000003,2010-08-03 11:32:00,2011-12-02 12:02:00,United Kingdom,486,642.83
16441,67,5,1013.18,2010-03-22 18:00:00,2011-10-03 17:48:00,United Kingdom,559,202.64
16442,2,5,891.98,2009-12-13 11:05:00,2011-12-08 11:43:00,United Kingdom,725,178.4
16443,521,1,162.24,2010-07-07 11:57:00,2010-07-07 11:57:00,United Kingdom,0,162.24
16444,46,17,3625.88,2010-03-24 14:06:00,2011-10-24 13:50:00,United Kingdom,578,213.29
16445,34,4,583.16,2010-10-24 12:39:00,2011-11-06 12:32:00,United Kingdom,377,145.79
16446,1,2,168472.5,2011-05-18 09:52:00,2011-12-09 09:15:00,United Kingdom,204,84236.25
16447,136,3,727.1,2010-02-17 14:09:00,2011-07-27 12:45:00,United Kingdom,524,242.37
16448,198,2,361.12,2010-08-25 16:58:00,2011-05-25 16:28:00,United Kingdom,272,180.56
16449,198,2,707.69,2011-03-04 12:15:00,2011-05-26 10:25:00,United Kingdom,82,353.84
16450,150,3,1505.73,2010-02-21 15:46:00,2011-07-13 11:47:00,United Kingdom,506,501.91
16451,88,3,1013.15,2009-12-04 15:11:00,2011-09-13 09:17:00,United Kingdom,647,337.72
16452,631,2,332.17,2010-01-15 12:22:00,2010-03-19 12:39:00,United Kingdom,63,166.08
16453,531,2,251.71,2010-06-09 13:15:00,2010-06-27 12:46:00,United Kingdom,17,125.86
16454,64,2,7.45,2010-04-07 15:54:00,2011-10-06 16:57:00,United Kingdom,547,3.72
16455,64,11,3995.57,2010-03-30 10:31:00,2011-10-07 12:17:00,United Kingdom,556,363.23
16456,99,13,6000.94,2010-03-29 11:16:00,2011-09-01 13:50:00,United Kingdom,521,461.61
16457,218,1,208.36,2011-05-05 13:19:00,2011-05-05 13:19:00,United Kingdom,0,208.36
16458,3,30,5690.89,2010-05-26 14:38:00,2011-12-07 09:34:00,United Kingdom,559,189.7
16459,730,1,71.78999999999999,2009-12-10 12:42:00,2009-12-10 12:42:00,United Kingdom,0,71.79
16460,28,3,811.23,2011-09-19 10:15:00,2011-11-11 13:46:00,United Kingdom,53,270.41
16461,178,3,1539.83,2010-03-03 13:57:00,2011-06-15 12:07:00,United Kingdom,468,513.28
16462,74,3,136.0,2011-03-01 08:58:00,2011-09-27 10:24:00,United Kingdom,210,45.33
16463,21,4,1422.4,2011-05-19 14:45:00,2011-11-18 14:01:00,United Kingdom,182,355.6
16464,20,3,1298.66,2011-07-20 13:53:00,2011-11-20 12:11:00,United Kingdom,122,432.89
16465,421,2,746.24,2010-09-21 10:46:00,2010-10-15 09:27:00,United Kingdom,23,373.12
16466,34,15,3767.09,2010-03-07 14:31:00,2011-11-06 11:35:00,United Kingdom,608,251.14
16467,509,7,2869.16,2009-12-02 11:59:00,2010-07-19 11:49:00,United Kingdom,228,409.88
16468,74,3,787.52,2010-08-15 13:10:00,2011-09-26 14:13:00,United Kingdom,407,262.51
16469,24,5,803.9,2010-07-13 13:17:00,2011-11-16 12:25:00,United Kingdom,490,160.78
16470,52,11,2416.85,2009-12-11 12:21:00,2011-10-19 12:11:00,United Kingdom,676,219.71
16471,275,4,1189.98,2010-02-25 10:07:00,2011-03-10 09:41:00,United Kingdom,377,297.5
16472,434,2,789.6,2010-04-21 11:48:00,2010-10-01 13:56:00,United Kingdom,163,394.8
16473,165,4,470.83,2010-11-30 16:29:00,2011-06-28 09:10:00,United Kingdom,209,117.71
16474,7,7,1810.49,2011-07-17 14:51:00,2011-12-02 13:02:00,United Kingdom,137,258.64
16475,88,4,544.3,2011-03-11 09:39:00,2011-09-12 14:37:00,United Kingdom,185,136.07
16476,432,1,350.35,2010-10-04 10:29:00,2010-10-04 10:29:00,United Kingdom,0,350.35
16477,64,11,4094.37,2010-08-12 09:43:00,2011-10-07 09:44:00,United Kingdom,421,372.22
16478,25,3,331.0,2011-10-05 12:02:00,2011-11-14 15:51:00,United Kingdom,40,110.33
16479,10,2,300.83,2011-11-29 13:04:00,2011-11-29 13:40:00,United Kingdom,0,150.42
16480,76,1,769.29,2011-09-25 11:40:00,2011-09-25 11:40:00,United Kingdom,0,769.29
16481,682,1,453.38,2010-01-26 13:09:00,2010-01-26 13:09:00,United Kingdom,0,453.38
16482,16,1,220.62,2011-11-24 12:33:00,2011-11-24 12:33:00,United Kingdom,0,220.62
16483,192,1,139.35,2011-05-31 13:08:00,2011-05-31 13:08:00,United Kingdom,0,139.35
16484,174,2,404.3,2011-06-02 10:39:00,2011-06-19 12:06:00,United Kingdom,17,202.15
16485,77,5,2287.19,2009-12-06 12:28:00,2011-09-23 15:50:00,United Kingdom,656,457.44
16486,538,1,134.36,2010-06-20 12:16:00,2010-06-20 12:16:00,United Kingdom,0,134.36
16487,577,2,209.4,2010-02-18 17:36:00,2010-05-11 13:38:00,United Kingdom,81,104.7
16488,33,3,498.8,2011-07-14 11:46:00,2011-11-06 13:42:00,United Kingdom,115,166.27
16489,380,2,303.7,2010-09-29 15:02:00,2010-11-24 14:40:00,United Kingdom,55,151.85
16490,436,1,205.41000000000003,2010-09-29 16:30:00,2010-09-29 16:30:00,United Kingdom,0,205.41
16491,47,2,1533.16,2010-10-22 15:42:00,2011-10-24 10:18:00,United Kingdom,366,766.58
16492,541,1,385.56,2010-06-17 08:20:00,2010-06-17 08:20:00,United Kingdom,0,385.56
16493,80,7,2132.09,2010-03-26 13:05:00,2011-09-21 11:10:00,United Kingdom,543,304.58
16494,297,1,826.53,2011-02-16 12:49:00,2011-02-16 12:49:00,United Kingdom,0,826.53
16495,3,3,648.26,2011-03-08 16:38:00,2011-12-06 13:20:00,United Kingdom,272,216.09
16496,9,6,2330.77,2010-07-18 13:42:00,2011-12-01 10:31:00,United Kingdom,500,388.46
16497,50,23,6695.28,2009-12-03 14:11:00,2011-10-21 10:55:00,United Kingdom,686,291.1
16498,161,2,100.97,2011-06-30 19:52:00,2011-07-01 15:07:00,United Kingdom,0,50.48
16499,360,8,2578.34,2010-06-11 12:22:00,2010-12-14 13:31:00,United Kingdom,186,322.29
16500,5,9,843.9100000000001,2010-06-14 14:54:00,2011-12-05 12:04:00,United Kingdom,538,93.77
16501,383,1,1191.23,2010-11-21 14:10:00,2010-11-21 14:10:00,United Kingdom,0,1191.23
16502,620,2,258.55,2010-03-29 13:39:00,2010-03-29 13:44:00,United Kingdom,0,129.28
16503,107,11,3614.34,2010-06-21 14:07:00,2011-08-25 11:46:00,United Kingdom,429,328.58
16504,25,1,465.88,2011-11-14 15:18:00,2011-11-14 15:18:00,United Kingdom,0,465.88
16505,32,1,777.6,2011-11-08 12:14:00,2011-11-08 12:14:00,United Kingdom,0,777.6
16506,20,2,90.30000000000001,2011-10-30 15:50:00,2011-11-20 12:17:00,United Kingdom,20,45.15
16507,572,1,142.71,2010-05-16 12:56:00,2010-05-16 12:56:00,United Kingdom,0,142.71
16508,630,1,240.95,2010-03-19 13:41:00,2010-03-19 13:41:00,United Kingdom,0,240.95
16509,297,1,363.7,2011-02-16 09:25:00,2011-02-16 09:25:00,United Kingdom,0,363.7
16510,372,6,1757.25,2010-01-17 12:30:00,2010-12-02 13:39:00,United Kingdom,319,292.88
16511,22,6,1758.49,2010-03-01 12:21:00,2011-11-18 10:41:00,United Kingdom,626,293.08
16513,5,4,874.59,2011-10-27 14:56:00,2011-12-05 10:18:00,United Kingdom,38,218.65
16515,52,10,3179.06,2010-06-17 12:17:00,2011-10-18 13:10:00,United Kingdom,488,317.91
16516,30,1,101.69999999999999,2011-11-09 14:59:00,2011-11-09 14:59:00,United Kingdom,0,101.7
16517,277,1,162.7,2011-03-07 13:50:00,2011-03-07 13:50:00,United Kingdom,0,162.7
16518,61,4,959.37,2010-06-01 13:31:00,2011-10-09 15:04:00,United Kingdom,495,239.84
16519,25,4,436.96,2010-03-01 13:51:00,2011-11-14 15:41:00,United Kingdom,623,109.24
16520,186,6,2148.38,2010-03-02 16:50:00,2011-06-06 13:24:00,United Kingdom,460,358.06
16521,415,3,1136.36,2010-03-01 13:22:00,2010-10-20 13:09:00,United Kingdom,232,378.79
16522,436,2,433.36,2010-09-15 13:32:00,2010-09-30 10:54:00,United Kingdom,14,216.68
16523,2,28,11916.33,2010-01-24 13:14:00,2011-12-08 09:06:00,United Kingdom,682,425.58
16524,446,2,306.19,2010-01-17 13:16:00,2010-09-19 13:37:00,United Kingdom,245,153.1
16525,2,48,24151.3,2009-12-02 13:53:00,2011-12-07 15:07:00,United Kingdom,735,503.15
16526,172,2,717.21,2010-05-04 16:34:00,2011-06-21 12:02:00,United Kingdom,412,358.6
16527,81,2,1232.94,2010-10-11 13:25:00,2011-09-19 16:21:00,United Kingdom,343,616.47
16528,4,1,244.41,2011-12-06 12:45:00,2011-12-06 12:45:00,United Kingdom,0,244.41
16529,190,4,1986.8,2010-06-27 13:29:00,2011-06-02 17:23:00,United Kingdom,340,496.7
16530,668,1,48.349999999999994,2010-02-09 15:30:00,2010-02-09 15:30:00,United Kingdom,0,48.35
16531,22,11,2298.33,2010-09-24 09:49:00,2011-11-17 16:29:00,United Kingdom,419,208.94
16532,18,5,8756.64,2010-03-29 10:26:00,2011-11-22 11:08:00,United Kingdom,603,1751.33
16533,19,3,1082.81,2011-10-02 15:07:00,2011-11-20 13:08:00,United Kingdom,48,360.94
16534,642,1,635.9,2010-03-07 15:47:00,2010-03-07 15:47:00,United Kingdom,0,635.9
16535,5,2,952.04,2010-11-19 13:01:00,2011-12-04 15:18:00,United Kingdom,380,476.02
16536,110,1,548.12,2011-08-21 15:54:00,2011-08-21 15:54:00,United Kingdom,0,548.12
16537,641,1,10.55,2010-03-08 13:41:00,2010-03-08 13:41:00,United Kingdom,0,10.55
16538,541,3,395.07,2010-04-23 16:25:00,2010-06-16 16:59:00,United Kingdom,54,131.69
16539,3,10,3289.66,2010-06-25 15:24:00,2011-12-07 08:41:00,United Kingdom,529,328.97
16540,414,1,205.75,2010-10-21 17:22:00,2010-10-21 17:22:00,United Kingdom,0,205.75
16541,735,1,424.03,2009-12-04 13:22:00,2009-12-04 13:22:00,United Kingdom,0,424.03
16542,54,2,257.32,2010-11-03 14:44:00,2011-10-17 10:47:00,United Kingdom,347,128.66
16543,592,1,292.21,2010-04-27 11:38:00,2010-04-27 11:38:00,United Kingdom,0,292.21
16544,520,4,376.70000000000005,2010-02-15 13:20:00,2010-07-08 11:11:00,United Kingdom,142,94.18
16545,165,2,689.82,2010-11-29 10:39:00,2011-06-28 10:37:00,United Kingdom,210,344.91
16546,291,5,5307.07,2010-09-23 15:43:00,2011-02-22 11:20:00,United Kingdom,151,1061.41
16547,546,1,104.25999999999999,2010-06-11 13:02:00,2010-06-11 13:02:00,United Kingdom,0,104.26
16548,599,1,30.15,2010-04-19 16:15:00,2010-04-19 16:15:00,United Kingdom,0,30.15
16549,10,34,12781.8,2010-03-28 15:45:00,2011-11-29 15:06:00,United Kingdom,610,375.94
16550,109,18,8807.68,2009-12-02 11:24:00,2011-08-23 11:12:00,United Kingdom,628,489.32
16551,96,7,2237.12,2009-12-13 16:12:00,2011-09-05 09:38:00,United Kingdom,630,319.59
16552,243,2,379.73,2010-12-01 12:36:00,2011-04-11 10:04:00,United Kingdom,130,189.86
16553,163,33,16584.01,2010-02-11 18:46:00,2011-06-29 15:42:00,United Kingdom,502,502.55
16554,42,8,2841.72,2009-12-15 09:42:00,2011-10-28 14:51:00,United Kingdom,682,355.22
16555,35,6,1915.68,2010-07-22 13:39:00,2011-11-04 14:31:00,United Kingdom,470,319.28
16556,67,17,8012.58,2009-12-07 10:51:00,2011-10-04 11:36:00,United Kingdom,666,471.33
16557,24,2,281.85,2011-07-25 13:28:00,2011-11-15 14:04:00,United Kingdom,113,140.93
16558,1,38,13304.11,2009-12-03 18:11:00,2011-12-09 10:20:00,United Kingdom,735,350.11
16559,397,1,175.0,2010-11-07 13:52:00,2010-11-07 13:52:00,United Kingdom,0,175.0
16560,27,8,3048.38,2009-12-08 12:05:00,2011-11-13 10:35:00,United Kingdom,704,381.05
16561,6,2,511.12,2011-10-11 09:53:00,2011-12-04 11:50:00,United Kingdom,54,255.56
16562,477,1,223.85999999999999,2010-08-20 11:45:00,2010-08-20 11:45:00,United Kingdom,0,223.86
16563,54,6,4412.56,2009-12-01 18:35:00,2011-10-17 11:51:00,United Kingdom,684,735.43
16564,569,1,87.8,2010-05-19 14:41:00,2010-05-19 14:41:00,United Kingdom,0,87.8
16565,364,4,773.05,2010-06-02 12:47:00,2010-12-10 15:21:00,United Kingdom,191,193.26
16566,15,5,614.66,2011-02-20 10:29:00,2011-11-24 16:34:00,United Kingdom,277,122.93
16567,194,2,865.6,2011-01-07 09:31:00,2011-05-29 13:57:00,United Kingdom,142,432.8
16568,428,2,1020.9000000000001,2010-03-08 14:51:00,2010-10-08 10:54:00,United Kingdom,213,510.45
16569,3,5,1455.23,2009-12-16 15:05:00,2011-12-06 15:32:00,United Kingdom,720,291.05
16570,15,20,7434.31,2010-03-30 09:32:00,2011-11-24 17:02:00,United Kingdom,604,371.72
16571,27,10,4248.74,2010-03-18 09:12:00,2011-11-13 11:46:00,United Kingdom,605,424.87
16572,127,3,1009.6,2011-03-09 12:04:00,2011-08-04 16:34:00,United Kingdom,148,336.53
16573,85,2,663.61,2011-02-22 15:14:00,2011-09-16 09:13:00,United Kingdom,205,331.8
16574,71,3,1301.78,2010-02-19 11:46:00,2011-09-29 13:39:00,United Kingdom,587,433.93
16576,420,2,540.87,2010-07-06 10:42:00,2010-10-15 13:37:00,United Kingdom,101,270.44
16577,667,1,380.0,2010-02-11 09:45:00,2010-02-11 09:45:00,United Kingdom,0,380.0
16578,626,1,156.6,2010-03-23 15:11:00,2010-03-23 15:11:00,United Kingdom,0,156.6
16579,426,1,295.05,2010-10-10 11:58:00,2010-10-10 11:58:00,United Kingdom,0,295.05
16581,183,1,105.84,2011-06-10 10:05:00,2011-06-10 10:05:00,United Kingdom,0,105.84
16582,113,1,313.62,2011-08-18 17:02:00,2011-08-18 17:02:00,United Kingdom,0,313.62
16583,374,2,297.95,2010-02-04 12:18:00,2010-12-01 12:03:00,United Kingdom,299,148.98
16584,80,5,3156.17,2010-02-16 10:41:00,2011-09-20 13:45:00,United Kingdom,581,631.23
16585,594,2,341.59,2010-01-13 13:31:00,2010-04-25 10:34:00,United Kingdom,101,170.8
16586,249,3,1462.78,2010-03-14 11:24:00,2011-04-05 09:32:00,United Kingdom,386,487.59
16587,232,1,225.15,2011-04-21 15:51:00,2011-04-21 15:51:00,United Kingdom,0,225.15
16588,386,4,1361.28,2010-05-14 13:43:00,2010-11-18 17:56:00,United Kingdom,188,340.32
16589,71,4,612.36,2010-09-15 14:56:00,2011-09-29 14:50:00,United Kingdom,378,153.09
16590,401,2,605.9,2010-10-21 12:09:00,2010-11-04 09:06:00,United Kingdom,13,302.95
16591,69,1,213.5,2011-10-02 10:43:00,2011-10-02 10:43:00,United Kingdom,0,213.5
16592,4,28,7807.91,2009-12-18 15:57:00,2011-12-05 13:49:00,United Kingdom,716,278.85
16593,51,8,1071.1399999999999,2009-12-05 10:44:00,2011-10-20 12:41:00,United Kingdom,684,133.89
16594,75,1,181.09,2011-09-25 14:08:00,2011-09-25 14:08:00,United Kingdom,0,181.09
16595,61,5,1757.75,2010-01-17 12:12:00,2011-10-09 13:15:00,United Kingdom,630,351.55
16596,16,4,458.98,2009-12-10 13:09:00,2011-11-24 10:02:00,United Kingdom,713,114.74
16597,4,1,90.04,2011-12-05 15:44:00,2011-12-05 15:44:00,United Kingdom,0,90.04
16598,286,1,145.04999999999998,2011-02-27 11:42:00,2011-02-27 11:42:00,United Kingdom,0,145.05
16599,386,1,172.8,2010-11-19 12:45:00,2010-11-19 12:45:00,United Kingdom,0,172.8
16600,4,13,2153.41,2009-12-18 12:59:00,2011-12-05 16:00:00,United Kingdom,717,165.65
16601,41,3,675.83,2010-03-26 13:39:00,2011-10-30 11:09:00,United Kingdom,582,225.28
16602,36,2,763.33,2010-11-16 09:13:00,2011-11-03 15:54:00,United Kingdom,352,381.66
16603,75,2,482.47,2011-09-09 13:02:00,2011-09-26 10:06:00,United Kingdom,16,241.24
16604,563,2,432.45,2010-05-20 16:34:00,2010-05-26 09:10:00,United Kingdom,5,216.22
16605,724,1,60.48,2009-12-15 19:03:00,2009-12-15 19:03:00,United Kingdom,0,60.48
16606,404,2,357.66,2010-10-01 13:21:00,2010-10-31 13:57:00,United Kingdom,30,178.83
16607,18,25,5706.87,2010-04-29 14:01:00,2011-11-22 10:24:00,United Kingdom,571,228.27
16608,454,2,1286.6200000000001,2010-02-14 11:57:00,2010-09-12 11:44:00,United Kingdom,209,643.31
16609,15,7,5493.46,2011-04-01 10:11:00,2011-11-24 13:32:00,United Kingdom,237,784.78
16610,219,1,75.66,2011-05-04 13:13:00,2011-05-04 13:13:00,United Kingdom,0,75.66
16611,186,6,1785.13,2010-03-10 16:07:00,2011-06-06 15:46:00,United Kingdom,452,297.52
16612,33,9,3245.43,2009-12-03 15:54:00,2011-11-07 07:38:00,United Kingdom,703,360.6
16613,70,1,618.59,2011-09-30 15:52:00,2011-09-30 15:52:00,United Kingdom,0,618.59
16614,183,3,1179.79,2010-05-10 15:18:00,2011-06-10 11:36:00,United Kingdom,395,393.26
16615,626,1,291.5,2010-03-23 15:13:00,2010-03-23 15:13:00,United Kingdom,0,291.5
16616,15,2,500.42,2011-07-05 13:38:00,2011-11-24 16:31:00,United Kingdom,142,250.21
16617,236,1,151.85,2011-04-18 10:35:00,2011-04-18 10:35:00,United Kingdom,0,151.85
16618,31,5,2647.59,2011-01-21 11:55:00,2011-11-08 13:52:00,United Kingdom,291,529.52
16619,264,4,1938.33,2010-02-22 12:05:00,2011-03-21 08:18:00,United Kingdom,391,484.58
16620,4,6,1758.93,2009-12-01 14:35:00,2011-12-06 12:19:00,United Kingdom,734,293.16
16621,52,4,813.48,2011-03-07 11:32:00,2011-10-19 11:38:00,United Kingdom,226,203.37
16622,544,1,225.4,2010-06-14 10:44:00,2010-06-14 10:44:00,United Kingdom,0,225.4
16623,246,4,1015.24,2010-04-26 14:04:00,2011-04-08 10:09:00,United Kingdom,346,253.81
16624,81,2,810.5699999999999,2011-05-26 14:20:00,2011-09-20 12:39:00,United Kingdom,116,405.28
16625,275,5,1654.03,2010-06-14 11:56:00,2011-03-10 12:50:00,United Kingdom,269,330.81
16626,1,17,4413.1,2011-03-18 12:27:00,2011-12-09 11:56:00,United Kingdom,265,259.59
16627,79,1,322.8,2011-09-21 14:38:00,2011-09-21 14:38:00,United Kingdom,0,322.8
16628,30,7,2318.1,2010-03-08 12:24:00,2011-11-10 12:45:00,United Kingdom,612,331.16
16629,74,2,408.63,2011-09-04 16:12:00,2011-09-27 10:34:00,United Kingdom,22,204.32
16630,407,1,106.80000000000001,2010-10-28 14:30:00,2010-10-28 14:30:00,United Kingdom,0,106.8
16631,482,7,1892.52,2010-02-26 10:49:00,2010-08-15 11:20:00,United Kingdom,170,270.36
16632,486,2,406.4,2010-05-07 16:46:00,2010-08-11 11:39:00,United Kingdom,95,203.2
16633,17,6,2883.1,2011-04-19 14:36:00,2011-11-22 13:41:00,United Kingdom,216,480.52
16634,223,6,1649.81,2010-01-21 09:30:00,2011-05-01 12:09:00,United Kingdom,465,274.97
16635,407,1,473.0,2010-10-29 09:41:00,2010-10-29 09:41:00,United Kingdom,0,473.0
16636,438,4,3802.04,2010-03-03 14:06:00,2010-09-27 13:13:00,United Kingdom,207,950.51
16637,32,4,1154.47,2011-04-28 10:20:00,2011-11-07 13:17:00,United Kingdom,193,288.62
16638,23,15,2380.13,2010-08-18 13:33:00,2011-11-17 11:09:00,United Kingdom,455,158.68
16639,31,4,1747.98,2010-10-26 18:23:00,2011-11-08 13:20:00,United Kingdom,377,437.0
16640,398,1,179.4,2010-11-07 10:48:00,2010-11-07 10:48:00,United Kingdom,0,179.4
16641,106,2,554.5,2010-01-07 12:22:00,2011-08-26 12:49:00,United Kingdom,596,277.25
16642,5,3,1077.45,2010-10-20 14:22:00,2011-12-05 11:31:00,United Kingdom,410,359.15
16643,246,2,923.11,2010-10-13 09:47:00,2011-04-08 08:24:00,United Kingdom,176,461.56
16644,178,2,833.78,2011-05-11 12:53:00,2011-06-15 12:39:00,United Kingdom,34,416.89
16645,736,1,160.39,2009-12-04 09:49:00,2009-12-04 09:49:00,United Kingdom,0,160.39
16646,449,1,678.8,2010-09-16 13:28:00,2010-09-16 13:28:00,United Kingdom,0,678.8
16647,170,4,541.9,2010-06-13 15:52:00,2011-06-23 11:47:00,United Kingdom,374,135.48
16648,43,3,672.8,2010-04-28 14:58:00,2011-10-28 08:58:00,United Kingdom,547,224.27
16649,520,1,306.58000000000004,2010-07-07 15:41:00,2010-07-07 15:41:00,United Kingdom,0,306.58
16650,72,7,1916.11,2010-07-08 14:18:00,2011-09-29 09:51:00,United Kingdom,447,273.73
16651,587,1,136.2,2010-05-02 11:46:00,2010-05-02 11:46:00,United Kingdom,0,136.2
16652,59,16,17550.39,2010-03-17 10:22:00,2011-10-12 09:38:00,United Kingdom,573,1096.9
16653,16,2,1212.66,2011-09-29 13:38:00,2011-11-23 14:51:00,United Kingdom,55,606.33
16654,141,8,1484.07,2010-04-06 13:29:00,2011-07-21 15:23:00,United Kingdom,471,185.51
16655,18,13,6423.26,2010-01-31 15:40:00,2011-11-22 11:25:00,United Kingdom,659,494.1
16656,22,30,16833.170000000002,2009-12-04 12:59:00,2011-11-17 14:43:00,United Kingdom,713,561.11
16657,10,4,874.43,2011-03-30 12:02:00,2011-11-30 11:48:00,United Kingdom,244,218.61
16658,368,5,680.83,2010-03-30 16:24:00,2010-12-06 13:47:00,United Kingdom,250,136.17
16659,189,1,39.12,2011-06-03 15:03:00,2011-06-03 15:03:00,United Kingdom,0,39.12
16660,16,7,1879.55,2010-01-14 11:09:00,2011-11-23 14:53:00,United Kingdom,678,268.51
16661,540,4,932.76,2009-12-17 15:39:00,2010-06-17 15:24:00,United Kingdom,181,233.19
16662,394,1,151.05,2010-11-10 16:56:00,2010-11-10 16:56:00,United Kingdom,0,151.05
16663,729,1,165.0,2009-12-10 13:12:00,2009-12-10 13:12:00,United Kingdom,0,165.0
16664,569,1,109.2,2010-05-19 17:11:00,2010-05-19 17:11:00,United Kingdom,0,109.2
16665,362,1,135.39999999999998,2010-12-12 14:03:00,2010-12-12 14:03:00,United Kingdom,0,135.4
16666,19,2,217.71,2010-03-28 15:13:00,2011-11-20 14:01:00,United Kingdom,601,108.86
16667,68,2,567.1800000000001,2011-02-28 12:57:00,2011-10-02 15:26:00,United Kingdom,216,283.59
16668,15,13,862.42,2010-03-18 18:25:00,2011-11-24 17:43:00,United Kingdom,615,66.34
16669,24,2,1344.48,2011-09-22 14:13:00,2011-11-16 12:26:00,United Kingdom,54,672.24
16670,17,20,8030.150000000001,2009-12-10 15:28:00,2011-11-23 09:34:00,United Kingdom,712,401.51
16671,28,3,1692.27,2011-06-28 11:20:00,2011-11-11 13:40:00,United Kingdom,136,564.09
16672,2,20,8134.9400000000005,2011-03-18 10:15:00,2011-12-07 16:29:00,United Kingdom,264,406.75
16673,679,1,171.13,2010-01-29 14:22:00,2010-01-29 14:22:00,United Kingdom,0,171.13
16674,55,2,304.24,2011-09-02 13:59:00,2011-10-16 11:31:00,United Kingdom,43,152.12
16675,442,2,608.86,2010-08-18 13:11:00,2010-09-24 12:15:00,United Kingdom,36,304.43
16676,34,6,2361.9,2010-10-17 13:07:00,2011-11-06 12:01:00,United Kingdom,384,393.65
16677,411,2,880.62,2010-02-25 16:11:00,2010-10-24 14:53:00,United Kingdom,240,440.31
16678,3,12,3109.99,2011-03-02 09:24:00,2011-12-07 12:17:00,United Kingdom,280,259.17
16679,366,3,663.31,2010-06-10 18:35:00,2010-12-08 13:51:00,United Kingdom,180,221.1
16680,43,3,821.45,2010-06-23 09:30:00,2011-10-27 17:35:00,United Kingdom,491,273.82
16681,73,7,1921.84,2010-03-08 14:10:00,2011-09-28 11:11:00,United Kingdom,568,274.55
16682,5,5,1028.0,2011-06-05 11:02:00,2011-12-05 12:13:00,United Kingdom,183,205.6
16683,534,1,320.25,2010-06-24 10:36:00,2010-06-24 10:36:00,United Kingdom,0,320.25
16684,4,55,147142.77,2009-12-07 12:56:00,2011-12-05 14:06:00,United Kingdom,728,2675.32
16685,61,2,324.24,2011-10-09 13:44:00,2011-10-09 13:58:00,United Kingdom,0,162.12
16686,47,16,4881.07,2009-12-06 15:48:00,2011-10-23 13:49:00,United Kingdom,685,305.07
16687,391,1,157.63,2010-11-14 11:46:00,2010-11-14 11:46:00,United Kingdom,0,157.63
16688,1,4,1260.86,2011-10-10 12:23:00,2011-12-08 15:24:00,United Kingdom,59,315.21
16689,76,2,422.59999999999997,2011-09-18 13:29:00,2011-09-25 11:39:00,United Kingdom,6,211.3
16690,72,4,353.03,2010-09-14 15:00:00,2011-09-28 15:02:00,United Kingdom,379,88.26
16691,418,2,178.83,2010-05-27 14:55:00,2010-10-17 15:03:00,United Kingdom,143,89.42
16692,256,4,1764.6999999999998,2010-09-24 11:31:00,2011-03-28 14:46:00,United Kingdom,185,441.17
16693,69,5,1179.48,2010-02-21 12:42:00,2011-10-02 11:10:00,United Kingdom,587,235.9
16694,723,1,98.30000000000001,2009-12-16 15:45:00,2009-12-16 15:45:00,United Kingdom,0,98.3
16695,562,2,191.9,2010-05-27 12:24:00,2010-05-27 12:36:00,United Kingdom,0,95.95
16696,135,4,657.9000000000001,2011-04-05 15:20:00,2011-07-27 14:23:00,United Kingdom,112,164.48
16697,241,1,112.75,2011-04-12 17:12:00,2011-04-12 17:12:00,United Kingdom,0,112.75
16698,227,2,1998.0,2011-03-31 13:33:00,2011-04-27 10:52:00,United Kingdom,26,999.0
16699,380,7,994.6,2009-12-04 13:31:00,2010-11-24 14:38:00,United Kingdom,355,142.09
16700,9,25,8830.77,2009-12-02 10:51:00,2011-12-01 11:00:00,United Kingdom,729,353.23
16701,9,26,9916.73,2009-12-01 19:19:00,2011-12-01 11:10:00,United Kingdom,729,381.41
16702,415,4,1109.53,2009-12-07 16:40:00,2010-10-20 14:10:00,United Kingdom,316,277.38
16704,618,2,664.16,2010-02-05 14:14:00,2010-03-31 14:02:00,United Kingdom,53,332.08
16705,1,42,43515.05,2009-12-09 13:34:00,2011-12-09 12:08:00,United Kingdom,729,1036.07
16706,37,3,531.35,2011-08-17 15:53:00,2011-11-02 13:50:00,United Kingdom,76,177.12
16707,400,4,533.41,2010-03-09 15:16:00,2010-11-04 14:39:00,United Kingdom,239,133.35
16708,46,1,656.63,2011-10-25 12:20:00,2011-10-25 12:20:00,United Kingdom,0,656.63
16709,85,14,9056.01,2009-12-09 13:16:00,2011-09-16 10:56:00,United Kingdom,645,646.86
16710,19,22,5921.35,2009-12-04 13:41:00,2011-11-20 14:50:00,United Kingdom,716,269.15
16711,3,9,2868.48,2009-12-02 13:22:00,2011-12-06 16:32:00,United Kingdom,734,318.72
16712,9,13,4225.22,2010-11-03 15:45:00,2011-11-30 13:48:00,United Kingdom,391,325.02
16713,19,32,14115.56,2009-12-15 12:49:00,2011-11-21 12:36:00,United Kingdom,705,441.11
16714,317,3,1482.33,2010-02-07 11:17:00,2011-01-26 13:46:00,United Kingdom,353,494.11
16715,78,2,625.52,2010-05-26 12:35:00,2011-09-22 18:15:00,United Kingdom,484,312.76
16716,267,3,2149.6800000000003,2010-03-19 11:05:00,2011-03-18 10:03:00,United Kingdom,363,716.56
16717,24,14,6663.68,2009-12-07 15:55:00,2011-11-16 12:16:00,United Kingdom,708,475.98
16718,369,5,3006.08,2009-12-06 13:07:00,2010-12-05 13:03:00,United Kingdom,363,601.22
16719,15,14,3508.62,2009-12-13 10:59:00,2011-11-25 09:27:00,United Kingdom,711,250.62
16720,26,3,566.74,2009-12-17 17:54:00,2011-11-13 16:22:00,United Kingdom,695,188.91
16721,262,1,292.47,2011-03-22 16:08:00,2011-03-22 16:08:00,United Kingdom,0,292.47
16722,17,22,8189.56,2009-12-03 19:23:00,2011-11-22 13:28:00,United Kingdom,718,372.25
16723,91,4,1231.36,2009-12-04 13:23:00,2011-09-09 13:01:00,United Kingdom,643,307.84
16724,405,1,147.35,2010-10-31 11:40:00,2010-10-31 11:40:00,United Kingdom,0,147.35
16725,302,13,1686.81,2009-12-13 15:54:00,2011-02-10 16:52:00,United Kingdom,424,129.75
16726,26,7,2063.88,2010-10-24 16:09:00,2011-11-13 14:53:00,United Kingdom,384,294.84
16727,364,4,1377.77,2010-01-20 10:48:00,2010-12-10 13:48:00,United Kingdom,324,344.44
16728,46,4,1048.28,2011-03-20 13:28:00,2011-10-24 14:36:00,United Kingdom,218,262.07
16729,38,21,7202.01,2011-04-12 14:22:00,2011-11-01 14:29:00,United Kingdom,203,342.95
16730,52,3,743.11,2011-01-24 14:01:00,2011-10-18 14:11:00,United Kingdom,267,247.7
16731,648,1,170.3,2010-03-01 15:05:00,2010-03-01 15:05:00,United Kingdom,0,170.3
16732,32,4,4387.64,2009-12-08 13:04:00,2011-11-08 09:54:00,United Kingdom,699,1096.91
16733,530,1,259.68,2010-06-28 10:12:00,2010-06-28 10:12:00,United Kingdom,0,259.68
16734,52,3,646.76,2011-08-17 15:00:00,2011-10-18 13:44:00,United Kingdom,61,215.59
16735,79,14,6217.41,2009-12-08 09:24:00,2011-09-22 11:49:00,United Kingdom,653,444.1
16736,506,5,2956.56,2009-12-03 16:12:00,2010-07-22 10:09:00,United Kingdom,230,591.31
16737,53,2,835.1999999999999,2010-05-11 09:53:00,2011-10-17 13:03:00,United Kingdom,524,417.6
16738,298,1,3.75,2011-02-15 09:46:00,2011-02-15 09:46:00,United Kingdom,0,3.75
16739,177,2,786.43,2010-06-21 09:38:00,2011-06-16 09:17:00,United Kingdom,359,393.22
16740,395,1,226.91,2010-11-09 13:34:00,2010-11-09 13:34:00,United Kingdom,0,226.91
16741,625,1,173.06,2010-03-24 15:15:00,2010-03-24 15:15:00,United Kingdom,0,173.06
16742,493,13,2334.97,2009-12-16 17:22:00,2010-08-04 10:52:00,United Kingdom,230,179.61
16743,29,14,4212.15,2010-04-22 13:21:00,2011-11-10 13:13:00,United Kingdom,566,300.87
16744,11,7,1291.91,2011-06-19 15:13:00,2011-11-28 13:06:00,United Kingdom,161,184.56
16745,87,17,7180.7,2011-02-01 11:31:00,2011-09-14 11:58:00,United Kingdom,225,422.39
16746,5,42,18045.05,2009-12-04 13:00:00,2011-12-05 12:33:00,United Kingdom,730,429.64
16747,38,2,836.06,2011-10-03 10:18:00,2011-11-02 11:37:00,United Kingdom,30,418.03
16748,18,14,3637.33,2009-12-10 12:28:00,2011-11-22 10:17:00,United Kingdom,711,259.81
16749,591,2,4157.88,2009-12-15 14:05:00,2010-04-27 13:06:00,United Kingdom,132,2078.94
16750,45,5,623.93,2011-04-21 16:53:00,2011-10-26 12:48:00,United Kingdom,187,124.79
16751,31,1,1764.72,2011-11-09 10:48:00,2011-11-09 10:48:00,United Kingdom,0,1764.72
16752,373,1,207.5,2010-12-02 12:18:00,2010-12-02 12:18:00,United Kingdom,0,207.5
16753,58,1,223.92000000000002,2011-10-12 13:14:00,2011-10-12 13:14:00,United Kingdom,0,223.92
16754,372,29,65500.07,2010-03-08 11:32:00,2010-12-02 17:38:00,United Kingdom,269,2258.62
16755,114,7,2864.68,2009-12-09 14:25:00,2011-08-17 13:21:00,United Kingdom,615,409.24
16756,215,7,1312.3700000000001,2010-03-09 15:56:00,2011-05-09 09:33:00,United Kingdom,425,187.48
16757,319,2,270.48,2010-10-26 15:09:00,2011-01-25 11:59:00,United Kingdom,90,135.24
16758,65,1,369.34000000000003,2011-10-05 14:47:00,2011-10-05 14:47:00,United Kingdom,0,369.34
16759,8,3,789.79,2011-11-09 09:06:00,2011-12-02 12:42:00,United Kingdom,23,263.26
16760,430,1,228.0,2010-10-05 15:55:00,2010-10-05 15:55:00,United Kingdom,0,228.0
16761,97,1,316.62,2011-09-04 11:15:00,2011-09-04 11:15:00,United Kingdom,0,316.62
16762,20,3,1207.24,2011-07-18 12:52:00,2011-11-20 11:43:00,United Kingdom,124,402.41
16763,199,2,964.6999999999999,2009-12-01 15:26:00,2011-05-25 11:52:00,United Kingdom,539,482.35
16764,4,13,2790.9500000000003,2011-07-19 17:17:00,2011-12-06 11:41:00,United Kingdom,139,214.69
16765,294,2,454.75,2010-11-22 13:42:00,2011-02-18 15:41:00,United Kingdom,88,227.38
16766,273,2,1145.6,2011-03-11 13:34:00,2011-03-11 15:22:00,United Kingdom,0,572.8
16767,31,15,8052.41,2010-04-28 16:49:00,2011-11-09 09:42:00,United Kingdom,559,536.83
16768,48,9,1698.57,2009-12-07 11:47:00,2011-10-23 10:38:00,United Kingdom,684,188.73
16769,260,4,1117.05,2009-12-14 11:10:00,2011-03-24 13:41:00,United Kingdom,465,279.26
16770,58,9,1778.93,2010-08-22 16:08:00,2011-10-13 12:21:00,United Kingdom,416,197.66
16771,33,10,3921.1,2009-12-09 11:52:00,2011-11-06 13:28:00,United Kingdom,697,392.11
16772,423,3,3698.0499999999997,2009-12-18 10:50:00,2010-10-12 13:19:00,United Kingdom,298,1232.68
16773,57,3,421.24,2009-12-06 15:01:00,2011-10-13 14:37:00,United Kingdom,675,140.41
16774,68,8,1567.48,2010-02-16 16:53:00,2011-10-03 12:41:00,United Kingdom,593,195.94
16775,10,16,2820.84,2010-09-23 17:34:00,2011-11-29 15:22:00,United Kingdom,431,176.3
16776,60,2,592.51,2010-10-20 12:13:00,2011-10-10 13:04:00,United Kingdom,355,296.26
16777,80,5,1292.18,2010-03-17 12:42:00,2011-09-20 13:41:00,United Kingdom,552,258.44
16778,74,2,245.94,2011-03-10 15:21:00,2011-09-26 13:48:00,United Kingdom,199,122.97
16779,2,53,32809.03,2009-12-03 13:03:00,2011-12-07 14:54:00,United Kingdom,734,619.04
16780,100,3,596.4,2010-10-28 19:41:00,2011-08-31 16:09:00,United Kingdom,306,198.8
16781,372,2,623.0,2010-02-08 13:56:00,2010-12-02 14:26:00,United Kingdom,297,311.5
16782,10,38,9636.12,2009-12-09 11:58:00,2011-11-29 13:20:00,United Kingdom,720,253.58
16783,437,1,391.95,2010-09-29 11:53:00,2010-09-29 11:53:00,United Kingdom,0,391.95
16784,20,5,892.33,2010-03-28 12:55:00,2011-11-20 12:20:00,United Kingdom,601,178.47
16785,410,1,533.78,2010-10-26 10:36:00,2010-10-26 10:36:00,United Kingdom,0,533.78
16786,394,1,51.839999999999996,2010-11-11 08:25:00,2010-11-11 08:25:00,United Kingdom,0,51.84
16787,398,4,1017.53,2010-01-10 11:12:00,2010-11-07 11:01:00,United Kingdom,300,254.38
16788,123,5,1927.28,2010-02-07 12:40:00,2011-08-08 14:53:00,United Kingdom,547,385.46
16789,8,1,80.8,2011-12-01 15:12:00,2011-12-01 15:12:00,United Kingdom,0,80.8
16790,4,6,1545.6200000000001,2011-11-02 11:23:00,2011-12-06 11:53:00,United Kingdom,34,257.6
16791,29,15,3944.88,2009-12-03 18:08:00,2011-11-10 19:12:00,United Kingdom,707,262.99
16792,282,5,623.46,2010-01-04 13:47:00,2011-03-02 14:41:00,United Kingdom,422,124.69
16793,57,1,243.84,2011-10-13 15:08:00,2011-10-13 15:08:00,United Kingdom,0,243.84
16794,1,15,2050.68,2010-03-25 15:17:00,2011-12-08 17:54:00,United Kingdom,623,136.71
16795,365,3,2062.41,2010-01-25 13:14:00,2010-12-09 14:08:00,United Kingdom,318,687.47
16796,89,1,305.62,2011-09-11 14:01:00,2011-09-11 14:01:00,United Kingdom,0,305.62
16797,393,5,1802.02,2009-12-02 13:33:00,2010-11-11 19:14:00,United Kingdom,344,360.4
16798,554,3,841.16,2009-12-10 19:35:00,2010-06-03 19:01:00,United Kingdom,174,280.39
16799,432,2,452.78000000000003,2010-09-12 12:46:00,2010-10-03 14:28:00,United Kingdom,21,226.39
16800,11,1,1162.65,2011-11-28 14:06:00,2011-11-28 14:06:00,United Kingdom,0,1162.65
16801,163,4,1594.23,2011-03-11 13:56:00,2011-06-29 15:33:00,United Kingdom,110,398.56
16802,679,2,582.61,2009-12-09 13:00:00,2010-01-29 13:44:00,United Kingdom,51,291.3
16803,65,1,332.3,2011-10-05 14:28:00,2011-10-05 14:28:00,United Kingdom,0,332.3
16804,23,3,536.99,2011-03-14 15:48:00,2011-11-16 16:43:00,United Kingdom,247,179.0
16805,174,4,1076.34,2009-12-14 15:17:00,2011-06-19 11:23:00,United Kingdom,551,269.08
16806,103,4,736.21,2011-04-14 19:59:00,2011-08-28 15:27:00,United Kingdom,135,184.05
16807,143,6,2123.88,2010-03-26 14:38:00,2011-07-20 12:00:00,United Kingdom,480,353.98
16808,99,2,288.42,2011-03-10 19:05:00,2011-09-01 19:34:00,United Kingdom,175,144.21
16809,23,9,1727.43,2010-04-13 15:34:00,2011-11-16 15:45:00,United Kingdom,582,191.94
16810,192,2,842.0400000000001,2010-10-15 15:32:00,2011-05-31 15:32:00,United Kingdom,228,421.02
16811,5,2,547.07,2011-11-22 17:19:00,2011-12-05 11:39:00,United Kingdom,12,273.54
16812,361,4,2392.0,2010-11-22 14:36:00,2010-12-14 12:35:00,United Kingdom,21,598.0
16813,8,10,1652.18,2011-05-19 13:28:00,2011-12-01 14:03:00,United Kingdom,196,165.22
16814,14,36,11914.95,2010-04-11 12:45:00,2011-11-25 13:27:00,United Kingdom,593,330.97
16815,454,2,406.02,2010-06-21 12:05:00,2010-09-12 10:59:00,United Kingdom,82,203.01
16816,103,4,417.06,2010-12-16 17:01:00,2011-08-28 14:16:00,United Kingdom,254,104.26
16817,3,13,2560.7,2010-10-04 09:06:00,2011-12-07 11:03:00,United Kingdom,429,196.98
16818,11,11,3349.57,2011-05-18 11:42:00,2011-11-29 10:41:00,United Kingdom,194,304.51
16819,465,2,182.59,2010-08-31 17:31:00,2010-08-31 17:37:00,United Kingdom,0,91.3
16820,96,1,497.61,2011-09-05 12:06:00,2011-09-05 12:06:00,United Kingdom,0,497.61
16821,382,1,113.35,2010-11-23 10:04:00,2010-11-23 10:04:00,United Kingdom,0,113.35
16822,686,1,181.39,2010-01-22 14:22:00,2010-01-22 14:22:00,United Kingdom,0,181.39
16823,227,7,2243.09,2009-12-02 09:57:00,2011-04-26 15:00:00,United Kingdom,510,320.44
16824,16,3,686.24,2010-11-11 12:21:00,2011-11-24 12:38:00,United Kingdom,378,228.75
16825,39,5,1826.89,2010-06-23 13:14:00,2011-11-01 11:51:00,United Kingdom,495,365.38
16826,51,1,341.7,2011-10-19 14:05:00,2011-10-19 14:05:00,United Kingdom,0,341.7
16827,393,5,387.18,2010-04-29 19:07:00,2010-11-11 14:04:00,United Kingdom,195,77.44
16828,112,1,113.5,2011-08-19 13:24:00,2011-08-19 13:24:00,United Kingdom,0,113.5
16829,157,2,513.32,2010-11-16 18:11:00,2011-07-06 10:48:00,United Kingdom,231,256.66
16830,39,4,1207.5,2009-12-13 12:11:00,2011-11-01 11:35:00,United Kingdom,687,301.88
16831,565,1,91.8,2010-05-24 09:08:00,2010-05-24 09:08:00,United Kingdom,0,91.8
16832,184,5,417.61,2010-09-07 12:35:00,2011-06-08 15:36:00,United Kingdom,274,83.52
16833,1,6,2409.04,2010-03-26 15:31:00,2011-12-08 14:39:00,United Kingdom,621,401.51
16834,228,2,898.96,2010-02-03 14:24:00,2011-04-26 09:37:00,United Kingdom,446,449.48
16835,128,6,1456.66,2010-05-19 08:41:00,2011-08-03 13:50:00,United Kingdom,441,242.78
16836,40,4,782.37,2010-05-14 12:52:00,2011-10-31 10:05:00,United Kingdom,534,195.59
16837,31,11,3170.98,2011-04-08 08:48:00,2011-11-08 14:27:00,United Kingdom,214,288.27
16838,197,4,1159.61,2010-02-14 15:27:00,2011-05-26 13:13:00,United Kingdom,465,289.9
16839,9,44,21758.25,2010-02-11 15:02:00,2011-12-01 09:03:00,United Kingdom,657,494.51
16840,603,2,139.85,2010-02-03 12:42:00,2010-04-15 15:48:00,United Kingdom,71,69.92
16841,37,12,4006.06,2010-01-12 11:32:00,2011-11-03 11:51:00,United Kingdom,660,333.84
16842,101,3,1264.19,2011-02-10 14:51:00,2011-08-31 10:42:00,United Kingdom,201,421.4
16843,43,35,19571.43,2009-12-10 11:40:00,2011-10-28 09:06:00,United Kingdom,686,559.18
16844,563,2,614.34,2010-05-06 09:16:00,2010-05-26 10:29:00,United Kingdom,20,307.17
16845,618,1,253.88,2010-03-31 13:09:00,2010-03-31 13:09:00,United Kingdom,0,253.88
16846,50,3,842.41,2010-03-10 12:03:00,2011-10-20 13:55:00,United Kingdom,589,280.8
16847,43,2,614.89,2010-03-31 13:32:00,2011-10-27 13:29:00,United Kingdom,574,307.44
16848,53,4,1411.62,2010-10-03 11:01:00,2011-10-18 08:42:00,United Kingdom,379,352.9
16849,187,1,124.57,2011-06-06 09:16:00,2011-06-06 09:16:00,United Kingdom,0,124.57
16850,334,1,332.41,2011-01-10 11:09:00,2011-01-10 11:09:00,United Kingdom,0,332.41
16851,4,3,342.45,2011-10-19 09:48:00,2011-12-05 13:32:00,United Kingdom,47,114.15
16852,10,2,144.91000000000003,2011-06-16 15:49:00,2011-11-29 13:22:00,United Kingdom,165,72.46
16854,417,2,1408.96,2010-03-09 14:32:00,2010-10-18 16:31:00,United Kingdom,223,704.48
16855,24,2,328.4,2011-10-27 16:31:00,2011-11-16 12:03:00,United Kingdom,19,164.2
16856,15,3,358.49,2010-09-23 13:11:00,2011-11-25 08:59:00,United Kingdom,427,119.5
16857,443,1,352.8,2010-09-23 10:49:00,2010-09-23 10:49:00,United Kingdom,0,352.8
16858,369,10,4292.59,2009-12-15 11:09:00,2010-12-06 09:52:00,United Kingdom,355,429.26
16859,145,7,1932.41,2010-03-04 12:37:00,2011-07-18 12:19:00,United Kingdom,500,276.06
16860,453,3,1610.62,2010-02-15 13:46:00,2010-09-13 10:05:00,United Kingdom,209,536.87
16861,60,5,946.59,2010-07-19 11:44:00,2011-10-11 09:05:00,United Kingdom,448,189.32
16862,547,4,662.33,2010-01-07 12:57:00,2010-06-10 13:05:00,United Kingdom,154,165.58
16863,31,3,834.27,2010-10-26 10:03:00,2011-11-08 15:26:00,United Kingdom,378,278.09
16864,434,2,409.25,2010-04-20 11:56:00,2010-10-01 16:16:00,United Kingdom,164,204.62
16865,402,1,130.95,2010-11-03 11:34:00,2010-11-03 11:34:00,United Kingdom,0,130.95
16866,141,3,207.73999999999998,2011-07-01 12:34:00,2011-07-22 10:06:00,United Kingdom,20,69.25
16867,690,1,76.74000000000001,2010-01-19 09:11:00,2010-01-19 09:11:00,United Kingdom,0,76.74
16868,394,3,384.56,2010-04-25 11:31:00,2010-11-10 13:17:00,United Kingdom,199,128.19
16869,23,4,817.12,2011-06-17 13:01:00,2011-11-17 12:02:00,United Kingdom,152,204.28
16870,469,1,450.15999999999997,2010-08-27 13:53:00,2010-08-27 13:53:00,United Kingdom,0,450.16
16871,22,6,2812.34,2011-03-14 10:31:00,2011-11-17 19:27:00,United Kingdom,248,468.72
16872,77,6,1213.13,2010-09-02 17:36:00,2011-09-23 16:05:00,United Kingdom,385,202.19
16873,5,12,14617.39,2010-02-09 14:17:00,2011-12-05 12:05:00,United Kingdom,663,1218.12
16874,379,1,209.89000000000001,2010-11-25 13:08:00,2010-11-25 13:08:00,United Kingdom,0,209.89
16875,67,11,4234.53,2010-01-05 09:16:00,2011-10-03 13:39:00,United Kingdom,636,384.96
16876,404,1,136.01,2010-11-01 11:59:00,2010-11-01 11:59:00,United Kingdom,0,136.01
16877,12,6,846.62,2011-05-15 16:13:00,2011-11-27 13:47:00,United Kingdom,195,141.1
16878,84,1,13.3,2011-09-16 17:39:00,2011-09-16 17:39:00,United Kingdom,0,13.3
16880,31,8,1813.21,2010-08-03 13:54:00,2011-11-09 11:33:00,United Kingdom,462,226.65
16881,67,1,432.0,2011-10-04 10:33:00,2011-10-04 10:33:00,United Kingdom,0,432.0
16882,67,3,705.12,2011-01-26 17:43:00,2011-10-04 10:42:00,United Kingdom,250,235.04
16883,187,19,2246.06,2009-12-04 12:07:00,2011-06-05 12:51:00,United Kingdom,548,118.21
16884,38,4,1070.97,2010-05-18 12:00:00,2011-11-02 11:52:00,United Kingdom,532,267.74
16885,15,4,683.35,2010-11-19 12:51:00,2011-11-24 13:40:00,United Kingdom,370,170.84
16886,456,1,134.0,2010-09-09 15:08:00,2010-09-09 15:08:00,United Kingdom,0,134.0
16887,35,3,658.17,2009-12-01 13:41:00,2011-11-04 14:07:00,United Kingdom,703,219.39
16888,401,3,434.2,2010-01-07 13:07:00,2010-11-04 12:39:00,United Kingdom,300,144.73
16889,195,6,2526.65,2010-05-23 10:46:00,2011-05-29 11:05:00,United Kingdom,371,421.11
16890,477,3,277.91,2010-05-06 16:27:00,2010-08-20 11:23:00,United Kingdom,105,92.64
16891,2,11,1727.94,2009-12-04 12:37:00,2011-12-08 11:15:00,United Kingdom,733,157.09
16892,1,7,754.75,2009-12-08 14:20:00,2011-12-08 13:18:00,United Kingdom,729,107.82
16893,367,2,249.47,2010-11-28 15:14:00,2010-12-08 12:06:00,United Kingdom,9,124.74
16894,502,3,1306.96,2010-06-22 14:21:00,2010-07-25 15:43:00,United Kingdom,33,435.65
16895,65,5,1102.9,2010-02-12 11:07:00,2011-10-06 12:15:00,United Kingdom,601,220.58
16896,555,1,103.95,2010-06-02 15:40:00,2010-06-02 15:40:00,United Kingdom,0,103.95
16897,299,2,289.78,2011-01-30 11:52:00,2011-02-13 15:02:00,United Kingdom,14,144.89
16898,26,5,885.21,2010-05-12 12:18:00,2011-11-13 15:44:00,United Kingdom,550,177.04
16899,8,8,1695.77,2010-11-07 15:00:00,2011-12-02 12:03:00,United Kingdom,389,211.97
16900,17,3,882.16,2011-10-07 13:17:00,2011-11-23 10:32:00,United Kingdom,46,294.05
16901,729,1,204.26,2009-12-10 16:30:00,2009-12-10 16:30:00,United Kingdom,0,204.26
16902,116,1,1706.88,2011-08-15 14:17:00,2011-08-15 14:17:00,United Kingdom,0,1706.88
16903,29,3,1041.75,2010-10-20 14:42:00,2011-11-10 15:32:00,United Kingdom,386,347.25
16904,4,20,4656.56,2010-10-24 16:03:00,2011-12-05 13:10:00,United Kingdom,406,232.83
16905,5,17,4704.27,2009-12-10 20:04:00,2011-12-04 14:01:00,United Kingdom,723,276.72
16906,82,7,1410.07,2010-05-13 13:23:00,2011-09-19 11:49:00,United Kingdom,493,201.44
16907,29,9,1470.89,2010-07-01 17:30:00,2011-11-10 18:04:00,United Kingdom,497,163.43
16908,722,1,252.59,2009-12-17 13:35:00,2009-12-17 13:35:00,United Kingdom,0,252.59
16909,72,1,379.14,2011-09-28 16:45:00,2011-09-28 16:45:00,United Kingdom,0,379.14
16910,4,8,1508.96,2011-09-09 14:14:00,2011-12-05 12:51:00,United Kingdom,86,188.62
16911,636,2,255.25,2010-02-16 16:12:00,2010-03-14 12:18:00,United Kingdom,25,127.62
16912,29,15,4460.51,2009-12-09 12:32:00,2011-11-11 12:18:00,United Kingdom,701,297.37
16913,290,3,423.90999999999997,2010-02-26 12:06:00,2011-02-22 12:56:00,United Kingdom,361,141.3
16914,36,1,183.76,2011-11-03 15:27:00,2011-11-03 15:27:00,United Kingdom,0,183.76
16915,9,11,1543.18,2010-05-19 13:32:00,2011-11-30 16:39:00,United Kingdom,560,140.29
16916,24,4,896.12,2010-10-20 12:56:00,2011-11-16 12:08:00,United Kingdom,391,224.03
16917,277,2,1851.88,2010-03-17 15:24:00,2011-03-08 11:55:00,United Kingdom,355,925.94
16918,50,16,3206.54,2009-12-03 12:27:00,2011-10-21 12:50:00,United Kingdom,687,200.41
16919,156,24,4909.66,2010-08-19 15:28:00,2011-07-06 13:35:00,United Kingdom,320,204.57
16920,411,1,355.45,2010-10-24 14:07:00,2010-10-24 14:07:00,United Kingdom,0,355.45
16921,61,3,409.21,2010-04-18 15:34:00,2011-10-09 16:22:00,United Kingdom,539,136.4
16922,573,1,611.08,2010-05-16 11:24:00,2010-05-16 11:24:00,United Kingdom,0,611.08
16923,12,32,13157.130000000001,2010-01-31 11:14:00,2011-11-27 13:00:00,United Kingdom,665,411.16
16924,21,3,829.89,2011-09-16 12:54:00,2011-11-18 12:53:00,United Kingdom,62,276.63
16925,540,1,125.65,2010-06-17 15:03:00,2010-06-17 15:03:00,United Kingdom,0,125.65
16926,371,5,1169.6100000000001,2010-07-01 12:57:00,2010-12-03 13:42:00,United Kingdom,155,233.92
16927,116,3,543.05,2010-12-13 11:57:00,2011-08-16 11:10:00,United Kingdom,245,181.02
16928,80,26,3798.08,2010-02-03 12:30:00,2011-09-20 15:10:00,United Kingdom,594,146.08
16929,4,7,1295.39,2011-07-07 12:39:00,2011-12-06 08:37:00,United Kingdom,151,185.06
16930,26,3,378.89,2011-10-02 14:25:00,2011-11-13 16:13:00,United Kingdom,42,126.3
16931,5,23,5032.22,2010-11-07 13:24:00,2011-12-04 13:15:00,United Kingdom,391,218.79
16932,53,3,412.55,2010-05-17 14:15:00,2011-10-17 14:12:00,United Kingdom,517,137.52
16933,1,9,3099.3,2009-12-09 15:03:00,2011-12-08 12:54:00,United Kingdom,728,344.37
16934,55,6,2083.14,2010-03-28 12:43:00,2011-10-16 12:40:00,United Kingdom,566,347.19
16935,382,3,530.86,2010-10-14 13:09:00,2010-11-23 09:16:00,United Kingdom,39,176.95
16936,26,2,548.29,2010-11-19 11:54:00,2011-11-14 11:04:00,United Kingdom,359,274.14
16937,499,1,196.25,2010-07-28 17:56:00,2010-07-28 17:56:00,United Kingdom,0,196.25
16938,9,9,6995.360000000001,2010-02-17 14:47:00,2011-12-01 10:20:00,United Kingdom,651,777.26
16939,489,3,433.85,2010-02-28 13:33:00,2010-08-08 12:24:00,United Kingdom,160,144.62
16940,52,8,6427.66,2009-12-08 13:08:00,2011-10-18 13:15:00,United Kingdom,679,803.46
16941,612,1,33.0,2010-04-07 11:13:00,2010-04-07 11:13:00,United Kingdom,0,33.0
16942,13,9,1904.99,2011-04-26 11:59:00,2011-11-27 12:40:00,United Kingdom,215,211.67
16943,212,3,816.73,2011-01-25 14:00:00,2011-05-12 11:57:00,United Kingdom,106,272.24
16944,610,1,101.36,2010-04-09 11:03:00,2010-04-09 11:03:00,United Kingdom,0,101.36
16945,22,33,8548.16,2009-12-09 11:33:00,2011-11-18 11:39:00,United Kingdom,709,259.04
16946,383,5,1222.04,2010-03-02 10:49:00,2010-11-21 14:06:00,United Kingdom,264,244.41
16947,236,4,946.71,2010-03-03 10:54:00,2011-04-18 09:38:00,United Kingdom,410,236.68
16948,139,7,868.77,2010-02-21 13:48:00,2011-07-24 12:46:00,United Kingdom,517,124.11
16949,4,6,1286.27,2011-01-27 12:11:00,2011-12-06 11:07:00,United Kingdom,312,214.38
16950,57,10,3533.77,2010-01-24 11:26:00,2011-10-14 09:06:00,United Kingdom,627,353.38
16951,135,3,1277.75,2011-02-08 14:58:00,2011-07-28 12:05:00,United Kingdom,169,425.92
16952,109,5,795.83,2009-12-11 13:52:00,2011-08-22 13:03:00,United Kingdom,618,159.17
16953,30,1,20.8,2011-11-09 15:54:00,2011-11-09 15:54:00,United Kingdom,0,20.8
16954,1,20,6081.88,2010-01-18 14:49:00,2011-12-09 09:46:00,United Kingdom,689,304.09
16955,185,6,1120.31,2010-01-31 11:38:00,2011-06-08 10:36:00,United Kingdom,492,186.72
16956,18,1,308.74,2011-11-22 08:56:00,2011-11-22 08:56:00,United Kingdom,0,308.74
16957,239,2,416.64,2011-03-03 09:25:00,2011-04-14 13:56:00,United Kingdom,42,208.32
16958,435,1,778.49,2010-09-30 14:25:00,2010-09-30 14:25:00,United Kingdom,0,778.49
16959,87,1,117.35000000000001,2011-09-13 15:03:00,2011-09-13 15:03:00,United Kingdom,0,117.35
16960,39,8,1988.93,2010-03-02 13:36:00,2011-11-01 11:35:00,United Kingdom,608,248.62
16961,116,3,794.56,2010-06-25 14:36:00,2011-08-15 13:46:00,United Kingdom,415,264.85
16962,410,1,251.04,2010-10-26 11:36:00,2010-10-26 11:36:00,United Kingdom,0,251.04
16963,187,1,110.55000000000001,2011-06-05 13:48:00,2011-06-05 13:48:00,United Kingdom,0,110.55
16964,733,2,207.85,2009-12-06 12:51:00,2009-12-06 12:53:00,United Kingdom,0,103.92
16965,227,1,192.07,2011-04-27 12:08:00,2011-04-27 12:08:00,United Kingdom,0,192.07
16966,8,7,2154.97,2011-04-13 14:17:00,2011-12-01 13:40:00,United Kingdom,231,307.85
16967,189,1,319.02,2011-06-03 14:24:00,2011-06-03 14:24:00,United Kingdom,0,319.02
16968,4,2,439.43,2011-08-24 10:51:00,2011-12-05 15:02:00,United Kingdom,103,219.72
16969,39,3,650.41,2011-06-01 12:10:00,2011-10-31 13:12:00,United Kingdom,152,216.8
16970,626,1,71.4,2010-03-23 13:50:00,2010-03-23 13:50:00,United Kingdom,0,71.4
16971,38,1,357.21,2011-11-01 15:06:00,2011-11-01 15:06:00,United Kingdom,0,357.21
16972,383,2,749.0,2010-09-09 11:20:00,2010-11-22 10:59:00,United Kingdom,73,374.5
16973,386,1,127.0,2010-11-18 13:56:00,2010-11-18 13:56:00,United Kingdom,0,127.0
16974,523,2,365.5,2010-05-24 10:43:00,2010-07-05 10:18:00,United Kingdom,41,182.75
16975,423,3,926.12,2010-07-22 11:38:00,2010-10-12 17:53:00,United Kingdom,82,308.71
16976,267,1,251.51999999999998,2011-03-17 16:33:00,2011-03-17 16:33:00,United Kingdom,0,251.52
16977,395,4,496.0,2010-03-18 11:06:00,2010-11-09 13:17:00,United Kingdom,236,124.0
16978,78,3,768.88,2010-02-11 16:27:00,2011-09-23 12:50:00,United Kingdom,588,256.29
16979,4,9,2859.74,2010-09-15 14:30:00,2011-12-06 12:21:00,United Kingdom,446,317.75
16980,255,3,1422.8300000000002,2010-10-07 14:05:00,2011-03-29 16:36:00,United Kingdom,173,474.28
16982,61,1,384.06,2011-10-10 12:28:00,2011-10-10 12:28:00,United Kingdom,0,384.06
16983,13,11,3490.5299999999997,2010-09-19 12:38:00,2011-11-27 12:10:00,United Kingdom,433,317.32
16984,88,9,10350.53,2010-03-07 15:34:00,2011-09-12 13:43:00,United Kingdom,553,1150.06
16985,17,23,10923.16,2009-12-10 13:34:00,2011-11-22 13:33:00,United Kingdom,711,474.92
16986,30,11,4888.75,2010-02-04 14:46:00,2011-11-10 11:55:00,United Kingdom,643,444.43
16987,3,11,2499.45,2009-12-02 14:34:00,2011-12-06 17:26:00,United Kingdom,734,227.22
16988,5,2,382.67,2010-11-25 09:22:00,2011-12-04 16:02:00,United Kingdom,374,191.34
16989,7,6,1133.25,2011-07-12 09:11:00,2011-12-02 16:39:00,United Kingdom,143,188.88
16990,219,2,344.0,2010-10-13 11:42:00,2011-05-05 08:30:00,United Kingdom,203,172.0
16991,421,1,1041.21,2010-10-14 14:08:00,2010-10-14 14:08:00,United Kingdom,0,1041.21
16992,11,13,5476.5,2010-02-11 12:36:00,2011-11-29 11:50:00,United Kingdom,655,421.27
16993,464,2,1950.9499999999998,2010-05-12 13:55:00,2010-09-02 12:16:00,United Kingdom,112,975.47
16996,30,9,2123.61,2010-10-18 12:24:00,2011-11-09 16:43:00,United Kingdom,387,235.96
16997,288,3,702.0,2011-01-18 11:51:00,2011-02-24 17:28:00,United Kingdom,37,234.0
16998,150,5,402.0,2010-09-21 14:39:00,2011-07-13 09:44:00,United Kingdom,294,80.4
16999,23,2,484.82,2011-09-26 15:43:00,2011-11-16 13:53:00,United Kingdom,50,242.41
17000,396,2,406.3,2010-10-27 14:16:00,2010-11-08 13:35:00,United Kingdom,11,203.15
17001,1,19,6640.8,2010-03-25 12:41:00,2011-12-09 09:38:00,United Kingdom,623,349.52
17002,86,7,2571.55,2010-03-08 15:46:00,2011-09-15 12:40:00,United Kingdom,555,367.36
17003,402,4,828.21,2010-05-10 11:20:00,2010-11-02 13:15:00,United Kingdom,176,207.05
17004,46,4,2324.36,2010-10-11 15:43:00,2011-10-24 14:25:00,United Kingdom,377,581.09
17005,471,2,622.36,2010-04-30 10:55:00,2010-08-26 10:57:00,United Kingdom,118,311.18
17006,5,8,1635.27,2010-03-05 13:33:00,2011-12-05 12:09:00,United Kingdom,639,204.41
17007,51,7,1120.1,2010-09-28 13:51:00,2011-10-20 10:47:00,United Kingdom,386,160.01
17008,429,1,81.36,2010-10-06 15:19:00,2010-10-06 15:19:00,United Kingdom,0,81.36
17009,551,1,242.06,2010-06-06 16:01:00,2010-06-06 16:01:00,United Kingdom,0,242.06
17010,18,1,195.36,2011-11-21 14:49:00,2011-11-21 14:49:00,United Kingdom,0,195.36
17011,30,3,671.7,2010-02-26 09:47:00,2011-11-09 13:30:00,United Kingdom,621,223.9
17012,725,1,360.61,2009-12-14 17:34:00,2009-12-14 17:34:00,United Kingdom,0,360.61
17014,8,3,583.4300000000001,2011-10-04 11:36:00,2011-12-01 14:09:00,United Kingdom,58,194.48
17015,29,3,1838.6100000000001,2011-06-07 13:19:00,2011-11-11 10:45:00,United Kingdom,156,612.87
17016,577,1,552.4,2010-05-12 12:32:00,2010-05-12 12:32:00,United Kingdom,0,552.4
17017,3,29,12576.99,2009-12-03 13:22:00,2011-12-07 09:32:00,United Kingdom,733,433.69
17018,41,6,2287.7,2009-12-05 10:27:00,2011-10-30 11:42:00,United Kingdom,694,381.28
17019,11,11,3586.99,2009-12-02 11:52:00,2011-11-28 13:06:00,United Kingdom,726,326.09
17020,542,2,935.62,2010-03-03 12:27:00,2010-06-15 13:06:00,United Kingdom,104,467.81
17021,442,6,1182.22,2010-04-29 20:05:00,2010-09-23 20:01:00,United Kingdom,146,197.04
17022,31,2,260.0,2010-10-03 10:27:00,2011-11-08 17:09:00,United Kingdom,401,130.0
17023,417,3,800.18,2010-01-11 15:09:00,2010-10-18 15:37:00,United Kingdom,280,266.73
17024,45,3,95.85,2011-07-05 09:31:00,2011-10-25 13:47:00,United Kingdom,112,31.95
17025,61,5,1349.67,2010-03-08 13:37:00,2011-10-10 09:06:00,United Kingdom,580,269.93
17026,185,3,175.82999999999998,2010-10-18 15:22:00,2011-06-07 14:28:00,United Kingdom,231,58.61
17027,79,9,1310.63,2009-12-10 12:10:00,2011-09-22 12:24:00,United Kingdom,651,145.63
17028,581,3,1593.83,2009-12-18 14:28:00,2010-05-07 15:33:00,United Kingdom,140,531.28
17029,111,7,2137.3,2010-02-14 10:19:00,2011-08-21 11:06:00,United Kingdom,553,305.33
17030,64,1,146.87,2011-10-07 08:49:00,2011-10-07 08:49:00,United Kingdom,0,146.87
17031,12,6,2773.85,2010-05-07 14:52:00,2011-11-28 10:23:00,United Kingdom,569,462.31
17032,603,5,2896.69,2009-12-10 15:36:00,2010-04-15 14:14:00,United Kingdom,125,579.34
17033,86,4,1332.79,2010-11-07 12:55:00,2011-09-14 14:34:00,United Kingdom,311,333.2
17034,16,5,1276.42,2010-07-14 12:55:00,2011-11-23 15:14:00,United Kingdom,497,255.28
17035,246,4,613.59,2009-12-03 10:37:00,2011-04-08 11:23:00,United Kingdom,491,153.4
17036,383,1,176.9,2010-11-21 14:26:00,2010-11-21 14:26:00,United Kingdom,0,176.9
17037,88,1,1267.32,2011-09-13 12:49:00,2011-09-13 12:49:00,United Kingdom,0,1267.32
17038,30,2,743.17,2010-10-20 16:04:00,2011-11-09 13:50:00,United Kingdom,384,371.58
17039,604,1,1954.99,2010-04-14 12:56:00,2010-04-14 12:56:00,United Kingdom,0,1954.99
17040,138,2,463.25,2010-06-07 15:08:00,2011-07-25 10:19:00,United Kingdom,412,231.62
17041,27,6,1655.2,2010-04-18 14:25:00,2011-11-13 11:21:00,United Kingdom,573,275.87
17042,3,5,1036.58,2011-04-06 14:53:00,2011-12-07 12:26:00,United Kingdom,244,207.32
17043,32,8,2593.65,2009-12-09 15:20:00,2011-11-07 15:33:00,United Kingdom,698,324.21
17044,25,12,11962.3,2009-12-07 12:25:00,2011-11-14 14:28:00,United Kingdom,707,996.86
17045,113,5,827.6800000000001,2010-10-06 14:52:00,2011-08-18 17:09:00,United Kingdom,316,165.54
17046,157,5,1906.07,2010-03-29 13:46:00,2011-07-05 14:24:00,United Kingdom,463,381.21
17047,85,6,2289.23,2009-12-08 08:48:00,2011-09-15 13:27:00,United Kingdom,646,381.54
17048,118,7,2071.68,2010-01-18 13:55:00,2011-08-14 11:49:00,United Kingdom,572,295.95
17049,3,19,9942.53,2010-03-04 10:23:00,2011-12-07 10:48:00,United Kingdom,643,523.29
17050,96,10,4348.46,2010-01-26 14:54:00,2011-09-04 13:48:00,United Kingdom,585,434.85
17051,194,4,706.49,2010-03-21 14:55:00,2011-05-29 14:13:00,United Kingdom,433,176.62
17052,28,1,399.09,2011-11-11 14:50:00,2011-11-11 14:50:00,United Kingdom,0,399.09
17053,131,1,498.48,2011-08-01 10:23:00,2011-08-01 10:23:00,United Kingdom,0,498.48
17054,28,5,1356.33,2011-04-08 13:14:00,2011-11-11 12:56:00,United Kingdom,216,271.27
17055,446,1,232.85,2010-09-20 12:21:00,2010-09-20 12:21:00,United Kingdom,0,232.85
17056,738,1,128.60000000000002,2009-12-01 12:55:00,2009-12-01 12:55:00,United Kingdom,0,128.6
17057,596,1,288.79,2010-04-22 19:21:00,2010-04-22 19:21:00,United Kingdom,0,288.79
17058,82,3,1179.89,2011-04-14 09:18:00,2011-09-19 10:13:00,United Kingdom,158,393.3
17059,30,9,4864.57,2010-01-26 14:43:00,2011-11-10 12:27:00,United Kingdom,652,540.51
17060,266,1,234.24,2011-03-18 13:27:00,2011-03-18 13:27:00,United Kingdom,0,234.24
17061,74,11,5232.2300000000005,2011-04-21 13:29:00,2011-09-27 11:24:00,United Kingdom,158,475.66
17062,314,6,884.71,2010-09-26 11:57:00,2011-01-30 11:01:00,United Kingdom,125,147.45
17063,21,13,3638.53,2009-12-01 12:36:00,2011-11-18 16:19:00,United Kingdom,717,279.89
17064,59,3,855.45,2011-01-16 16:10:00,2011-10-12 10:18:00,United Kingdom,268,285.15
17065,638,2,194.7,2010-03-12 11:40:00,2010-03-12 11:41:00,United Kingdom,0,97.35
17066,726,1,228.34,2009-12-13 13:24:00,2009-12-13 13:24:00,United Kingdom,0,228.34
17067,725,3,454.54,2009-12-08 12:03:00,2009-12-15 08:39:00,United Kingdom,6,151.51
17068,12,47,8980.18,2010-03-28 14:26:00,2011-11-27 13:14:00,United Kingdom,608,191.07
17069,28,14,5517.2300000000005,2009-12-03 12:27:00,2011-11-11 17:13:00,United Kingdom,708,394.09
17070,114,2,437.42,2010-10-25 15:57:00,2011-08-17 17:01:00,United Kingdom,296,218.71
17071,28,13,3793.71,2010-01-24 13:05:00,2011-11-11 16:31:00,United Kingdom,656,291.82
17072,625,1,273.35,2010-03-24 16:33:00,2010-03-24 16:33:00,United Kingdom,0,273.35
17073,18,4,1444.84,2011-08-22 14:37:00,2011-11-22 11:47:00,United Kingdom,91,361.21
17074,563,1,203.05,2010-05-26 12:04:00,2010-05-26 12:04:00,United Kingdom,0,203.05
17075,18,10,2236.63,2009-12-14 11:24:00,2011-11-22 11:58:00,United Kingdom,708,223.66
17076,36,6,1242.75,2009-12-04 12:12:00,2011-11-03 17:53:00,United Kingdom,699,207.12
17077,578,1,306.0,2010-05-10 16:36:00,2010-05-10 16:36:00,United Kingdom,0,306.0
17078,36,2,375.86,2011-11-03 18:49:00,2011-11-03 19:17:00,United Kingdom,0,187.93
17079,78,1,118.80000000000001,2011-09-22 15:34:00,2011-09-22 15:34:00,United Kingdom,0,118.8
17080,22,7,957.53,2010-07-01 16:03:00,2011-11-17 12:59:00,United Kingdom,503,136.79
17081,25,6,949.39,2010-02-22 13:19:00,2011-11-14 12:56:00,United Kingdom,629,158.23
17082,33,6,4732.03,2009-12-15 11:25:00,2011-11-06 15:17:00,United Kingdom,691,788.67
17083,109,9,4049.79,2010-02-09 11:46:00,2011-08-22 15:43:00,United Kingdom,559,449.98
17084,35,3,5001.21,2010-11-08 14:20:00,2011-11-04 14:54:00,United Kingdom,361,1667.07
17085,123,28,7839.27,2009-12-06 12:16:00,2011-08-08 14:15:00,United Kingdom,610,279.97
17086,7,6,2050.08,2011-10-07 11:22:00,2011-12-02 13:54:00,United Kingdom,56,341.68
17087,738,1,221.53,2009-12-02 10:41:00,2009-12-02 10:41:00,United Kingdom,0,221.53
17088,28,4,1991.01,2011-03-31 09:48:00,2011-11-11 14:23:00,United Kingdom,225,497.75
17089,386,1,128.45,2010-11-18 15:33:00,2010-11-18 15:33:00,United Kingdom,0,128.45
17090,4,13,3080.1800000000003,2010-07-19 16:02:00,2011-12-05 13:44:00,United Kingdom,503,236.94
17091,3,19,7495.75,2009-12-16 15:45:00,2011-12-07 10:43:00,United Kingdom,720,394.51
17092,50,11,5511.41,2010-02-02 16:42:00,2011-10-20 19:51:00,United Kingdom,625,501.04
17093,593,1,235.88,2010-04-26 10:22:00,2010-04-26 10:22:00,United Kingdom,0,235.88
17094,322,2,402.20000000000005,2010-10-12 10:48:00,2011-01-21 13:09:00,United Kingdom,101,201.1
17095,23,7,2572.25,2009-12-15 12:32:00,2011-11-17 12:21:00,United Kingdom,701,367.46
17096,15,11,3697.93,2010-06-02 14:48:00,2011-11-24 15:01:00,United Kingdom,540,336.18
17097,2,9,1143.36,2010-10-05 14:09:00,2011-12-07 17:05:00,Spain,428,127.04
17098,382,3,591.0699999999999,2010-06-17 10:30:00,2010-11-23 12:13:00,United Kingdom,159,197.02
17099,533,1,582.17,2010-06-24 16:25:00,2010-06-24 16:25:00,United Kingdom,0,582.17
17100,18,2,971.74,2011-11-21 16:36:00,2011-11-21 16:36:00,United Kingdom,0,485.87
17101,10,7,2507.05,2010-06-07 15:12:00,2011-11-29 13:57:00,United Kingdom,539,358.15
17102,262,1,25.5,2011-03-23 10:08:00,2011-03-23 10:08:00,United Kingdom,0,25.5
17103,722,1,424.3,2009-12-17 14:08:00,2009-12-17 14:08:00,United Kingdom,0,424.3
17104,424,1,474.03,2010-10-12 12:21:00,2010-10-12 12:21:00,United Kingdom,0,474.03
17105,159,2,665.78,2011-02-06 14:46:00,2011-07-03 15:53:00,United Kingdom,147,332.89
17106,389,1,481.58,2010-11-15 14:11:00,2010-11-15 14:11:00,United Kingdom,0,481.58
17107,33,10,16052.72,2010-01-31 15:47:00,2011-11-06 14:14:00,United Kingdom,643,1605.27
17108,664,1,174.95,2010-02-14 12:22:00,2010-02-14 12:22:00,United Kingdom,0,174.95
17109,29,8,1291.71,2010-07-30 12:42:00,2011-11-10 16:59:00,United Kingdom,468,161.46
17110,165,3,499.9,2010-04-08 13:32:00,2011-06-27 12:58:00,United Kingdom,444,166.63
17111,47,2,459.58,2010-10-10 15:21:00,2011-10-23 15:59:00,United Kingdom,378,229.79
17112,503,1,197.57,2010-07-25 11:14:00,2010-07-25 11:14:00,United Kingdom,0,197.57
17113,574,6,2305.59,2010-01-11 10:14:00,2010-05-14 13:59:00,United Kingdom,123,384.27
17114,6,8,801.12,2011-01-09 11:39:00,2011-12-04 12:17:00,United Kingdom,329,100.14
17115,8,7,2761.4900000000002,2009-12-05 12:13:00,2011-12-01 14:30:00,United Kingdom,726,394.5
17116,648,1,389.78,2010-03-01 16:29:00,2010-03-01 16:29:00,United Kingdom,0,389.78
17117,288,1,116.19999999999999,2011-02-24 13:54:00,2011-02-24 13:54:00,United Kingdom,0,116.2
17118,318,1,157.02,2011-01-26 12:19:00,2011-01-26 12:19:00,United Kingdom,0,157.02
17119,3,2,606.91,2011-10-11 11:03:00,2011-12-06 14:40:00,United Kingdom,56,303.46
17120,233,1,307.46,2011-04-20 15:21:00,2011-04-20 15:21:00,United Kingdom,0,307.46
17121,403,1,314.74,2010-11-02 11:47:00,2010-11-02 11:47:00,United Kingdom,0,314.74
17122,119,4,570.5,2010-07-28 09:34:00,2011-08-12 14:33:00,United Kingdom,380,142.62
17123,162,3,966.67,2010-05-16 11:52:00,2011-07-01 10:47:00,United Kingdom,410,322.22
17124,185,1,294.24,2011-06-07 14:02:00,2011-06-07 14:02:00,United Kingdom,0,294.24
17125,50,1,230.5,2011-10-20 14:41:00,2011-10-20 14:41:00,United Kingdom,0,230.5
17126,152,9,2008.93,2010-08-31 13:41:00,2011-07-10 13:52:00,United Kingdom,313,223.21
17127,429,5,1155.0300000000002,2009-12-04 15:18:00,2010-10-07 09:54:00,United Kingdom,306,231.01
17128,335,1,157.09,2011-01-09 12:02:00,2011-01-09 12:02:00,United Kingdom,0,157.09
17129,520,1,31.85,2010-07-07 13:46:00,2010-07-07 13:46:00,United Kingdom,0,31.85
17131,5,5,2463.17,2011-09-25 12:42:00,2011-12-04 12:52:00,United Kingdom,70,492.63
17132,452,2,1220.9099999999999,2010-08-08 13:49:00,2010-09-13 16:31:00,United Kingdom,36,610.45
17133,16,12,14622.33,2010-03-21 12:31:00,2011-11-24 12:27:00,United Kingdom,612,1218.53
17134,107,3,625.3,2010-09-23 18:32:00,2011-08-25 09:53:00,United Kingdom,335,208.43
17135,16,10,1716.3799999999999,2010-05-09 16:03:00,2011-11-23 16:48:00,United Kingdom,563,171.64
17136,662,1,231.68,2010-02-15 13:13:00,2010-02-15 13:13:00,United Kingdom,0,231.68
17137,416,6,1099.81,2010-01-31 12:27:00,2010-10-19 14:51:00,United Kingdom,261,183.3
17138,276,7,4417.27,2010-02-04 14:19:00,2011-03-09 11:54:00,United Kingdom,397,631.04
17139,16,25,19566.76,2010-01-11 11:31:00,2011-11-24 10:12:00,United Kingdom,681,782.67
17140,247,1,454.12,2011-04-06 13:33:00,2011-04-06 13:33:00,United Kingdom,0,454.12
17141,418,4,727.58,2010-01-24 14:19:00,2010-10-17 14:54:00,United Kingdom,266,181.9
17142,239,4,1275.25,2010-01-24 15:23:00,2011-04-14 18:22:00,United Kingdom,445,318.81
17143,417,2,880.97,2010-07-12 13:26:00,2010-10-18 15:27:00,United Kingdom,98,440.48
17144,1,2,984.57,2011-09-16 12:50:00,2011-12-08 17:57:00,United Kingdom,83,492.28
17145,513,4,3120.91,2010-02-19 12:07:00,2010-07-15 09:02:00,United Kingdom,145,780.23
17146,106,13,5852.64,2010-02-02 09:39:00,2011-08-26 12:44:00,United Kingdom,570,450.2
17147,23,9,3199.95,2010-01-11 09:38:00,2011-11-17 12:32:00,United Kingdom,675,355.55
17148,52,1,124.88,2011-10-19 09:59:00,2011-10-19 09:59:00,United Kingdom,0,124.88
17149,451,1,143.10000000000002,2010-09-14 14:56:00,2010-09-14 14:56:00,United Kingdom,0,143.1
17150,377,6,1357.95,2009-12-06 10:51:00,2010-11-28 11:27:00,United Kingdom,357,226.32
17151,735,1,231.90000000000003,2009-12-04 14:56:00,2009-12-04 14:56:00,United Kingdom,0,231.9
17152,195,4,2016.5,2010-10-10 12:40:00,2011-05-29 12:19:00,United Kingdom,230,504.12
17153,24,1,213.78,2011-11-15 13:42:00,2011-11-15 13:42:00,United Kingdom,0,213.78
17154,75,1,329.34,2011-09-25 13:42:00,2011-09-25 13:42:00,United Kingdom,0,329.34
17155,18,7,892.46,2009-12-03 11:34:00,2011-11-22 12:38:00,United Kingdom,719,127.49
17156,492,1,591.87,2010-08-05 11:30:00,2010-08-05 11:30:00,United Kingdom,0,591.87
17157,8,19,5151.9,2009-12-04 13:00:00,2011-12-02 09:10:00,United Kingdom,727,271.15
17158,32,5,1980.0,2010-03-07 15:50:00,2011-11-07 15:15:00,United Kingdom,609,396.0
17159,22,5,2099.59,2010-03-04 14:53:00,2011-11-18 10:52:00,United Kingdom,623,419.92
17160,31,17,10209.16,2009-12-04 10:57:00,2011-11-08 14:05:00,United Kingdom,704,600.54
17161,444,1,856.01,2010-09-21 16:44:00,2010-09-21 16:44:00,United Kingdom,0,856.01
17162,29,10,1715.46,2011-02-07 12:27:00,2011-11-11 11:34:00,United Kingdom,276,171.55
17163,22,4,699.78,2010-02-02 10:39:00,2011-11-18 08:57:00,United Kingdom,653,174.94
17164,33,7,2467.35,2011-03-11 14:26:00,2011-11-07 09:14:00,United Kingdom,240,352.48
17165,284,6,1794.32,2009-12-11 09:18:00,2011-02-28 16:39:00,United Kingdom,444,299.05
17166,39,2,206.34,2011-05-20 08:18:00,2011-11-01 09:46:00,United Kingdom,165,103.17
17167,380,3,867.11,2010-09-20 14:02:00,2010-11-25 10:05:00,United Kingdom,65,289.04
17168,499,1,400.2,2010-07-29 12:33:00,2010-07-29 12:33:00,United Kingdom,0,400.2
17169,58,3,1156.73,2010-05-10 13:00:00,2011-10-13 10:25:00,United Kingdom,520,385.58
17170,374,2,178.68,2010-11-15 16:23:00,2010-11-30 15:55:00,United Kingdom,14,89.34
17171,289,2,384.59,2010-02-16 12:02:00,2011-02-23 16:37:00,United Kingdom,372,192.3
17172,79,3,956.5699999999999,2009-12-13 11:46:00,2011-09-22 09:36:00,United Kingdom,647,318.86
17173,5,8,3766.6,2011-07-31 15:26:00,2011-12-04 14:40:00,United Kingdom,125,470.82
17174,218,1,59.9,2011-05-06 11:47:00,2011-05-06 11:47:00,United Kingdom,0,59.9
17175,44,4,1443.69,2011-02-16 14:56:00,2011-10-26 15:31:00,United Kingdom,252,360.92
17176,202,3,902.3199999999999,2010-01-31 15:49:00,2011-05-22 12:41:00,United Kingdom,475,300.77
17177,505,1,119.5,2010-07-22 14:53:00,2010-07-22 14:53:00,United Kingdom,0,119.5
17178,731,1,432.96,2009-12-08 16:20:00,2009-12-08 16:20:00,United Kingdom,0,432.96
17179,178,6,1507.26,2010-05-26 11:22:00,2011-06-14 16:48:00,United Kingdom,384,251.21
17180,56,11,2236.77,2010-01-21 17:43:00,2011-10-14 15:46:00,United Kingdom,630,203.34
17181,57,3,309.85,2010-04-23 11:21:00,2011-10-13 14:48:00,United Kingdom,538,103.28
17182,423,2,321.3,2009-12-21 15:22:00,2010-10-13 10:09:00,United Kingdom,295,160.65
17183,8,6,3347.31,2011-08-26 15:25:00,2011-12-02 10:07:00,United Kingdom,97,557.88
17184,569,2,198.41000000000003,2009-12-09 14:17:00,2010-05-19 14:24:00,United Kingdom,161,99.21
17185,592,3,229.46,2010-04-20 13:49:00,2010-04-27 12:15:00,United Kingdom,6,76.49
17186,47,2,144.0,2011-10-10 12:52:00,2011-10-24 10:20:00,United Kingdom,13,72.0
17187,227,2,467.71,2010-07-01 14:38:00,2011-04-27 12:39:00,United Kingdom,299,233.86
17188,11,13,4592.93,2009-12-08 19:16:00,2011-11-28 13:53:00,United Kingdom,719,353.3
17189,106,5,953.63,2009-12-02 11:45:00,2011-08-25 19:39:00,United Kingdom,631,190.73
17190,59,7,1724.73,2010-03-05 13:21:00,2011-10-12 11:33:00,United Kingdom,585,246.39
17191,28,15,4310.34,2009-12-01 16:34:00,2011-11-11 16:58:00,United Kingdom,710,287.36
17192,536,1,75.28,2010-06-21 16:07:00,2010-06-21 16:07:00,United Kingdom,0,75.28
17193,36,9,2310.04,2009-12-02 10:02:00,2011-11-04 12:47:00,United Kingdom,702,256.67
17194,361,2,776.66,2010-06-27 13:16:00,2010-12-14 12:06:00,United Kingdom,169,388.33
17195,655,1,562.98,2010-02-22 13:05:00,2010-02-22 13:05:00,United Kingdom,0,562.98
17196,428,1,327.75,2010-10-08 11:31:00,2010-10-08 11:31:00,United Kingdom,0,327.75
17197,30,1,1013.01,2011-11-10 10:32:00,2011-11-10 10:32:00,United Kingdom,0,1013.01
17198,24,3,692.22,2010-12-03 14:54:00,2011-11-16 10:39:00,United Kingdom,347,230.74
17199,582,1,135.04000000000002,2010-05-06 13:53:00,2010-05-06 13:53:00,United Kingdom,0,135.04
17200,387,4,356.71,2010-02-25 13:23:00,2010-11-17 13:04:00,United Kingdom,264,89.18
17201,54,4,1132.6,2010-02-10 12:26:00,2011-10-17 11:55:00,United Kingdom,613,283.15
17202,421,1,160.65,2010-10-15 11:25:00,2010-10-15 11:25:00,United Kingdom,0,160.65
17203,36,10,5564.09,2010-11-16 12:52:00,2011-11-04 12:27:00,United Kingdom,352,556.41
17204,175,9,5504.6900000000005,2010-06-10 11:37:00,2011-06-17 14:46:00,United Kingdom,372,611.63
17205,54,3,999.35,2010-05-24 15:36:00,2011-10-17 12:46:00,United Kingdom,510,333.12
17206,53,1,204.24,2011-10-17 13:25:00,2011-10-17 13:25:00,United Kingdom,0,204.24
17207,652,1,291.77,2010-02-25 19:08:00,2010-02-25 19:08:00,United Kingdom,0,291.77
17208,396,1,111.15,2010-11-09 12:50:00,2010-11-09 12:50:00,United Kingdom,0,111.15
17209,649,3,595.7,2009-12-03 11:10:00,2010-02-28 16:01:00,United Kingdom,87,198.57
17210,393,1,251.72,2010-11-12 12:15:00,2010-11-12 12:15:00,United Kingdom,0,251.72
17211,27,13,3773.35,2009-12-13 13:17:00,2011-11-13 12:03:00,United Kingdom,699,290.26
17212,253,3,794.41,2010-08-10 09:22:00,2011-03-31 19:42:00,United Kingdom,233,264.8
17213,40,13,4869.400000000001,2009-12-15 10:28:00,2011-10-30 14:53:00,United Kingdom,684,374.57
17214,60,6,1059.1200000000001,2010-12-15 15:14:00,2011-10-10 13:17:00,United Kingdom,298,176.52
17215,464,1,186.15,2010-09-01 13:39:00,2010-09-01 13:39:00,United Kingdom,0,186.15
17216,554,1,63.6,2010-06-03 13:03:00,2010-06-03 13:03:00,United Kingdom,0,63.6
17217,234,2,210.1,2010-03-30 13:35:00,2011-04-19 17:19:00,United Kingdom,385,105.05
17218,4,18,3889.39,2010-01-25 16:12:00,2011-12-05 13:52:00,United Kingdom,678,216.08
17219,32,2,259.13,2010-10-19 11:29:00,2011-11-08 11:25:00,United Kingdom,384,129.56
17220,24,21,4451.41,2010-01-20 11:57:00,2011-11-15 13:47:00,United Kingdom,664,211.97
17221,7,5,976.62,2010-04-11 15:34:00,2011-12-02 13:35:00,United Kingdom,599,195.32
17222,65,6,1563.6100000000001,2010-01-10 15:24:00,2011-10-05 13:58:00,United Kingdom,632,260.6
17223,310,3,523.04,2010-11-29 17:19:00,2011-02-02 15:57:00,United Kingdom,64,174.35
17224,501,1,100.86,2010-07-26 13:30:00,2010-07-26 13:30:00,United Kingdom,0,100.86
17225,582,1,131.15,2010-05-07 11:38:00,2010-05-07 11:38:00,United Kingdom,0,131.15
17226,309,3,895.47,2010-02-12 14:31:00,2011-02-04 11:52:00,United Kingdom,356,298.49
17227,19,12,1878.93,2010-01-15 15:05:00,2011-11-21 10:51:00,United Kingdom,674,156.58
17228,16,13,2820.03,2010-03-12 11:54:00,2011-11-24 10:24:00,United Kingdom,621,216.93
17229,96,2,318.76,2011-07-20 12:38:00,2011-09-04 13:56:00,United Kingdom,46,159.38
17230,264,18,9388.49,2009-12-08 13:41:00,2011-03-20 16:12:00,United Kingdom,467,521.58
17231,12,25,7064.8,2009-12-07 16:38:00,2011-11-27 15:18:00,United Kingdom,719,282.59
17232,3,2,417.77,2011-11-25 12:24:00,2011-12-07 12:21:00,United Kingdom,11,208.88
17233,35,3,560.86,2009-12-15 12:03:00,2011-11-04 14:06:00,United Kingdom,689,186.95
17234,183,1,149.89000000000001,2011-06-10 11:20:00,2011-06-10 11:20:00,United Kingdom,0,149.89
17235,25,8,1562.98,2010-06-04 17:01:00,2011-11-14 15:51:00,United Kingdom,527,195.37
17236,13,12,1929.26,2010-03-07 13:00:00,2011-11-27 12:00:00,United Kingdom,629,160.77
17237,11,4,994.13,2010-11-23 11:45:00,2011-11-28 15:02:00,United Kingdom,370,248.53
17238,3,32,7331.17,2009-12-01 10:59:00,2011-12-07 11:35:00,United Kingdom,736,229.1
17239,313,4,1189.45,2010-07-01 10:53:00,2011-01-31 09:41:00,United Kingdom,213,297.36
17240,596,1,130.6,2010-04-22 15:44:00,2010-04-22 15:44:00,United Kingdom,0,130.6
17241,385,12,2736.64,2010-02-15 14:47:00,2010-11-19 13:01:00,United Kingdom,276,228.05
17242,108,5,2889.28,2010-01-24 10:27:00,2011-08-23 14:55:00,United Kingdom,576,577.86
17243,1,69,20184.68,2009-12-01 15:36:00,2011-12-08 13:26:00,United Kingdom,736,292.53
17244,53,5,1826.04,2009-12-06 11:27:00,2011-10-17 15:19:00,United Kingdom,680,365.21
17245,205,2,371.63,2010-01-19 15:39:00,2011-05-19 10:43:00,United Kingdom,484,185.82
17246,547,2,38.92,2009-12-01 17:45:00,2010-06-11 12:36:00,United Kingdom,191,19.46
17247,15,1,280.09000000000003,2011-11-24 15:21:00,2011-11-24 15:21:00,United Kingdom,0,280.09
17248,120,2,500.54,2010-08-15 11:55:00,2011-08-11 13:34:00,United Kingdom,361,250.27
17249,429,1,68.03,2010-10-07 11:33:00,2010-10-07 11:33:00,United Kingdom,0,68.03
17250,4,2,381.97,2011-03-23 16:45:00,2011-12-06 12:15:00,United Kingdom,257,190.98
17251,363,3,798.98,2009-12-15 10:36:00,2010-12-12 11:06:00,United Kingdom,362,266.33
17252,117,2,348.91,2011-06-06 16:41:00,2011-08-15 09:45:00,United Kingdom,69,174.46
17253,18,1,178.26,2011-11-21 12:59:00,2011-11-21 12:59:00,United Kingdom,0,178.26
17254,5,3,469.48,2010-11-03 14:00:00,2011-12-05 12:46:00,United Kingdom,396,156.49
17255,41,4,781.7,2010-09-19 15:53:00,2011-10-30 12:18:00,United Kingdom,405,195.42
17256,107,5,498.93,2010-04-18 13:40:00,2011-08-24 13:30:00,United Kingdom,492,99.79
17257,436,2,189.78,2010-09-29 12:49:00,2010-09-29 12:51:00,United Kingdom,0,94.89
17258,397,2,417.3,2010-02-12 15:51:00,2010-11-08 12:37:00,United Kingdom,268,208.65
17259,148,6,1452.39,2010-02-22 13:38:00,2011-07-14 15:01:00,United Kingdom,507,242.07
17260,411,1,120.95,2010-10-24 13:21:00,2010-10-24 13:21:00,United Kingdom,0,120.95
17261,510,1,221.59,2010-07-18 11:49:00,2010-07-18 11:49:00,United Kingdom,0,221.59
17262,52,11,2488.76,2009-12-15 11:26:00,2011-10-18 12:56:00,United Kingdom,672,226.25
17263,208,1,63.440000000000005,2011-05-15 14:32:00,2011-05-15 14:32:00,United Kingdom,0,63.44
17264,424,1,268.28,2010-10-11 12:52:00,2010-10-11 12:52:00,United Kingdom,0,268.28
17265,139,2,550.01,2011-06-12 12:00:00,2011-07-24 10:49:00,United Kingdom,41,275.0
17266,2,5,501.71999999999997,2010-03-09 10:42:00,2011-12-07 14:12:00,United Kingdom,638,100.34
17267,127,2,317.2,2011-08-04 17:19:00,2011-08-04 17:22:00,United Kingdom,0,158.6
17268,108,11,1733.8899999999999,2009-12-08 11:46:00,2011-08-24 10:06:00,United Kingdom,623,157.63
17269,386,1,491.81,2010-11-19 11:12:00,2010-11-19 11:12:00,United Kingdom,0,491.81
17270,469,2,601.4499999999999,2009-12-07 17:18:00,2010-08-27 14:09:00,United Kingdom,262,300.72
17271,736,1,204.3,2009-12-03 13:49:00,2009-12-03 13:49:00,United Kingdom,0,204.3
17272,42,4,2148.63,2011-03-22 12:05:00,2011-10-28 16:37:00,United Kingdom,220,537.16
17273,424,1,141.12,2010-10-11 15:57:00,2010-10-11 15:57:00,United Kingdom,0,141.12
17274,35,2,573.22,2010-11-09 12:06:00,2011-11-04 13:16:00,United Kingdom,360,286.61
17275,383,1,114.1,2010-11-21 13:26:00,2010-11-21 13:26:00,United Kingdom,0,114.1
17276,402,1,501.24,2010-11-02 16:20:00,2010-11-02 16:20:00,United Kingdom,0,501.24
17277,228,2,1065.3500000000001,2011-01-21 12:37:00,2011-04-26 12:47:00,United Kingdom,95,532.68
17278,241,2,271.24,2010-05-23 13:49:00,2011-04-12 13:10:00,United Kingdom,323,135.62
17279,58,1,187.82999999999998,2011-10-13 11:58:00,2011-10-13 11:58:00,United Kingdom,0,187.83
17280,438,1,118.85999999999999,2010-09-27 16:46:00,2010-09-27 16:46:00,United Kingdom,0,118.86
17281,374,6,797.8499999999999,2010-02-04 13:00:00,2010-11-30 18:05:00,United Kingdom,299,132.98
17282,130,5,2308.54,2010-06-09 12:07:00,2011-08-01 14:29:00,United Kingdom,418,461.71
17283,379,1,188.46,2010-11-26 11:53:00,2010-11-26 11:53:00,United Kingdom,0,188.46
17284,60,7,2558.6,2010-11-15 17:14:00,2011-10-10 14:38:00,United Kingdom,328,365.51
17285,628,2,400.44,2010-02-14 14:10:00,2010-03-21 13:38:00,United Kingdom,34,200.22
17286,22,3,389.18,2010-11-04 13:43:00,2011-11-18 12:47:00,United Kingdom,378,129.73
17287,26,21,3826.86,2009-12-03 12:45:00,2011-11-13 13:27:00,United Kingdom,710,182.23
17288,9,11,2468.43,2010-11-10 14:44:00,2011-11-30 16:09:00,United Kingdom,385,224.4
17289,32,9,2041.8,2010-03-08 12:52:00,2011-11-08 12:01:00,United Kingdom,609,226.87
17290,4,8,1427.48,2009-12-13 13:28:00,2011-12-06 12:38:00,United Kingdom,722,178.44
17291,308,1,550.8000000000001,2011-02-04 13:04:00,2011-02-04 13:04:00,United Kingdom,0,550.8
17292,472,2,271.75,2010-05-09 14:52:00,2010-08-24 17:14:00,United Kingdom,107,135.88
17293,8,17,3750.63,2009-12-03 15:09:00,2011-12-01 14:37:00,United Kingdom,727,220.63
17294,669,2,467.78999999999996,2010-02-08 14:21:00,2010-02-08 16:12:00,United Kingdom,0,233.9
17295,29,3,547.0,2011-10-06 12:22:00,2011-11-11 10:49:00,United Kingdom,35,182.33
17296,730,1,338.13,2009-12-09 14:01:00,2009-12-09 14:01:00,United Kingdom,0,338.13
17297,17,1,128.18,2011-11-22 14:43:00,2011-11-22 14:43:00,United Kingdom,0,128.18
17298,101,5,938.36,2010-03-08 08:56:00,2011-08-30 16:43:00,United Kingdom,540,187.67
17299,12,6,993.23,2010-08-15 16:00:00,2011-11-28 12:01:00,United Kingdom,469,165.54
17300,391,2,393.64,2010-08-15 11:02:00,2010-11-14 10:56:00,United Kingdom,90,196.82
17301,21,2,294.39,2010-03-25 13:16:00,2011-11-18 13:43:00,United Kingdom,603,147.2
17302,15,5,1135.63,2011-02-07 10:14:00,2011-11-25 09:36:00,United Kingdom,290,227.13
17303,361,1,250.04,2010-12-13 13:32:00,2010-12-13 13:32:00,United Kingdom,0,250.04
17304,534,1,111.5,2010-06-23 16:23:00,2010-06-23 16:23:00,United Kingdom,0,111.5
17305,649,1,2135.46,2010-03-01 12:47:00,2010-03-01 12:47:00,United Kingdom,0,2135.46
17306,11,21,9782.35,2010-11-01 11:38:00,2011-11-29 12:14:00,United Kingdom,393,465.83
17307,395,11,3999.8900000000003,2010-01-19 16:38:00,2010-11-09 13:40:00,United Kingdom,293,363.63
17308,393,2,4511.76,2010-09-13 09:35:00,2010-11-11 13:19:00,United Kingdom,59,2255.88
17309,95,3,320.39,2010-02-04 15:49:00,2011-09-05 15:20:00,United Kingdom,577,106.8
17310,387,2,1025.1,2010-06-23 11:38:00,2010-11-17 16:00:00,United Kingdom,147,512.55
17311,78,6,3566.56,2010-02-03 12:38:00,2011-09-22 14:11:00,United Kingdom,596,594.43
17312,139,3,644.3,2011-07-03 13:12:00,2011-07-24 11:52:00,United Kingdom,20,214.77
17313,31,1,2328.84,2011-11-08 15:45:00,2011-11-08 15:45:00,United Kingdom,0,2328.84
17314,25,17,4904.43,2009-12-03 11:25:00,2011-11-15 09:41:00,United Kingdom,711,288.5
17315,2,41,9559.5,2010-09-27 12:45:00,2011-12-08 12:15:00,United Kingdom,436,233.16
17316,420,1,124.45,2010-10-15 14:35:00,2010-10-15 14:35:00,United Kingdom,0,124.45
17317,46,3,2600.34,2011-09-11 12:45:00,2011-10-24 17:19:00,United Kingdom,43,866.78
17318,725,1,157.32999999999998,2009-12-14 13:11:00,2009-12-14 13:11:00,United Kingdom,0,157.33
17319,669,1,29.1,2010-02-08 15:47:00,2010-02-08 15:47:00,United Kingdom,0,29.1
17320,100,6,2444.85,2010-01-21 16:29:00,2011-08-31 13:31:00,United Kingdom,586,407.48
17321,8,6,1665.21,2010-05-11 12:10:00,2011-12-01 13:41:00,United Kingdom,569,277.54
17322,376,5,922.59,2009-12-03 11:46:00,2010-11-28 14:41:00,United Kingdom,360,184.52
17323,15,12,1547.64,2010-01-10 11:58:00,2011-11-24 17:29:00,United Kingdom,683,128.97
17324,18,12,2171.07,2009-12-18 15:29:00,2011-11-22 10:34:00,United Kingdom,703,180.92
17325,280,3,609.5699999999999,2010-03-08 11:31:00,2011-03-04 13:09:00,United Kingdom,361,203.19
17326,408,2,312.35,2010-06-28 14:05:00,2010-10-27 15:38:00,United Kingdom,121,156.18
17327,410,2,152.35,2010-05-26 11:20:00,2010-10-26 09:54:00,United Kingdom,152,76.18
17328,673,1,104.7,2010-02-04 17:11:00,2010-02-04 17:11:00,United Kingdom,0,104.7
17329,14,5,998.53,2009-12-03 16:09:00,2011-11-25 14:24:00,United Kingdom,721,199.71
17330,23,4,423.8,2010-03-02 09:20:00,2011-11-17 08:56:00,United Kingdom,624,105.95
17331,124,1,175.2,2011-08-08 11:55:00,2011-08-08 11:55:00,United Kingdom,0,175.2
17332,528,5,827.77,2010-02-21 14:41:00,2010-06-29 16:10:00,United Kingdom,128,165.55
17333,86,1,494.25,2011-09-15 10:11:00,2011-09-15 10:11:00,United Kingdom,0,494.25
17334,302,3,635.15,2010-10-29 12:16:00,2011-02-10 14:59:00,United Kingdom,104,211.72
17335,384,2,497.04,2010-01-24 11:15:00,2010-11-21 10:17:00,United Kingdom,300,248.52
17336,472,1,81.12,2010-08-24 15:37:00,2010-08-24 15:37:00,United Kingdom,0,81.12
17337,151,4,1979.61,2011-02-02 17:06:00,2011-07-11 14:55:00,United Kingdom,158,494.9
17338,17,17,11880.54,2010-03-10 16:09:00,2011-11-22 14:23:00,United Kingdom,621,698.86
17339,94,3,302.36,2010-07-18 13:08:00,2011-09-06 13:29:00,United Kingdom,415,100.79
17340,30,18,19617.95,2010-02-14 14:54:00,2011-11-10 10:45:00,United Kingdom,633,1089.89
17341,157,5,1272.21,2010-06-17 18:17:00,2011-07-06 12:33:00,United Kingdom,383,254.44
17342,380,4,1227.54,2010-02-08 09:16:00,2010-11-25 11:07:00,United Kingdom,290,306.88
17343,355,6,1259.94,2009-12-03 18:30:00,2010-12-19 15:07:00,United Kingdom,380,209.99
17344,46,2,457.36,2009-12-11 12:31:00,2011-10-24 12:56:00,United Kingdom,682,228.68
17345,15,10,1586.6299999999999,2009-12-01 16:17:00,2011-11-24 15:03:00,United Kingdom,722,158.66
17346,4,26,4991.41,2010-04-18 12:18:00,2011-12-06 12:18:00,United Kingdom,597,191.98
17347,86,1,228.96,2011-09-14 13:12:00,2011-09-14 13:12:00,United Kingdom,0,228.96
17348,15,9,2430.99,2010-03-10 12:13:00,2011-11-25 11:25:00,United Kingdom,624,270.11
17349,179,5,772.41,2010-03-18 14:26:00,2011-06-13 14:29:00,United Kingdom,452,154.48
17350,8,7,1893.7,2010-02-01 15:38:00,2011-12-01 15:47:00,United Kingdom,668,270.53
17351,36,12,1964.38,2009-12-10 18:43:00,2011-11-03 18:45:00,United Kingdom,693,163.7
17352,696,1,36.25,2010-01-12 16:13:00,2010-01-12 16:13:00,United Kingdom,0,36.25
17353,129,4,3242.0,2010-03-25 12:52:00,2011-08-02 17:19:00,United Kingdom,495,810.5
17354,51,4,3133.96,2010-10-07 13:22:00,2011-10-20 10:34:00,United Kingdom,377,783.49
17355,386,1,273.31,2010-11-18 13:18:00,2010-11-18 13:18:00,United Kingdom,0,273.31
17356,312,5,946.47,2010-01-20 12:14:00,2011-02-01 11:07:00,United Kingdom,376,189.29
17357,24,2,384.39,2011-11-15 16:29:00,2011-11-15 16:30:00,United Kingdom,0,192.2
17358,303,5,861.01,2010-02-24 16:42:00,2011-02-09 16:57:00,United Kingdom,350,172.2
17359,11,2,284.46,2010-03-01 14:48:00,2011-11-28 14:37:00,United Kingdom,636,142.23
17360,17,6,1200.51,2010-10-01 12:07:00,2011-11-22 13:11:00,United Kingdom,417,200.08
17361,49,5,871.79,2010-02-01 14:30:00,2011-10-21 15:43:00,United Kingdom,627,174.36
17362,239,7,1024.04,2010-01-06 10:53:00,2011-04-14 14:43:00,United Kingdom,463,146.29
17363,395,3,920.46,2010-11-02 17:25:00,2010-11-09 17:11:00,United Kingdom,6,306.82
17364,1,27,11614.45,2009-12-07 15:28:00,2011-12-09 09:00:00,United Kingdom,731,430.16
17365,13,15,8179.45,2010-02-01 11:56:00,2011-11-27 12:13:00,United Kingdom,664,545.3
17366,432,2,1077.24,2010-09-09 19:46:00,2010-10-03 16:04:00,United Kingdom,23,538.62
17367,238,1,167.55,2011-04-15 14:21:00,2011-04-15 14:21:00,United Kingdom,0,167.55
17368,23,14,2758.29,2009-12-15 17:45:00,2011-11-16 15:26:00,United Kingdom,700,197.02
17369,456,1,979.1999999999999,2010-09-10 09:49:00,2010-09-10 09:49:00,United Kingdom,0,979.2
17370,73,4,446.18,2011-06-23 11:50:00,2011-09-28 10:14:00,United Kingdom,96,111.54
17371,17,6,651.37,2009-12-08 12:25:00,2011-11-22 13:30:00,United Kingdom,714,108.56
17372,41,27,4316.46,2009-12-03 18:41:00,2011-10-30 11:37:00,United Kingdom,695,159.87
17373,40,7,1167.5,2010-02-28 14:17:00,2011-10-30 15:28:00,United Kingdom,609,166.79
17374,219,3,727.11,2010-11-09 17:14:00,2011-05-05 09:05:00,United Kingdom,176,242.37
17375,199,4,660.55,2010-10-04 09:14:00,2011-05-24 15:45:00,United Kingdom,232,165.14
17376,71,4,453.64,2010-07-05 11:11:00,2011-09-30 12:36:00,United Kingdom,452,113.41
17377,24,78,17639.23,2009-12-02 12:39:00,2011-11-16 11:17:00,United Kingdom,713,226.14
17378,374,1,10.95,2010-11-30 18:46:00,2010-11-30 18:46:00,United Kingdom,0,10.95
17379,11,1,389.71999999999997,2011-11-28 13:56:00,2011-11-28 13:56:00,United Kingdom,0,389.72
17380,434,3,645.0,2010-06-23 11:24:00,2010-10-01 16:42:00,United Kingdom,100,215.0
17381,9,38,36398.65,2010-06-09 12:55:00,2011-12-01 11:59:00,United Kingdom,539,957.86
17382,65,8,902.28,2010-05-19 11:33:00,2011-10-05 13:05:00,United Kingdom,504,112.78
17383,4,2,304.09,2010-09-12 14:54:00,2011-12-05 17:36:00,United Kingdom,449,152.04
17384,19,3,507.55,2010-08-29 16:01:00,2011-11-20 15:48:00,United Kingdom,447,169.18
17385,15,1,256.11,2011-11-25 11:02:00,2011-11-25 11:02:00,United Kingdom,0,256.11
17386,8,7,2812.77,2010-11-19 13:40:00,2011-12-02 11:28:00,United Kingdom,377,401.82
17387,20,2,746.81,2011-11-06 11:25:00,2011-11-20 11:00:00,United Kingdom,13,373.4
17388,78,11,2675.37,2009-12-10 11:45:00,2011-09-23 10:31:00,United Kingdom,651,243.22
17389,1,61,57215.33,2009-12-04 12:06:00,2011-12-09 09:38:00,United Kingdom,734,937.96
17390,421,1,149.3,2010-10-15 11:29:00,2010-10-15 11:29:00,United Kingdom,0,149.3
17391,164,2,508.8,2011-06-28 12:21:00,2011-06-29 09:58:00,United Kingdom,0,254.4
17392,307,3,579.92,2010-09-15 16:17:00,2011-02-06 12:48:00,United Kingdom,143,193.31
17393,411,2,381.15,2010-08-08 15:53:00,2010-10-25 11:10:00,United Kingdom,77,190.58
17394,219,1,203.86999999999998,2011-05-04 13:22:00,2011-05-04 13:22:00,United Kingdom,0,203.87
17395,508,1,97.5,2010-07-19 15:34:00,2010-07-19 15:34:00,United Kingdom,0,97.5
17396,39,13,8391.6,2010-09-24 13:04:00,2011-10-31 14:12:00,United Kingdom,402,645.51
17397,22,3,1198.28,2010-10-19 13:20:00,2011-11-17 14:08:00,United Kingdom,394,399.43
17398,115,3,653.38,2011-03-29 13:04:00,2011-08-17 09:48:00,United Kingdom,140,217.79
17400,126,8,4623.28,2009-12-17 15:41:00,2011-08-05 15:38:00,United Kingdom,595,577.91
17401,541,1,114.85,2010-06-16 16:54:00,2010-06-16 16:54:00,United Kingdom,0,114.85
17402,5,22,4600.5599999999995,2009-12-16 17:40:00,2011-12-05 10:15:00,United Kingdom,718,209.12
17403,36,2,382.87,2010-09-15 12:29:00,2011-11-03 15:18:00,United Kingdom,414,191.44
17404,4,21,47638.12,2010-01-07 11:31:00,2011-12-05 16:26:00,Sweden,697,2268.48
17405,1,3,1031.41,2011-07-12 14:17:00,2011-12-08 17:12:00,United Kingdom,149,343.8
17406,333,13,4186.95,2009-12-06 13:45:00,2011-01-10 15:07:00,United Kingdom,400,322.07
17407,412,1,552.9,2010-10-24 11:57:00,2010-10-24 11:57:00,United Kingdom,0,552.9
17408,163,3,316.09000000000003,2010-07-13 14:02:00,2011-06-29 12:53:00,United Kingdom,350,105.36
17409,185,10,7793.51,2009-12-11 12:17:00,2011-06-08 10:36:00,United Kingdom,543,779.35
17410,16,5,1214.72,2011-05-08 15:21:00,2011-11-23 15:46:00,United Kingdom,199,242.94
17411,12,5,1425.38,2009-12-03 12:02:00,2011-11-27 14:25:00,United Kingdom,724,285.08
17412,3,16,4220.22,2009-12-02 13:51:00,2011-12-07 11:36:00,United Kingdom,734,263.76
17413,405,2,560.14,2010-05-19 11:11:00,2010-10-31 12:33:00,United Kingdom,165,280.07
17414,44,6,2249.52,2009-12-03 16:49:00,2011-10-27 12:13:00,United Kingdom,692,374.92
17415,80,1,507.84,2011-09-21 12:50:00,2011-09-21 12:50:00,United Kingdom,0,507.84
17416,30,22,17298.45,2009-12-14 16:29:00,2011-11-10 12:47:00,United Kingdom,695,786.29
17417,549,1,164.18,2010-06-09 10:00:00,2010-06-09 10:00:00,United Kingdom,0,164.18
17418,42,3,670.0600000000001,2010-11-17 13:42:00,2011-10-28 13:00:00,United Kingdom,344,223.35
17419,11,18,6126.25,2010-01-25 13:19:00,2011-11-28 13:47:00,United Kingdom,672,340.35
17420,50,6,953.58,2010-11-03 13:09:00,2011-10-20 14:52:00,United Kingdom,351,158.93
17421,386,3,1059.41,2009-12-04 15:43:00,2010-11-18 16:57:00,United Kingdom,349,353.14
17422,16,11,3594.76,2010-06-23 10:19:00,2011-11-23 13:27:00,United Kingdom,518,326.8
17423,46,3,1118.95,2010-11-11 12:26:00,2011-10-24 13:36:00,United Kingdom,347,372.98
17425,19,2,759.17,2011-10-10 11:37:00,2011-11-20 15:30:00,United Kingdom,41,379.58
17426,8,13,8077.77,2010-02-17 13:39:00,2011-12-01 18:07:00,United Kingdom,652,621.37
17427,72,1,100.8,2011-09-29 11:29:00,2011-09-29 11:29:00,United Kingdom,0,100.8
17428,1,45,31466.760000000002,2009-12-01 17:28:00,2011-12-09 09:45:00,United Kingdom,737,699.26
17429,128,5,1357.46,2010-10-06 12:30:00,2011-08-03 13:22:00,United Kingdom,301,271.49
17430,33,4,622.57,2010-08-17 11:52:00,2011-11-07 09:24:00,United Kingdom,446,155.64
17431,313,1,403.3,2011-01-30 14:36:00,2011-01-30 14:36:00,United Kingdom,0,403.3
17432,18,9,1728.99,2009-12-03 19:13:00,2011-11-21 17:33:00,United Kingdom,717,192.11
17433,88,2,569.96,2010-11-19 13:37:00,2011-09-12 14:24:00,United Kingdom,297,284.98
17434,2,7,2373.82,2011-09-15 13:54:00,2011-12-07 13:16:00,United Kingdom,82,339.12
17435,411,1,331.35,2010-10-24 13:55:00,2010-10-24 13:55:00,United Kingdom,0,331.35
17436,2,5,534.06,2009-12-07 12:31:00,2011-12-08 12:30:00,United Kingdom,730,106.81
17437,530,1,369.68,2010-06-28 11:11:00,2010-06-28 11:11:00,United Kingdom,0,369.68
17438,254,5,1422.77,2010-03-08 16:53:00,2011-03-31 10:26:00,United Kingdom,387,284.55
17439,656,1,325.74,2010-02-22 12:48:00,2010-02-22 12:48:00,United Kingdom,0,325.74
17440,157,4,323.58,2010-06-08 14:40:00,2011-07-06 11:54:00,United Kingdom,392,80.9
17441,732,1,293.35,2009-12-07 13:32:00,2009-12-07 13:32:00,United Kingdom,0,293.35
17442,37,15,4620.3,2010-02-15 15:54:00,2011-11-03 09:17:00,United Kingdom,625,308.02
17443,220,1,534.24,2011-05-04 10:47:00,2011-05-04 10:47:00,Canada,0,534.24
17444,152,2,2389.1,2011-06-20 09:04:00,2011-07-11 10:33:00,Canada,21,1194.55
17446,177,2,120.9,2011-02-02 14:40:00,2011-06-16 10:42:00,United Kingdom,133,60.45
17447,40,2,541.53,2011-09-29 10:10:00,2011-10-30 14:18:00,United Kingdom,31,270.76
17448,529,41,14448.67,2010-03-04 17:29:00,2010-06-28 13:58:00,United Kingdom,115,352.41
17449,2,13,4865.15,2009-12-09 14:16:00,2011-12-07 16:56:00,United Kingdom,728,374.24
17450,8,51,244784.25,2010-09-27 16:59:00,2011-12-01 13:29:00,United Kingdom,429,4799.69
17451,1,7,1721.4,2011-08-26 11:54:00,2011-12-08 15:02:00,United Kingdom,104,245.91
17453,18,2,486.71999999999997,2011-10-06 17:02:00,2011-11-22 09:42:00,United Kingdom,46,243.36
17454,192,10,1547.94,2010-01-15 15:40:00,2011-05-31 13:58:00,United Kingdom,500,154.79
17455,204,1,131.7,2011-05-20 12:31:00,2011-05-20 12:31:00,United Kingdom,0,131.7
17456,365,2,975.5600000000001,2010-09-09 15:28:00,2010-12-09 15:23:00,United Kingdom,90,487.78
17457,127,14,5984.8099999999995,2009-12-07 14:52:00,2011-08-05 12:48:00,United Kingdom,605,427.49
17458,15,2,529.58,2010-11-23 11:43:00,2011-11-24 13:01:00,United Kingdom,366,264.79
17459,43,2,657.3,2011-10-10 17:00:00,2011-10-27 13:25:00,United Kingdom,16,328.65
17460,94,16,2157.9700000000003,2010-01-22 13:25:00,2011-09-06 15:04:00,United Kingdom,592,134.87
17461,23,3,735.82,2011-11-10 12:01:00,2011-11-17 10:21:00,United Kingdom,6,245.27
17462,60,2,675.69,2011-02-28 17:01:00,2011-10-10 13:56:00,United Kingdom,223,337.84
17463,16,7,2535.26,2010-04-29 17:57:00,2011-11-23 13:40:00,United Kingdom,572,362.18
17464,158,3,907.14,2010-03-30 13:15:00,2011-07-04 13:19:00,United Kingdom,461,302.38
17465,426,7,2542.79,2009-12-03 13:25:00,2010-10-10 11:56:00,United Kingdom,310,363.26
17466,10,2,763.28,2011-09-22 09:16:00,2011-11-29 13:15:00,United Kingdom,68,381.64
17467,395,1,102.6,2010-11-09 12:58:00,2010-11-09 12:58:00,United Kingdom,0,102.6
17468,10,3,194.8,2010-11-29 17:25:00,2011-11-29 15:33:00,United Kingdom,364,64.93
17469,16,17,5051.25,2009-12-16 15:06:00,2011-11-23 13:15:00,United Kingdom,706,297.13
17470,45,11,2626.47,2010-07-19 16:16:00,2011-10-26 12:42:00,United Kingdom,463,238.77
17471,475,1,321.65000000000003,2010-08-22 11:53:00,2010-08-22 11:53:00,United Kingdom,0,321.65
17472,191,4,922.35,2010-03-21 13:27:00,2011-06-01 14:57:00,United Kingdom,437,230.59
17473,409,2,607.0,2010-09-09 19:03:00,2010-10-27 11:45:00,United Kingdom,47,303.5
17474,600,1,1047.0,2010-04-19 10:43:00,2010-04-19 10:43:00,United Kingdom,0,1047.0
17475,79,1,194.37,2011-09-21 14:55:00,2011-09-21 14:55:00,United Kingdom,0,194.37
17476,396,2,489.86,2009-12-02 12:09:00,2010-11-09 10:21:00,United Kingdom,341,244.93
17477,613,2,1144.3,2010-03-02 11:53:00,2010-04-06 10:06:00,United Kingdom,34,572.15
17478,408,2,1272.8,2010-03-16 14:19:00,2010-10-27 15:01:00,United Kingdom,225,636.4
17479,633,1,389.26000000000005,2010-03-17 09:26:00,2010-03-17 09:26:00,United Kingdom,0,389.26
17480,78,2,882.23,2010-09-21 12:31:00,2011-09-23 11:39:00,United Kingdom,366,441.12
17481,4,4,1255.59,2011-09-07 09:57:00,2011-12-06 12:28:00,United Kingdom,90,313.9
17482,487,2,775.64,2010-05-10 14:10:00,2010-08-09 15:33:00,United Kingdom,91,387.82
17483,65,4,591.73,2010-10-21 12:43:00,2011-10-05 13:10:00,United Kingdom,349,147.93
17484,576,2,209.57,2010-03-25 16:17:00,2010-05-12 15:41:00,United Kingdom,47,104.78
17486,261,1,396.87,2011-03-23 14:00:00,2011-03-23 14:00:00,United Kingdom,0,396.87
17487,728,1,160.55,2009-12-11 15:06:00,2009-12-11 15:06:00,United Kingdom,0,160.55
17488,641,1,336.5,2010-03-08 14:07:00,2010-03-08 14:07:00,United Kingdom,0,336.5
17489,59,2,376.64,2011-05-11 11:34:00,2011-10-12 08:56:00,United Kingdom,153,188.32
17490,1,9,2750.5,2010-05-19 12:40:00,2011-12-09 09:08:00,United Kingdom,568,305.61
17491,1,17,5653.67,2010-04-28 11:57:00,2011-12-08 16:18:00,United Kingdom,589,332.57
17492,248,3,1122.42,2010-07-09 13:27:00,2011-04-05 15:21:00,United Kingdom,270,374.14
17493,385,1,100.91000000000001,2010-11-19 16:57:00,2010-11-19 16:57:00,United Kingdom,0,100.91
17494,502,1,54.699999999999996,2010-07-26 10:06:00,2010-07-26 10:06:00,United Kingdom,0,54.7
17495,8,3,806.72,2010-11-14 11:50:00,2011-12-02 12:08:00,United Kingdom,383,268.91
17496,359,4,1412.89,2010-01-14 13:36:00,2010-12-16 08:39:00,United Kingdom,335,353.22
17497,390,2,287.25,2010-04-08 08:01:00,2010-11-14 14:17:00,United Kingdom,220,143.62
17498,76,1,272.22,2011-09-25 12:25:00,2011-09-25 12:25:00,United Kingdom,0,272.22
17499,290,2,1341.39,2010-05-27 09:59:00,2011-02-23 09:14:00,United Kingdom,271,670.7
17500,17,3,1138.0,2011-11-10 09:08:00,2011-11-22 14:25:00,United Kingdom,12,379.33
17501,221,2,288.6,2011-05-03 09:46:00,2011-05-03 09:47:00,United Kingdom,0,144.3
17502,9,4,689.1,2011-11-10 16:39:00,2011-11-30 13:13:00,United Kingdom,19,172.28
17503,3,2,558.96,2011-11-01 11:12:00,2011-12-07 09:18:00,United Kingdom,35,279.48
17504,206,18,9490.17,2010-02-08 09:22:00,2011-05-17 12:59:00,United Kingdom,463,527.23
17505,162,5,2435.48,2010-04-13 16:33:00,2011-07-01 12:50:00,United Kingdom,443,487.1
17506,76,1,302.2,2011-09-25 11:39:00,2011-09-25 11:39:00,United Kingdom,0,302.2
17507,262,2,605.58,2011-02-03 18:08:00,2011-03-23 11:48:00,United Kingdom,47,302.79
17508,281,8,4579.23,2009-12-07 11:46:00,2011-03-04 08:10:00,Greece,451,572.4
17509,58,8,6083.64,2011-10-07 13:14:00,2011-10-13 10:26:00,United Kingdom,5,760.46
17510,25,2,514.56,2010-10-15 10:20:00,2011-11-15 10:00:00,United Kingdom,395,257.28
17511,3,60,172132.87,2009-12-02 10:52:00,2011-12-07 10:12:00,United Kingdom,734,2868.88
17512,29,18,5467.820000000001,2009-12-10 19:35:00,2011-11-11 12:11:00,United Kingdom,700,303.77
17513,72,3,1158.8,2010-08-17 15:08:00,2011-09-28 16:42:00,United Kingdom,407,386.27
17514,128,2,522.0,2010-02-08 14:00:00,2011-08-03 15:45:00,United Kingdom,541,261.0
17515,31,9,1602.51,2010-06-07 13:29:00,2011-11-08 14:04:00,United Kingdom,519,178.06
17516,15,6,947.5,2010-11-26 12:50:00,2011-11-24 16:51:00,United Kingdom,363,157.92
17517,309,1,153.94,2011-02-04 11:48:00,2011-02-04 11:48:00,United Kingdom,0,153.94
17518,426,2,329.42,2010-03-28 13:31:00,2010-10-10 12:40:00,United Kingdom,195,164.71
17519,17,15,4774.17,2009-12-01 09:57:00,2011-11-22 16:43:00,United Kingdom,721,318.28
17520,54,1,546.81,2011-10-17 12:04:00,2011-10-17 12:04:00,United Kingdom,0,546.81
17521,30,5,1278.06,2010-10-01 11:49:00,2011-11-10 11:22:00,United Kingdom,404,255.61
17522,2,5,1066.15,2011-05-05 16:31:00,2011-12-08 12:31:00,United Kingdom,216,213.23
17523,11,4,652.74,2011-11-20 13:40:00,2011-11-28 13:20:00,United Kingdom,7,163.18
17524,361,3,539.14,2010-09-27 16:20:00,2010-12-13 14:32:00,United Kingdom,76,179.71
17525,360,3,1161.9,2010-10-07 09:12:00,2010-12-15 12:05:00,United Kingdom,69,387.3
17526,5,12,3939.24,2009-12-17 16:18:00,2011-12-05 11:05:00,United Kingdom,717,328.27
17527,54,4,939.37,2011-05-05 13:43:00,2011-10-17 12:32:00,United Kingdom,164,234.84
17528,1,8,3628.5,2011-09-29 13:04:00,2011-12-08 13:27:00,United Kingdom,70,453.56
17529,610,2,1240.25,2010-01-11 12:29:00,2010-04-08 17:51:00,United Kingdom,87,620.12
17530,1,12,2787.1,2009-12-06 16:17:00,2011-12-08 18:42:00,United Kingdom,732,232.26
17531,190,3,1266.82,2010-03-31 12:57:00,2011-06-02 19:17:00,United Kingdom,428,422.27
17532,386,1,65.34,2010-11-19 08:13:00,2010-11-19 08:13:00,United Kingdom,0,65.34
17533,435,1,34.8,2010-10-01 09:14:00,2010-10-01 09:14:00,United Kingdom,0,34.8
17534,54,5,1668.83,2010-02-25 16:55:00,2011-10-17 12:47:00,United Kingdom,598,333.77
17535,280,1,164.4,2011-03-04 15:20:00,2011-03-04 15:20:00,United Kingdom,0,164.4
17536,177,3,364.83,2010-01-26 12:00:00,2011-06-15 13:23:00,United Kingdom,505,121.61
17537,30,2,887.67,2011-02-09 13:37:00,2011-11-10 10:56:00,United Kingdom,273,443.84
17538,26,1,98.42,2011-11-14 12:12:00,2011-11-14 12:12:00,United Kingdom,0,98.42
17539,628,3,1161.84,2009-12-13 12:36:00,2010-03-21 15:23:00,United Kingdom,98,387.28
17540,25,6,1590.6000000000001,2010-04-19 09:47:00,2011-11-15 11:56:00,United Kingdom,575,265.1
17541,510,1,119.86,2010-07-18 11:36:00,2010-07-18 11:36:00,United Kingdom,0,119.86
17542,270,3,340.85,2010-03-08 12:08:00,2011-03-15 11:45:00,United Kingdom,371,113.62
17543,550,1,120.05,2010-06-08 12:41:00,2010-06-08 12:41:00,United Kingdom,0,120.05
17544,390,3,944.82,2010-11-14 14:47:00,2010-11-14 15:08:00,United Kingdom,0,314.94
17545,43,6,1409.8600000000001,2010-05-11 10:04:00,2011-10-27 14:04:00,United Kingdom,534,234.98
17547,376,2,727.85,2010-02-12 14:34:00,2010-11-29 09:41:00,United Kingdom,289,363.92
17548,234,4,731.26,2010-11-08 16:19:00,2011-04-20 12:01:00,United Kingdom,162,182.82
17549,24,2,148.86,2011-10-19 10:05:00,2011-11-16 09:59:00,United Kingdom,27,74.43
17550,197,9,2506.64,2010-02-07 15:07:00,2011-05-26 14:09:00,United Kingdom,472,278.52
17551,359,1,290.34,2010-12-15 14:12:00,2010-12-15 14:12:00,United Kingdom,0,290.34
17552,60,12,2786.77,2010-03-22 09:19:00,2011-10-10 17:00:00,United Kingdom,567,232.23
17553,130,4,3757.6,2010-04-08 09:44:00,2011-08-02 10:00:00,United Kingdom,481,939.4
17554,1,5,1952.45,2011-07-14 20:01:00,2011-12-08 14:15:00,United Kingdom,146,390.49
17555,20,5,1045.74,2010-05-02 16:02:00,2011-11-20 12:22:00,United Kingdom,566,209.15
17556,206,2,300.67,2010-11-25 17:00:00,2011-05-18 10:48:00,United Kingdom,173,150.34
17557,14,4,575.46,2009-12-07 10:15:00,2011-11-25 12:57:00,United Kingdom,718,143.86
17558,393,1,259.17,2010-11-11 14:36:00,2010-11-11 14:36:00,United Kingdom,0,259.17
17559,513,1,167.62,2010-07-15 12:02:00,2010-07-15 12:02:00,United Kingdom,0,167.62
17560,95,8,1895.8,2010-02-17 12:11:00,2011-09-06 09:18:00,United Kingdom,565,236.98
17561,19,4,703.02,2009-12-06 13:29:00,2011-11-20 12:53:00,United Kingdom,713,175.76
17562,14,7,1122.38,2011-06-19 13:06:00,2011-11-25 14:21:00,United Kingdom,159,160.34
17563,578,2,392.38,2010-04-07 10:02:00,2010-05-10 14:54:00,United Kingdom,33,196.19
17564,24,3,454.01,2011-09-20 14:00:00,2011-11-15 13:27:00,United Kingdom,55,151.34
17565,587,1,131.83,2010-05-02 11:54:00,2010-05-02 11:54:00,United Kingdom,0,131.83
17566,8,2,869.77,2011-11-14 13:42:00,2011-12-01 19:54:00,United Kingdom,17,434.88
17567,7,9,4838.08,2010-09-24 10:48:00,2011-12-02 15:48:00,United Kingdom,434,537.56
17568,633,1,374.45,2010-03-16 16:45:00,2010-03-16 16:45:00,United Kingdom,0,374.45
17569,332,1,344.14,2011-01-11 14:15:00,2011-01-11 14:15:00,United Kingdom,0,344.14
17571,50,5,1629.66,2010-06-15 12:50:00,2011-10-20 15:57:00,United Kingdom,492,325.93
17572,71,10,652.21,2009-12-15 10:00:00,2011-09-29 17:53:00,United Kingdom,653,65.22
17573,29,3,380.6,2011-09-07 10:36:00,2011-11-10 13:01:00,United Kingdom,64,126.87
17574,243,1,185.65,2011-04-11 09:47:00,2011-04-11 09:47:00,United Kingdom,0,185.65
17575,667,1,171.7,2010-02-10 13:48:00,2010-02-10 13:48:00,United Kingdom,0,171.7
17576,8,41,8705.6,2009-12-03 16:54:00,2011-12-01 17:56:00,United Kingdom,728,212.33
17577,645,2,348.75,2010-02-09 10:10:00,2010-03-04 13:01:00,United Kingdom,23,174.38
17578,218,7,1047.33,2010-06-28 11:55:00,2011-05-05 18:38:00,United Kingdom,311,149.62
17579,5,4,753.28,2010-05-10 14:28:00,2011-12-05 12:28:00,United Kingdom,573,188.32
17580,253,5,538.07,2010-10-13 14:28:00,2011-04-01 12:41:00,United Kingdom,169,107.61
17581,1,43,17951.17,2009-12-03 12:34:00,2011-12-09 12:21:00,United Kingdom,735,417.47
17582,236,5,1446.95,2010-03-26 12:23:00,2011-04-17 13:18:00,United Kingdom,387,289.39
17583,560,1,135.95,2010-05-28 14:24:00,2010-05-28 14:24:00,United Kingdom,0,135.95
17584,7,6,5309.42,2010-01-25 08:17:00,2011-12-02 17:12:00,United Kingdom,676,884.9
17585,109,7,2064.71,2010-08-18 16:39:00,2011-08-22 13:30:00,United Kingdom,368,294.96
17586,619,1,167.4,2010-03-30 13:12:00,2010-03-30 13:12:00,United Kingdom,0,167.4
17587,628,1,173.76,2010-03-21 14:16:00,2010-03-21 14:16:00,United Kingdom,0,173.76
17588,100,7,2939.55,2010-03-12 12:34:00,2011-08-31 13:37:00,United Kingdom,537,419.94
17589,60,18,13806.27,2010-03-07 13:48:00,2011-10-10 16:58:00,United Kingdom,582,767.02
17590,2,3,1466.77,2011-10-30 14:05:00,2011-12-07 12:55:00,United Kingdom,37,488.92
17591,73,8,2339.32,2010-01-17 16:09:00,2011-09-27 13:42:00,United Kingdom,617,292.42
17592,739,1,148.3,2009-12-01 10:49:00,2009-12-01 10:49:00,United Kingdom,0,148.3
17593,4,11,8092.32,2009-12-04 14:35:00,2011-12-06 10:30:00,United Kingdom,731,735.67
17594,85,4,2497.88,2010-04-14 08:53:00,2011-09-15 16:34:00,United Kingdom,519,624.47
17595,12,2,386.69,2011-11-02 16:19:00,2011-11-27 16:08:00,United Kingdom,24,193.34
17596,23,13,4491.46,2009-12-15 13:21:00,2011-11-16 14:11:00,United Kingdom,701,345.5
17597,214,5,3484.09,2010-05-05 15:33:00,2011-05-10 11:54:00,United Kingdom,369,696.82
17598,381,1,409.98,2010-11-23 17:43:00,2010-11-23 17:43:00,United Kingdom,0,409.98
17599,478,1,52.05,2010-08-19 12:50:00,2010-08-19 12:50:00,United Kingdom,0,52.05
17600,18,1,161.67000000000002,2011-11-22 09:43:00,2011-11-22 09:43:00,United Kingdom,0,161.67
17601,239,2,412.65999999999997,2010-11-24 14:29:00,2011-04-14 18:02:00,United Kingdom,141,206.33
17602,2,14,7354.43,2010-03-30 17:25:00,2011-12-07 13:53:00,United Kingdom,616,525.32
17603,78,4,1788.38,2009-12-10 09:44:00,2011-09-22 14:18:00,United Kingdom,651,447.1
17604,217,6,942.38,2010-01-27 12:19:00,2011-05-06 13:43:00,United Kingdom,464,157.06
17605,590,1,160.75,2010-04-28 14:45:00,2010-04-28 14:45:00,United Kingdom,0,160.75
17606,737,1,87.30000000000001,2009-12-02 13:32:00,2009-12-02 13:32:00,United Kingdom,0,87.3
17607,376,1,333.81,2010-11-28 13:11:00,2010-11-28 13:11:00,United Kingdom,0,333.81
17608,33,4,488.06,2010-04-11 13:37:00,2011-11-06 13:06:00,United Kingdom,573,122.02
17609,41,11,1875.36,2010-04-09 16:54:00,2011-10-30 12:28:00,United Kingdom,568,170.49
17610,540,5,1511.94,2009-12-06 16:07:00,2010-06-17 16:34:00,United Kingdom,193,302.39
17611,7,28,8287.53,2009-12-01 13:29:00,2011-12-02 13:29:00,United Kingdom,731,295.98
17612,53,18,5394.86,2009-12-17 11:59:00,2011-10-17 14:59:00,United Kingdom,669,299.71
17613,23,14,4544.55,2011-02-07 11:20:00,2011-11-17 10:51:00,United Kingdom,282,324.61
17614,57,1,386.32,2011-10-13 16:01:00,2011-10-13 16:01:00,United Kingdom,0,386.32
17615,130,6,721.8,2010-08-11 12:54:00,2011-08-01 14:06:00,United Kingdom,355,120.3
17616,174,4,734.4,2010-09-14 10:43:00,2011-06-19 10:11:00,United Kingdom,277,183.6
17617,559,1,385.19,2010-05-30 12:48:00,2010-05-30 12:48:00,United Kingdom,0,385.19
17618,6,11,4001.64,2010-01-24 11:03:00,2011-12-04 11:50:00,United Kingdom,679,363.79
17619,312,1,214.37,2011-01-31 14:18:00,2011-01-31 14:18:00,United Kingdom,0,214.37
17620,60,1,81.44,2011-10-11 12:08:00,2011-10-11 12:08:00,United Kingdom,0,81.44
17621,21,6,3175.12,2010-10-04 09:37:00,2011-11-18 17:11:00,United Kingdom,410,529.19
17622,598,2,1130.21,2010-04-20 13:38:00,2010-04-21 12:36:00,United Kingdom,0,565.1
17623,33,7,2365.77,2009-12-14 14:36:00,2011-11-07 11:32:00,United Kingdom,692,337.97
17624,15,4,1568.63,2009-12-20 12:35:00,2011-11-25 10:52:00,United Kingdom,704,392.16
17625,18,8,5978.9,2009-12-15 11:49:00,2011-11-21 13:36:00,United Kingdom,706,747.36
17626,603,1,254.0,2010-04-16 12:15:00,2010-04-16 12:15:00,United Kingdom,0,254.0
17627,479,1,296.36,2010-08-18 11:27:00,2010-08-18 11:27:00,United Kingdom,0,296.36
17628,81,1,75.75,2011-09-19 15:21:00,2011-09-19 15:21:00,United Kingdom,0,75.75
17629,6,10,2455.52,2010-10-14 13:35:00,2011-12-04 10:56:00,United Kingdom,415,245.55
17630,170,2,503.59999999999997,2011-04-21 14:03:00,2011-06-23 11:58:00,United Kingdom,62,251.8
17631,2,7,998.49,2009-12-09 14:15:00,2011-12-08 09:47:00,United Kingdom,728,142.64
17633,31,7,2057.39,2010-11-15 14:55:00,2011-11-08 13:25:00,United Kingdom,357,293.91
17634,36,9,2358.59,2011-01-06 12:45:00,2011-11-03 13:09:00,United Kingdom,301,262.07
17635,424,3,1265.58,2010-04-28 10:51:00,2010-10-11 15:12:00,United Kingdom,166,421.86
17636,19,1,285.56,2011-11-20 14:40:00,2011-11-20 14:40:00,United Kingdom,0,285.56
17637,31,2,547.0600000000001,2011-08-16 13:25:00,2011-11-08 12:51:00,United Kingdom,83,273.53
17638,647,2,842.4,2009-12-18 09:58:00,2010-03-02 14:32:00,United Kingdom,74,421.2
17639,276,6,615.17,2010-08-13 11:59:00,2011-03-08 15:22:00,United Kingdom,207,102.53
17640,87,6,3168.94,2010-03-23 09:15:00,2011-09-14 09:13:00,United Kingdom,539,528.16
17642,120,5,1824.49,2009-12-05 16:01:00,2011-08-12 09:11:00,United Kingdom,614,364.9
17643,373,2,439.7,2010-07-22 13:07:00,2010-12-01 14:38:00,United Kingdom,132,219.85
17644,1,20,6028.6,2010-02-16 08:44:00,2011-12-08 13:43:00,United Kingdom,660,301.43
17646,219,12,3898.79,2009-12-16 09:37:00,2011-05-04 13:17:00,United Kingdom,504,324.9
17647,65,3,331.65999999999997,2010-02-08 14:39:00,2011-10-05 15:38:00,United Kingdom,604,110.55
17648,61,5,2216.37,2010-11-19 16:41:00,2011-10-10 09:41:00,United Kingdom,324,443.27
17649,138,3,1578.89,2010-08-24 13:01:00,2011-07-24 15:53:00,United Kingdom,334,526.3
17650,21,1,166.08,2011-11-18 14:52:00,2011-11-18 14:52:00,United Kingdom,0,166.08
17651,12,16,5703.52,2010-07-01 12:17:00,2011-11-28 10:29:00,United Kingdom,514,356.47
17652,25,12,4867.72,2011-03-03 14:05:00,2011-11-14 12:55:00,United Kingdom,255,405.64
17653,37,4,1207.56,2011-08-11 15:24:00,2011-11-03 12:46:00,United Kingdom,83,301.89
17654,277,1,117.55,2011-03-07 13:17:00,2011-03-07 13:17:00,United Kingdom,0,117.55
17655,11,9,2976.38,2010-10-19 10:20:00,2011-11-29 11:34:00,United Kingdom,406,330.71
17656,73,5,1674.69,2011-08-03 10:45:00,2011-09-27 13:04:00,United Kingdom,55,334.94
17657,430,1,126.0,2010-10-05 14:52:00,2010-10-05 14:52:00,United Kingdom,0,126.0
17658,26,2,595.42,2011-05-12 15:23:00,2011-11-14 12:07:00,United Kingdom,185,297.71
17659,17,14,3586.9900000000002,2010-11-18 14:20:00,2011-11-22 13:29:00,United Kingdom,368,256.21
17660,141,2,342.22,2009-12-02 16:02:00,2011-07-21 13:37:00,United Kingdom,595,171.11
17662,662,2,412.92,2009-12-17 09:54:00,2010-02-16 09:38:00,United Kingdom,60,206.46
17663,26,17,5175.83,2010-03-04 11:42:00,2011-11-14 08:56:00,United Kingdom,619,304.46
17664,19,4,1166.23,2010-03-29 17:17:00,2011-11-21 11:29:00,United Kingdom,601,291.56
17665,493,1,563.1,2010-08-03 13:12:00,2010-08-03 13:12:00,United Kingdom,0,563.1
17666,4,5,2047.8,2010-06-30 12:03:00,2011-12-06 09:06:00,United Kingdom,523,409.56
17667,66,9,3950.7,2010-02-23 09:57:00,2011-10-04 14:32:00,United Kingdom,588,438.97
17668,1,2,347.75,2011-11-01 14:45:00,2011-12-08 13:25:00,United Kingdom,36,173.88
17669,43,10,6142.35,2010-04-01 18:48:00,2011-10-28 08:53:00,United Kingdom,574,614.24
17670,228,1,205.7,2011-04-26 09:12:00,2011-04-26 09:12:00,United Kingdom,0,205.7
17671,16,5,2009.16,2010-11-29 11:53:00,2011-11-24 12:21:00,United Kingdom,360,401.83
17672,50,6,5663.74,2010-03-08 13:17:00,2011-10-20 14:18:00,United Kingdom,591,943.96
17673,2,13,4173.88,2010-03-19 14:02:00,2011-12-08 12:50:00,United Kingdom,628,321.07
17674,74,2,551.04,2010-12-06 10:20:00,2011-09-26 13:35:00,United Kingdom,294,275.52
17675,1,70,37642.48,2009-12-10 16:10:00,2011-12-08 18:03:00,United Kingdom,728,537.75
17676,4,10,2448.64,2010-03-30 10:49:00,2011-12-05 15:16:00,United Kingdom,615,244.86
17677,2,54,35058.46,2009-12-16 11:23:00,2011-12-08 09:56:00,United Kingdom,721,649.23
17678,264,2,599.76,2010-04-15 13:54:00,2011-03-21 11:52:00,United Kingdom,339,299.88
17679,53,7,3577.61,2009-12-03 17:32:00,2011-10-18 07:43:00,United Kingdom,683,511.09
17680,24,3,497.45,2010-07-16 16:07:00,2011-11-16 12:42:00,United Kingdom,487,165.82
17681,597,5,731.2,2010-01-15 11:53:00,2010-04-21 17:22:00,United Kingdom,96,146.24
17682,10,11,4065.28,2010-03-08 09:49:00,2011-11-29 15:59:00,United Kingdom,631,369.57
17683,386,3,819.01,2010-06-03 17:15:00,2010-11-19 10:11:00,United Kingdom,168,273.0
17684,44,1,239.41,2011-10-27 11:10:00,2011-10-27 11:10:00,United Kingdom,0,239.41
17685,17,12,5454.95,2010-02-11 13:44:00,2011-11-23 11:36:00,United Kingdom,649,454.58
17686,7,9,8296.81,2010-06-24 09:49:00,2011-12-02 15:39:00,United Kingdom,526,921.87
17687,421,1,432.68,2010-10-15 12:30:00,2010-10-15 12:30:00,United Kingdom,0,432.68
17688,394,1,304.2,2010-11-11 10:41:00,2010-11-11 10:41:00,United Kingdom,0,304.2
17689,388,2,317.08,2010-08-22 13:54:00,2010-11-16 13:22:00,United Kingdom,85,158.54
17690,30,20,6963.8,2010-02-03 14:26:00,2011-11-09 15:17:00,United Kingdom,644,348.19
17691,358,4,637.5500000000001,2010-06-11 11:50:00,2010-12-16 17:20:00,United Kingdom,188,159.39
17692,127,12,2960.44,2010-06-17 11:14:00,2011-08-04 14:01:00,United Kingdom,413,246.7
17693,137,1,200.47,2011-07-25 15:48:00,2011-07-25 15:48:00,United Kingdom,0,200.47
17694,142,3,1695.97,2010-05-26 08:27:00,2011-07-21 12:00:00,United Kingdom,421,565.32
17695,132,5,1746.04,2010-01-28 09:27:00,2011-07-31 10:40:00,United Kingdom,549,349.21
17696,38,27,7679.59,2009-12-10 17:09:00,2011-11-01 13:43:00,United Kingdom,690,284.43
17697,236,1,338.95,2011-04-17 15:40:00,2011-04-17 15:40:00,United Kingdom,0,338.95
17698,261,1,154.95,2011-03-24 11:34:00,2011-03-24 11:34:00,United Kingdom,0,154.95
17699,477,2,442.0,2010-05-27 11:53:00,2010-08-20 09:39:00,United Kingdom,84,221.0
17700,17,14,6679.97,2009-12-01 11:37:00,2011-11-23 11:51:00,United Kingdom,722,477.14
17701,253,1,417.95,2011-04-01 12:25:00,2011-04-01 12:25:00,United Kingdom,0,417.95
17702,30,6,3144.04,2010-11-04 12:09:00,2011-11-09 16:03:00,United Kingdom,370,524.01
17703,35,4,1094.84,2010-10-17 16:16:00,2011-11-04 15:51:00,United Kingdom,382,273.71
17704,169,2,885.19,2011-04-14 09:28:00,2011-06-24 09:40:00,United Kingdom,71,442.6
17705,3,11,2083.9,2010-05-12 09:47:00,2011-12-06 13:45:00,United Kingdom,573,189.45
17706,4,31,20272.15,2010-01-19 12:13:00,2011-12-05 13:34:00,United Kingdom,685,653.94
17707,185,8,609.3000000000001,2009-12-07 12:19:00,2011-06-07 15:03:00,United Kingdom,547,76.16
17708,188,4,884.1800000000001,2010-10-12 12:13:00,2011-06-05 10:12:00,United Kingdom,235,221.04
17709,170,5,671.01,2010-04-15 14:48:00,2011-06-23 11:55:00,United Kingdom,433,134.2
17710,424,1,293.5,2010-10-12 07:49:00,2010-10-12 07:49:00,United Kingdom,0,293.5
17711,11,2,385.1,2011-02-23 11:32:00,2011-11-29 11:40:00,United Kingdom,279,192.55
17712,45,1,522.91,2011-10-26 12:28:00,2011-10-26 12:28:00,United Kingdom,0,522.91
17713,382,4,1198.09,2010-06-09 09:33:00,2010-11-22 16:50:00,United Kingdom,166,299.52
17714,321,5,1410.18,2010-07-14 10:41:00,2011-01-23 10:32:00,United Kingdom,192,282.04
17715,201,2,489.59999999999997,2010-04-26 12:17:00,2011-05-23 12:32:00,United Kingdom,392,244.8
17716,23,24,15956.97,2009-12-02 17:18:00,2011-11-17 12:00:00,United Kingdom,714,664.87
17717,421,1,376.92,2010-10-14 12:54:00,2010-10-14 12:54:00,United Kingdom,0,376.92
17718,232,2,439.18,2010-03-05 08:01:00,2011-04-21 13:39:00,United Kingdom,412,219.59
17719,38,15,5396.04,2011-03-29 11:29:00,2011-11-02 10:36:00,United Kingdom,217,359.74
17720,26,10,2666.91,2010-05-10 09:58:00,2011-11-13 15:04:00,United Kingdom,552,266.69
17721,659,1,307.21000000000004,2010-02-18 15:18:00,2010-02-18 15:18:00,United Kingdom,0,307.21
17722,96,5,3520.2200000000003,2010-11-29 09:44:00,2011-09-04 15:22:00,United Kingdom,279,704.04
17723,127,7,3378.4000000000005,2010-11-29 10:35:00,2011-08-04 18:37:00,United Kingdom,248,482.63
17724,71,3,1033.0,2011-07-24 13:26:00,2011-09-29 15:26:00,United Kingdom,67,344.33
17725,16,11,3439.08,2011-03-17 19:47:00,2011-11-23 16:34:00,United Kingdom,250,312.64
17726,395,7,1092.06,2010-01-26 14:58:00,2010-11-09 13:37:00,United Kingdom,286,156.01
17727,15,1,1060.25,2011-11-24 17:06:00,2011-11-24 17:06:00,United Kingdom,0,1060.25
17728,4,5,4238.76,2010-09-12 14:58:00,2011-12-06 08:52:00,United Kingdom,449,847.75
17729,596,1,438.65000000000003,2010-04-22 15:03:00,2010-04-22 15:03:00,United Kingdom,0,438.65
17730,3,20,7773.8,2010-04-29 11:48:00,2011-12-06 15:43:00,United Kingdom,586,388.69
17731,79,6,1708.99,2010-02-09 12:37:00,2011-09-21 15:02:00,United Kingdom,589,284.83
17732,373,8,2166.42,2010-08-09 08:41:00,2010-12-02 09:29:00,United Kingdom,115,270.8
17733,39,2,692.19,2011-03-23 09:54:00,2011-11-01 08:16:00,United Kingdom,222,346.1
17734,54,6,1442.32,2010-03-07 13:55:00,2011-10-17 12:33:00,United Kingdom,588,240.39
17735,2,26,16790.33,2010-07-30 13:25:00,2011-12-07 16:47:00,United Kingdom,495,645.78
17736,9,3,377.44,2011-08-18 14:33:00,2011-11-30 15:36:00,United Kingdom,104,125.81
17737,9,2,168.24,2011-10-12 14:42:00,2011-11-30 15:16:00,United Kingdom,49,84.12
17738,19,13,4183.56,2010-03-19 10:07:00,2011-11-20 15:05:00,United Kingdom,611,321.81
17739,12,18,7730.59,2009-12-07 10:48:00,2011-11-28 09:12:00,United Kingdom,720,429.48
17740,389,6,426.9,2010-01-11 13:11:00,2010-11-15 16:33:00,United Kingdom,308,71.15
17741,407,2,101.1,2010-05-28 12:11:00,2010-10-29 11:59:00,United Kingdom,153,50.55
17742,113,11,2098.48,2009-12-01 13:16:00,2011-08-18 15:28:00,United Kingdom,625,190.77
17743,448,1,229.2,2010-09-17 14:54:00,2010-09-17 14:54:00,United Kingdom,0,229.2
17744,4,7,2649.14,2010-11-24 09:34:00,2011-12-06 12:11:00,United Kingdom,377,378.45
17745,478,2,600.34,2010-06-02 09:03:00,2010-08-19 12:30:00,United Kingdom,78,300.17
17746,240,4,904.1800000000001,2010-04-08 12:54:00,2011-04-13 14:31:00,United Kingdom,370,226.04
17747,113,1,71.4,2011-08-19 08:13:00,2011-08-19 08:13:00,United Kingdom,0,71.4
17748,527,1,358.15,2010-06-30 13:49:00,2010-06-30 13:49:00,United Kingdom,0,358.15
17749,178,3,1026.18,2010-06-11 14:56:00,2011-06-14 15:45:00,United Kingdom,368,342.06
17750,5,9,1694.16,2011-06-28 15:44:00,2011-12-04 14:09:00,United Kingdom,158,188.24
17751,421,1,157.85999999999999,2010-10-14 13:57:00,2010-10-14 13:57:00,United Kingdom,0,157.86
17752,359,1,80.64,2010-12-15 16:19:00,2010-12-15 16:19:00,United Kingdom,0,80.64
17753,464,4,382.06,2010-01-06 14:20:00,2010-09-01 15:49:00,United Kingdom,238,95.52
17754,1,13,4451.22,2009-12-11 15:52:00,2011-12-09 11:20:00,United Kingdom,727,342.4
17756,376,3,728.75,2010-11-10 12:54:00,2010-11-29 12:20:00,United Kingdom,18,242.92
17757,1,56,9070.1,2010-01-13 15:56:00,2011-12-08 15:31:00,United Kingdom,693,161.97
17758,19,12,4964.03,2010-05-20 13:18:00,2011-11-20 14:45:00,United Kingdom,549,413.67
17759,17,5,1260.63,2010-05-05 11:40:00,2011-11-22 16:02:00,United Kingdom,566,252.13
17760,22,6,746.39,2010-02-28 12:15:00,2011-11-18 10:56:00,United Kingdom,627,124.4
17761,33,1,712.78,2011-11-07 10:23:00,2011-11-07 10:23:00,United Kingdom,0,712.78
17762,456,1,129.75,2010-09-09 17:40:00,2010-09-09 17:40:00,United Kingdom,0,129.75
17763,263,4,86.15,2010-02-18 14:32:00,2011-03-21 14:25:00,United Kingdom,395,21.54
17764,51,5,1513.57,2009-12-03 14:28:00,2011-10-20 11:03:00,United Kingdom,685,302.71
17765,159,4,524.0,2010-09-17 12:45:00,2011-07-04 12:41:00,United Kingdom,289,131.0
17766,381,2,299.61,2010-11-23 14:17:00,2010-11-23 14:29:00,United Kingdom,0,149.8
17767,15,2,413.05,2010-10-25 16:22:00,2011-11-24 14:42:00,United Kingdom,394,206.52
17768,8,7,3292.73,2009-12-02 12:26:00,2011-12-01 13:22:00,United Kingdom,729,470.39
17769,13,17,7053.38,2010-01-19 11:33:00,2011-11-27 11:18:00,United Kingdom,676,414.9
17770,199,5,1143.27,2011-03-02 13:35:00,2011-05-25 12:34:00,United Kingdom,83,228.65
17771,57,4,386.93,2010-04-29 13:21:00,2011-10-14 11:43:00,United Kingdom,532,96.73
17772,11,3,360.75,2010-11-12 11:31:00,2011-11-29 11:05:00,United Kingdom,381,120.25
17773,514,2,575.37,2010-01-18 14:32:00,2010-07-13 14:07:00,United Kingdom,175,287.68
17774,97,9,3272.83,2010-02-08 16:06:00,2011-09-04 12:49:00,United Kingdom,572,363.65
17775,255,1,56.4,2011-03-30 10:50:00,2011-03-30 10:50:00,United Kingdom,0,56.4
17776,387,2,329.3,2009-12-16 14:59:00,2010-11-18 12:14:00,United Kingdom,336,164.65
17777,25,3,647.56,2011-08-31 14:35:00,2011-11-15 12:02:00,United Kingdom,75,215.85
17778,662,1,197.70000000000002,2010-02-16 12:44:00,2010-02-16 12:44:00,United Kingdom,0,197.7
17779,21,3,650.32,2011-07-19 12:19:00,2011-11-18 14:15:00,United Kingdom,122,216.77
17780,667,3,346.56,2010-01-24 11:21:00,2010-02-10 13:43:00,United Kingdom,17,115.52
17781,159,2,188.02,2011-03-31 19:54:00,2011-07-03 16:00:00,United Kingdom,93,94.01
17782,383,2,679.02,2010-11-22 10:03:00,2010-11-22 11:15:00,United Kingdom,0,339.51
17783,72,3,376.96,2010-07-15 12:50:00,2011-09-28 16:07:00,United Kingdom,440,125.65
17784,550,1,112.86,2010-06-07 16:08:00,2010-06-07 16:08:00,United Kingdom,0,112.86
17785,53,3,403.38,2010-05-23 13:01:00,2011-10-17 13:43:00,United Kingdom,512,134.46
17786,85,2,266.85,2011-01-26 14:35:00,2011-09-15 12:51:00,United Kingdom,231,133.43
17787,153,4,1817.54,2010-12-03 13:43:00,2011-07-10 11:24:00,United Kingdom,218,454.38
17788,74,2,1112.95,2011-08-02 10:38:00,2011-09-27 10:09:00,United Kingdom,55,556.48
17789,281,2,397.15,2010-02-16 13:16:00,2011-03-03 13:14:00,United Kingdom,379,198.58
17790,27,20,2779.41,2010-06-13 13:30:00,2011-11-13 11:30:00,United Kingdom,517,138.97
17791,30,1,106.1,2011-11-10 12:09:00,2011-11-10 12:09:00,United Kingdom,0,106.1
17792,467,2,368.35,2010-08-18 13:08:00,2010-08-29 14:30:00,United Kingdom,11,184.18
17793,25,1,300.34,2011-11-14 14:24:00,2011-11-14 14:24:00,United Kingdom,0,300.34
17794,687,2,147.3,2010-01-20 12:17:00,2010-01-22 10:18:00,United Kingdom,1,73.65
17795,180,2,342.83,2011-03-20 12:02:00,2011-06-13 12:36:00,United Kingdom,85,171.42
17796,40,7,1236.39,2010-10-14 13:37:00,2011-10-30 15:38:00,United Kingdom,381,176.63
17797,22,8,1971.87,2009-12-15 14:30:00,2011-11-17 13:21:00,United Kingdom,701,246.48
17798,582,1,172.17,2010-05-07 11:42:00,2010-05-07 11:42:00,United Kingdom,0,172.17
17799,22,20,6246.93,2009-12-13 16:03:00,2011-11-17 15:16:00,United Kingdom,703,312.35
17800,37,9,1186.21,2011-01-09 13:50:00,2011-11-02 12:57:00,United Kingdom,296,131.8
17801,451,3,770.03,2010-01-17 11:31:00,2010-09-14 14:32:00,United Kingdom,240,256.68
17802,82,10,4946.22,2009-12-13 13:39:00,2011-09-18 14:56:00,United Kingdom,644,494.62
17803,392,1,184.66,2010-11-12 13:53:00,2010-11-12 13:53:00,United Kingdom,0,184.66
17804,376,3,383.78000000000003,2009-12-01 12:22:00,2010-11-28 14:01:00,United Kingdom,362,127.93
17805,74,2,927.03,2010-04-08 14:36:00,2011-09-27 11:49:00,United Kingdom,536,463.52
17806,11,1,546.04,2011-11-28 14:12:00,2011-11-28 14:12:00,United Kingdom,0,546.04
17807,395,3,437.87,2010-01-04 14:00:00,2010-11-09 16:21:00,United Kingdom,309,145.96
17808,549,4,262.64,2010-05-07 16:26:00,2010-06-09 10:44:00,United Kingdom,32,65.66
17809,16,20,10085.89,2009-12-02 14:52:00,2011-11-23 12:59:00,United Kingdom,720,504.29
17810,669,2,343.21,2010-01-25 10:26:00,2010-02-09 10:47:00,United Kingdom,15,171.6
17811,4,47,9513.1,2010-09-20 11:24:00,2011-12-05 13:46:00,United Kingdom,441,202.41
17812,13,7,911.99,2010-06-27 13:34:00,2011-11-27 11:47:00,United Kingdom,517,130.28
17813,14,5,1698.07,2011-09-29 15:57:00,2011-11-25 16:13:00,United Kingdom,57,339.61
17814,375,2,1609.37,2010-10-13 14:03:00,2010-11-29 14:21:00,United Kingdom,47,804.68
17815,393,1,591.96,2010-11-11 14:39:00,2010-11-11 14:39:00,United Kingdom,0,591.96
17816,37,6,96.11,2009-12-15 15:27:00,2011-11-03 11:34:00,United Kingdom,687,16.02
17817,4,6,788.15,2010-10-13 15:07:00,2011-12-05 14:39:00,United Kingdom,417,131.36
17818,738,1,124.78,2009-12-02 11:34:00,2009-12-02 11:34:00,United Kingdom,0,124.78
17819,72,12,6021.05,2009-12-13 15:24:00,2011-09-29 10:52:00,United Kingdom,654,501.75
17820,374,1,180.60999999999999,2010-11-30 17:43:00,2010-11-30 17:43:00,United Kingdom,0,180.61
17821,406,1,334.62,2010-10-29 13:20:00,2010-10-29 13:20:00,United Kingdom,0,334.62
17822,420,5,2154.08,2010-05-28 12:15:00,2010-10-15 13:47:00,United Kingdom,140,430.82
17823,421,2,449.25,2010-10-14 16:14:00,2010-10-14 16:24:00,United Kingdom,0,224.62
17824,51,1,298.4,2011-10-19 14:14:00,2011-10-19 14:14:00,United Kingdom,0,298.4
17825,599,4,701.96,2009-12-14 12:09:00,2010-04-20 12:01:00,United Kingdom,126,175.49
17826,374,1,133.34,2010-11-30 13:23:00,2010-11-30 13:23:00,United Kingdom,0,133.34
17827,5,6,2376.17,2010-03-28 12:20:00,2011-12-04 15:00:00,United Kingdom,616,396.03
17828,23,4,1165.09,2011-06-08 08:31:00,2011-11-17 08:41:00,Malta,162,291.27
17829,299,5,4756.74,2010-02-22 15:39:00,2011-02-14 12:46:00,United Arab Emirates,356,951.35
17830,2,3,398.7,2011-02-24 10:15:00,2011-12-08 12:28:00,United Kingdom,287,132.9
17831,33,1,35.400000000000006,2011-11-06 15:09:00,2011-11-06 15:09:00,United Kingdom,0,35.4
17832,50,1,155.37,2011-10-21 11:43:00,2011-10-21 11:43:00,United Kingdom,0,155.37
17833,723,1,338.46000000000004,2009-12-16 13:40:00,2009-12-16 13:40:00,United Kingdom,0,338.46
17834,415,2,689.6700000000001,2010-09-20 15:32:00,2010-10-21 12:09:00,United Kingdom,30,344.84
17835,3,3,342.24,2011-11-16 16:30:00,2011-12-07 11:48:00,United Kingdom,20,114.08
17836,47,1,109.83,2011-10-23 16:13:00,2011-10-23 16:13:00,United Kingdom,0,109.83
17837,42,8,1535.33,2011-06-29 16:44:00,2011-10-28 16:13:00,United Kingdom,120,191.92
17838,27,13,5604.64,2010-03-19 09:53:00,2011-11-13 11:20:00,United Kingdom,604,431.13
17839,42,1,318.15,2011-10-28 17:27:00,2011-10-28 17:27:00,United Kingdom,0,318.15
17840,444,1,175.9,2010-09-22 12:24:00,2010-09-22 12:24:00,United Kingdom,0,175.9
17841,2,211,68519.95,2009-12-02 15:41:00,2011-12-08 12:07:00,United Kingdom,735,324.74
17842,602,1,430.69,2010-04-16 14:23:00,2010-04-16 14:23:00,United Kingdom,0,430.69
17843,303,2,312.65,2010-10-24 10:56:00,2011-02-09 15:33:00,United Kingdom,108,156.32
17844,107,1,51.559999999999995,2011-08-25 11:27:00,2011-08-25 11:27:00,Canada,0,51.56
17845,555,4,596.09,2010-05-12 13:04:00,2010-06-02 15:20:00,United Kingdom,21,149.02
17847,516,2,125.74000000000001,2010-03-04 12:57:00,2010-07-12 10:00:00,United Kingdom,129,62.87
17848,81,30,3538.46,2009-12-06 13:19:00,2011-09-19 16:49:00,United Kingdom,652,117.95
17849,218,8,1063.76,2010-03-14 15:17:00,2011-05-05 13:46:00,United Kingdom,416,132.97
17850,372,155,51208.87,2009-12-05 12:28:00,2010-12-02 15:27:00,United Kingdom,362,330.38
17851,422,6,1552.35,2009-12-03 17:46:00,2010-10-13 15:13:00,United Kingdom,313,258.72
17852,12,5,657.8100000000001,2009-12-08 12:51:00,2011-11-28 12:36:00,United Kingdom,719,131.56
17853,407,3,1596.29,2009-12-03 15:09:00,2010-10-28 15:29:00,United Kingdom,329,532.1
17854,185,6,1068.5,2009-12-08 11:13:00,2011-06-07 16:21:00,United Kingdom,546,178.08
17855,373,1,208.97,2010-12-02 09:44:00,2010-12-02 09:44:00,United Kingdom,0,208.97
17856,2,4,1418.03,2011-03-03 11:40:00,2011-12-08 09:40:00,United Kingdom,279,354.51
17857,4,23,25769.54,2010-03-08 12:09:00,2011-12-05 13:13:00,United Kingdom,637,1120.41
17858,6,30,12518.65,2009-12-06 15:41:00,2011-12-04 11:56:00,United Kingdom,727,417.29
17859,305,1,141.92000000000002,2011-02-08 10:32:00,2011-02-08 10:32:00,United Kingdom,0,141.92
17860,369,4,717.39,2009-12-11 16:48:00,2010-12-06 12:41:00,United Kingdom,359,179.35
17861,3,18,5088.29,2009-12-10 11:27:00,2011-12-06 16:21:00,United Kingdom,726,282.68
17862,324,4,1254.89,2010-05-25 17:22:00,2011-01-20 12:23:00,United Kingdom,239,313.72
17863,59,12,5360.48,2010-02-25 12:01:00,2011-10-11 13:45:00,United Kingdom,593,446.71
17864,13,5,876.57,2010-10-08 11:49:00,2011-11-27 11:15:00,United Kingdom,414,175.31
17865,31,46,26310.09,2009-12-01 10:49:00,2011-11-09 12:08:00,United Kingdom,708,571.96
17866,143,3,1134.95,2009-12-14 16:01:00,2011-07-20 11:07:00,United Kingdom,582,378.32
17867,30,14,1560.72,2009-12-02 13:39:00,2011-11-09 14:15:00,United Kingdom,707,111.48
17868,386,1,227.15,2010-11-18 18:55:00,2010-11-18 18:55:00,United Kingdom,0,227.15
17869,107,7,813.64,2010-06-10 13:47:00,2011-08-24 16:16:00,United Kingdom,440,116.23
17870,2,13,2753.29,2010-11-23 11:39:00,2011-12-07 15:07:00,United Kingdom,379,211.79
17871,205,5,1068.95,2010-01-15 14:48:00,2011-05-19 11:32:00,United Kingdom,488,213.79
17872,382,1,235.87,2010-11-23 12:02:00,2010-11-23 12:02:00,United Kingdom,0,235.87
17873,80,18,6135.95,2009-12-16 15:11:00,2011-09-20 16:41:00,United Kingdom,643,340.89
17874,185,6,683.46,2011-03-29 11:25:00,2011-06-07 12:54:00,United Kingdom,70,113.91
17875,688,1,167.1,2010-01-20 15:30:00,2010-01-20 15:30:00,United Kingdom,0,167.1
17876,400,3,3424.02,2010-02-02 13:00:00,2010-11-05 10:52:00,United Kingdom,275,1141.34
17877,170,1,237.61,2011-06-22 13:00:00,2011-06-22 13:00:00,United Kingdom,0,237.61
17878,44,3,1378.93,2010-11-09 13:50:00,2011-10-27 11:24:00,United Kingdom,351,459.64
17879,174,1,178.51999999999998,2011-06-19 12:36:00,2011-06-19 12:36:00,United Kingdom,0,178.52
17880,365,3,824.9200000000001,2009-12-09 16:13:00,2010-12-10 10:21:00,United Kingdom,365,274.97
17881,304,1,133.35000000000002,2011-02-08 17:16:00,2011-02-08 17:16:00,United Kingdom,0,133.35
17882,379,2,291.56,2010-11-25 14:35:00,2010-11-25 14:40:00,United Kingdom,0,145.78
17883,3,7,988.42,2010-02-25 20:07:00,2011-12-06 17:49:00,United Kingdom,648,141.2
17884,4,20,2693.47,2009-12-04 16:23:00,2011-12-06 11:33:00,United Kingdom,731,134.67
17885,12,1,156.34,2011-11-27 14:40:00,2011-11-27 14:40:00,United Kingdom,0,156.34
17886,32,6,1572.55,2010-04-29 11:10:00,2011-11-08 10:09:00,United Kingdom,557,262.09
17887,129,1,111.35,2011-08-02 17:29:00,2011-08-02 17:29:00,United Kingdom,0,111.35
17888,21,25,1807.44,2009-12-21 16:34:00,2011-11-18 13:45:00,United Kingdom,696,72.3
17889,212,7,746.42,2010-03-31 10:54:00,2011-05-11 16:26:00,United Kingdom,406,106.63
17890,323,2,586.89,2010-12-13 15:12:00,2011-01-21 11:19:00,United Kingdom,38,293.44
17891,162,1,203.85999999999999,2011-06-30 20:08:00,2011-06-30 20:08:00,United Kingdom,0,203.86
17892,56,3,244.1,2011-07-07 12:56:00,2011-10-14 16:49:00,United Kingdom,99,81.37
17893,225,1,107.21,2011-04-28 13:50:00,2011-04-28 13:50:00,United Kingdom,0,107.21
17894,72,18,2304.16,2010-08-27 14:13:00,2011-09-29 09:23:00,United Kingdom,397,128.01
17895,44,1,95.45,2011-10-26 17:00:00,2011-10-26 17:00:00,United Kingdom,0,95.45
17896,23,1,256.32,2011-11-16 13:59:00,2011-11-16 13:59:00,United Kingdom,0,256.32
17897,173,9,2053.04,2010-05-12 16:03:00,2011-06-20 11:23:00,United Kingdom,403,228.12
17898,85,4,299.18,2010-05-21 17:22:00,2011-09-15 14:56:00,United Kingdom,481,74.8
17899,159,1,154.55,2011-07-03 14:58:00,2011-07-03 14:58:00,United Kingdom,0,154.55
17900,190,2,112.19999999999999,2011-06-02 14:28:00,2011-06-02 14:38:00,United Kingdom,0,56.1
17901,29,3,260.08,2010-07-06 10:54:00,2011-11-10 17:29:00,United Kingdom,492,86.69
17902,547,1,216.39999999999998,2010-06-11 12:25:00,2010-06-11 12:25:00,United Kingdom,0,216.4
17903,394,1,381.09000000000003,2010-11-10 15:39:00,2010-11-10 15:39:00,United Kingdom,0,381.09
17904,21,1,181.07,2011-11-18 12:57:00,2011-11-18 12:57:00,United Kingdom,0,181.07
17905,71,13,2168.37,2010-01-28 17:54:00,2011-09-29 17:33:00,United Kingdom,608,166.8
17906,247,1,72.9,2011-04-06 17:25:00,2011-04-06 17:25:00,United Kingdom,0,72.9
17907,641,1,291.76,2010-03-09 12:33:00,2010-03-09 12:33:00,United Kingdom,0,291.76
17908,374,5,1142.47,2009-12-14 12:24:00,2010-12-01 11:45:00,United Kingdom,351,228.49
17909,737,1,110.05,2009-12-02 13:10:00,2009-12-02 13:10:00,United Kingdom,0,110.05
17910,726,1,261.7,2009-12-13 16:04:00,2009-12-13 16:04:00,United Kingdom,0,261.7
17911,9,1,366.23,2011-11-30 14:52:00,2011-11-30 14:52:00,United Kingdom,0,366.23
17912,310,6,371.6,2010-11-29 13:53:00,2011-02-02 14:25:00,United Kingdom,65,61.93
17913,59,14,3425.09,2009-12-03 13:02:00,2011-10-12 10:45:00,United Kingdom,677,244.65
17914,4,1,329.36,2011-12-06 11:58:00,2011-12-06 11:58:00,United Kingdom,0,329.36
17915,551,1,225.78,2010-06-06 13:22:00,2010-06-06 13:22:00,United Kingdom,0,225.78
17916,629,2,43.87,2009-12-06 14:10:00,2010-03-21 12:26:00,United Kingdom,104,21.94
17917,45,3,335.03,2010-12-12 12:08:00,2011-10-25 13:20:00,United Kingdom,317,111.68
17918,501,3,388.44,2010-07-22 14:20:00,2010-07-27 11:51:00,United Kingdom,4,129.48
17919,88,2,1840.32,2010-09-27 10:40:00,2011-09-12 13:41:00,United Kingdom,350,920.16
17920,4,54,23569.88,2009-12-06 10:37:00,2011-12-05 14:29:00,United Kingdom,729,436.48
17921,64,10,2394.36,2010-07-15 20:05:00,2011-10-06 18:56:00,United Kingdom,447,239.44
17922,543,1,170.4,2010-06-14 16:32:00,2010-06-14 16:32:00,United Kingdom,0,170.4
17923,282,3,497.0,2010-06-13 13:58:00,2011-03-02 15:15:00,United Kingdom,262,165.67
17924,12,8,3257.7000000000003,2010-10-21 12:17:00,2011-11-28 09:11:00,United Kingdom,402,407.21
17925,373,1,244.08,2010-12-02 10:10:00,2010-12-02 10:10:00,United Kingdom,0,244.08
17926,133,5,1035.49,2010-05-09 14:07:00,2011-07-29 14:39:00,United Kingdom,446,207.1
17927,722,1,294.0,2009-12-18 11:03:00,2009-12-18 11:03:00,United Kingdom,0,294.0
17928,45,3,313.16,2010-05-17 15:30:00,2011-10-25 13:52:00,United Kingdom,525,104.39
17929,11,12,3082.1,2009-12-09 11:40:00,2011-11-28 16:01:00,United Kingdom,719,256.84
17930,36,13,4275.22,2010-03-04 10:41:00,2011-11-04 10:23:00,United Kingdom,609,328.86
17931,134,14,3402.24,2010-02-16 15:47:00,2011-07-28 18:33:00,United Kingdom,527,243.02
17932,29,3,1331.57,2011-05-12 13:58:00,2011-11-10 19:49:00,United Kingdom,182,443.86
17933,632,1,105.99,2010-03-17 15:11:00,2010-03-17 15:11:00,United Kingdom,0,105.99
17934,52,3,1049.15,2010-10-29 12:23:00,2011-10-19 11:16:00,United Kingdom,354,349.72
17935,138,7,683.24,2009-12-04 14:33:00,2011-07-24 13:18:00,United Kingdom,596,97.61
17936,5,1,380.13,2011-12-04 13:32:00,2011-12-04 13:32:00,United Kingdom,0,380.13
17937,9,7,4301.22,2010-12-12 14:43:00,2011-12-01 11:45:00,United Kingdom,353,614.46
17938,420,1,144.29,2010-10-15 14:27:00,2010-10-15 14:27:00,United Kingdom,0,144.29
17939,160,1,99.14,2011-07-03 12:27:00,2011-07-03 12:27:00,United Kingdom,0,99.14
17940,49,14,28389.58,2009-12-03 12:31:00,2011-10-21 13:27:00,United Kingdom,687,2027.83
17941,131,4,1433.28,2010-01-06 15:37:00,2011-08-01 08:30:00,United Kingdom,571,358.32
17942,8,1,77.50000000000001,2011-12-02 10:45:00,2011-12-02 10:45:00,United Kingdom,0,77.5
17944,423,1,74.99,2010-10-12 16:25:00,2010-10-12 16:25:00,United Kingdom,0,74.99
17945,697,3,359.5,2010-01-12 11:33:00,2010-01-12 11:40:00,United Kingdom,0,119.83
17946,233,2,149.57999999999998,2011-03-25 14:34:00,2011-04-20 17:00:00,United Kingdom,26,74.79
17947,37,1,176.68,2011-11-02 13:05:00,2011-11-02 13:05:00,United Kingdom,0,176.68
17948,147,1,358.56000000000006,2011-07-15 12:58:00,2011-07-15 12:58:00,United Kingdom,0,358.56
17949,1,116,107833.48,2009-12-02 11:07:00,2011-12-08 18:46:00,United Kingdom,736,929.6
17950,72,7,1166.29,2010-01-04 17:39:00,2011-09-28 15:18:00,United Kingdom,631,166.61
17951,40,4,1340.5800000000002,2010-10-31 15:15:00,2011-10-31 12:30:00,United Kingdom,364,335.15
17952,378,4,788.46,2010-06-16 11:54:00,2010-11-26 13:54:00,United Kingdom,163,197.12
17953,540,1,148.67000000000002,2010-06-17 15:08:00,2010-06-17 15:08:00,United Kingdom,0,148.67
17954,5,19,3801.83,2009-12-09 13:22:00,2011-12-04 14:15:00,United Kingdom,725,200.1
17955,199,6,949.9,2010-02-12 16:27:00,2011-05-25 12:00:00,United Kingdom,466,158.32
17956,249,1,12.75,2011-04-04 13:47:00,2011-04-04 13:47:00,United Kingdom,0,12.75
17957,66,1,110.72,2011-10-04 14:58:00,2011-10-04 14:58:00,United Kingdom,0,110.72
17958,117,2,973.88,2009-12-11 15:37:00,2011-08-15 12:19:00,United Kingdom,611,486.94
17959,592,1,140.75,2010-04-26 14:12:00,2010-04-26 14:12:00,United Kingdom,0,140.75
17960,171,3,135.08,2010-03-08 12:22:00,2011-06-21 14:15:00,United Kingdom,470,45.03
17961,21,100,2866.74,2009-12-01 14:48:00,2011-11-18 16:55:00,United Kingdom,717,28.67
17962,142,4,665.91,2010-01-13 15:24:00,2011-07-20 14:16:00,United Kingdom,552,166.48
17963,471,4,643.16,2010-01-19 17:25:00,2010-08-25 15:58:00,United Kingdom,217,160.79
17964,32,2,463.21,2010-12-02 13:32:00,2011-11-08 10:44:00,United Kingdom,340,231.6
17965,38,29,7002.9,2009-12-14 13:19:00,2011-11-02 09:31:00,United Kingdom,687,241.48
17966,38,10,1963.92,2010-01-18 13:24:00,2011-11-02 10:26:00,United Kingdom,652,196.39
17967,372,2,223.42,2010-10-19 13:19:00,2010-12-03 11:19:00,United Kingdom,44,111.71
17968,374,4,590.4399999999999,2010-07-15 15:01:00,2010-12-01 12:23:00,United Kingdom,138,147.61
17969,166,20,2354.29,2009-12-06 13:53:00,2011-06-26 13:00:00,United Kingdom,566,117.71
17970,211,1,562.79,2011-05-12 20:03:00,2011-05-12 20:03:00,United Kingdom,0,562.79
17971,548,1,161.94,2010-06-09 14:04:00,2010-06-09 14:04:00,United Kingdom,0,161.94
17972,242,1,135.19,2011-04-12 12:16:00,2011-04-12 12:16:00,United Kingdom,0,135.19
17973,52,1,337.04,2011-10-19 10:34:00,2011-10-19 10:34:00,United Kingdom,0,337.04
17974,25,6,1739.09,2010-10-28 20:03:00,2011-11-15 11:37:00,United Kingdom,382,289.85
17975,15,24,6693.03,2010-08-06 11:24:00,2011-11-24 13:27:00,United Kingdom,475,278.88
17976,372,1,321.79,2010-12-02 13:49:00,2010-12-02 13:49:00,United Kingdom,0,321.79
17977,29,2,1511.45,2010-11-04 14:26:00,2011-11-10 13:28:00,United Kingdom,370,755.72
17978,365,4,1159.99,2009-12-08 13:27:00,2010-12-09 14:05:00,United Kingdom,366,290.0
17979,36,4,729.01,2011-03-25 11:34:00,2011-11-04 12:05:00,United Kingdom,224,182.25
17980,166,4,1012.72,2010-11-11 14:42:00,2011-06-27 12:01:00,United Kingdom,227,253.18
17981,411,1,239.12,2010-10-25 10:40:00,2010-10-25 10:40:00,United Kingdom,0,239.12
17982,681,1,138.18,2010-01-28 09:38:00,2010-01-28 09:38:00,United Kingdom,0,138.18
17983,395,1,171.71,2010-11-09 13:23:00,2010-11-09 13:24:00,United Kingdom,0,171.71
17984,145,5,1148.69,2009-12-01 11:51:00,2011-07-17 15:59:00,United Kingdom,593,229.74
17985,22,1,631.35,2011-11-17 14:24:00,2011-11-17 14:24:00,United Kingdom,0,631.35
17986,56,1,20.8,2011-10-14 14:22:00,2011-10-14 14:22:00,United Kingdom,0,20.8
17987,185,5,965.4399999999999,2010-06-07 11:23:00,2011-06-07 14:22:00,United Kingdom,365,193.09
17988,12,13,485.69,2009-12-07 13:35:00,2011-11-28 11:00:00,United Kingdom,720,37.36
17989,379,1,207.32999999999998,2010-11-25 13:49:00,2010-11-25 13:49:00,United Kingdom,0,207.33
17990,237,6,1527.6100000000001,2009-12-07 15:19:00,2011-04-17 11:44:00,United Kingdom,495,254.6
17991,225,3,298.65,2010-04-27 12:46:00,2011-04-28 15:58:00,United Kingdom,366,99.55
17992,389,1,252.88,2010-11-15 13:04:00,2010-11-15 13:04:00,United Kingdom,0,252.88
17993,617,1,225.99,2010-04-01 14:23:00,2010-04-01 14:23:00,United Kingdom,0,225.99
17994,122,11,2264.0299999999997,2010-03-29 10:37:00,2011-08-10 11:41:00,United Kingdom,499,205.82
17995,282,3,495.48,2010-11-17 17:01:00,2011-03-03 12:30:00,United Kingdom,105,165.16
17996,380,3,469.73,2010-06-11 11:48:00,2010-11-25 11:00:00,United Kingdom,166,156.58
17997,74,8,1962.46,2011-06-28 17:28:00,2011-09-26 16:13:00,United Kingdom,89,245.31
17998,380,3,639.24,2009-12-01 13:07:00,2010-11-24 15:31:00,United Kingdom,358,213.08
17999,37,3,528.46,2010-11-26 13:16:00,2011-11-02 15:56:00,United Kingdom,341,176.15
18000,564,1,124.25,2010-05-24 17:34:00,2010-05-24 17:34:00,United Kingdom,0,124.25
18001,12,6,924.14,2009-12-02 15:38:00,2011-11-27 16:02:00,United Kingdom,725,154.02
18002,376,4,237.62,2009-12-08 11:07:00,2010-11-29 10:57:00,United Kingdom,355,59.4
18003,376,1,353.51,2010-11-28 15:09:00,2010-11-28 15:09:00,United Kingdom,0,353.51
18004,362,1,157.92,2010-12-12 13:47:00,2010-12-12 13:47:00,United Kingdom,0,157.92
18005,4,2,226.47,2011-10-23 14:40:00,2011-12-06 11:51:00,United Kingdom,43,113.24
18006,23,4,969.51,2009-12-17 12:27:00,2011-11-16 16:52:00,United Kingdom,699,242.38
18007,393,1,215.22,2010-11-12 11:08:00,2010-11-12 11:08:00,United Kingdom,0,215.22
18008,70,23,19759.079999999998,2010-01-06 12:35:00,2011-09-30 15:17:00,United Kingdom,632,859.09
18009,235,8,2144.23,2010-02-25 11:49:00,2011-04-18 13:36:00,United Kingdom,417,268.03
18010,257,1,174.8,2011-03-28 12:27:00,2011-03-28 12:27:00,United Kingdom,0,174.8
18011,373,2,410.79,2010-05-21 13:28:00,2010-12-01 17:35:00,United Kingdom,194,205.4
18012,723,1,115.3,2009-12-16 13:16:00,2009-12-16 13:16:00,United Kingdom,0,115.3
18013,155,2,187.29,2011-07-07 14:08:00,2011-07-07 14:11:00,United Kingdom,0,93.64
18014,28,1,154.27,2011-11-11 15:28:00,2011-11-11 15:28:00,United Kingdom,0,154.27
18015,4,1,120.03,2011-12-05 14:49:00,2011-12-05 14:49:00,United Kingdom,0,120.03
18016,32,7,1954.56,2010-01-27 16:00:00,2011-11-07 13:25:00,United Kingdom,648,279.22
18017,81,4,688.0,2010-10-04 15:11:00,2011-09-19 16:15:00,United Kingdom,350,172.0
18018,108,4,297.99,2010-10-15 11:05:00,2011-08-23 17:37:00,United Kingdom,312,74.5
18019,52,1,38.45,2011-10-19 12:10:00,2011-10-19 12:10:00,United Kingdom,0,38.45
18020,544,1,190.48000000000002,2010-06-14 12:31:00,2010-06-14 12:31:00,United Kingdom,0,190.48
18021,510,2,216.41,2010-07-15 18:47:00,2010-07-18 10:52:00,United Kingdom,2,108.2
18022,36,5,1506.62,2010-06-11 13:59:00,2011-11-04 12:45:00,United Kingdom,510,301.32
18024,153,2,389.78,2011-07-10 12:28:00,2011-07-10 12:40:00,United Kingdom,0,194.89
18025,380,6,1177.72,2010-03-30 17:33:00,2010-11-25 12:37:00,United Kingdom,239,196.29
18026,501,2,2074.07,2010-07-22 16:21:00,2010-07-27 10:37:00,United Kingdom,4,1037.04
18027,99,1,115.31,2011-09-02 10:38:00,2011-09-02 10:38:00,United Kingdom,0,115.31
18028,583,1,192.05,2010-05-05 13:28:00,2010-05-05 13:28:00,United Kingdom,0,192.05
18029,642,1,433.77,2010-03-07 15:30:00,2010-03-07 15:30:00,United Kingdom,0,433.77
18030,4,2,230.64999999999998,2011-10-28 13:55:00,2011-12-05 16:37:00,United Kingdom,38,115.32
18031,379,1,451.3,2010-11-26 11:00:00,2010-11-26 11:00:00,United Kingdom,0,451.3
18032,334,1,73.5,2011-01-09 15:32:00,2011-01-09 15:32:00,United Kingdom,0,73.5
18033,65,1,93.82000000000001,2011-10-05 17:28:00,2011-10-05 17:28:00,United Kingdom,0,93.82
18034,22,3,753.35,2010-11-29 12:36:00,2011-11-18 12:22:00,United Kingdom,353,251.12
18035,36,5,1260.23,2010-11-19 13:42:00,2011-11-04 12:39:00,United Kingdom,349,252.05
18036,32,11,1545.49,2009-12-18 12:04:00,2011-11-07 14:40:00,United Kingdom,689,140.5
18037,154,15,167.42,2009-12-01 13:48:00,2011-07-08 13:39:00,United Kingdom,583,11.16
18038,556,1,141.48,2010-06-01 15:59:00,2010-06-01 15:59:00,United Kingdom,0,141.48
18039,374,4,548.22,2010-03-09 11:19:00,2010-11-30 13:07:00,United Kingdom,266,137.06
18040,19,2,357.20000000000005,2011-04-08 08:27:00,2011-11-20 14:20:00,United Kingdom,226,178.6
18041,12,38,8018.7699999999995,2010-01-14 10:04:00,2011-11-28 11:39:00,United Kingdom,683,211.02
18042,54,2,281.15,2010-06-16 10:53:00,2011-10-17 11:49:00,United Kingdom,488,140.57
18043,25,3,529.29,2010-12-08 12:35:00,2011-11-15 12:48:00,United Kingdom,342,176.43
18044,4,18,3505.61,2010-05-28 15:31:00,2011-12-05 14:26:00,United Kingdom,555,194.76
18045,45,1,178.34,2011-10-25 13:07:00,2011-10-25 13:07:00,United Kingdom,0,178.34
18046,650,1,189.63,2010-02-28 11:36:00,2010-02-28 11:36:00,United Kingdom,0,189.63
18047,381,2,326.09,2010-11-23 12:57:00,2010-11-23 13:11:00,United Kingdom,0,163.04
18048,203,3,394.93,2010-08-03 13:03:00,2011-05-20 14:58:00,United Kingdom,290,131.64
18049,437,2,500.5,2010-04-28 13:24:00,2010-09-28 14:26:00,United Kingdom,153,250.25
18050,359,2,412.06,2010-11-11 15:51:00,2010-12-15 14:25:00,United Kingdom,33,206.03
18051,634,7,2282.28,2009-12-09 12:17:00,2010-03-15 13:58:00,United Kingdom,96,326.04
18052,565,1,10877.18,2010-05-24 11:11:00,2010-05-24 11:11:00,United Kingdom,0,10877.18
18053,71,3,571.07,2010-06-30 12:36:00,2011-09-30 09:05:00,United Kingdom,456,190.36
18054,393,1,176.5,2010-11-12 08:18:00,2010-11-12 08:18:00,United Kingdom,0,176.5
18055,7,14,10142.64,2010-10-22 13:27:00,2011-12-02 14:25:00,United Kingdom,406,724.47
18056,288,2,554.6,2010-03-31 12:29:00,2011-02-24 14:27:00,United Kingdom,330,277.3
18057,393,3,1168.14,2010-01-18 12:42:00,2010-11-11 16:55:00,United Kingdom,297,389.38
18058,10,3,774.06,2010-02-10 09:38:00,2011-11-30 08:38:00,United Kingdom,657,258.02
18059,23,3,306.46,2011-10-03 09:30:00,2011-11-16 16:49:00,United Kingdom,44,102.15
18060,408,2,1185.46,2010-05-24 08:34:00,2010-10-27 16:41:00,United Kingdom,156,592.73
18061,22,28,6083.81,2009-12-04 11:36:00,2011-11-18 11:20:00,United Kingdom,713,217.28
18062,173,6,1632.67,2010-04-21 08:55:00,2011-06-19 14:47:00,United Kingdom,424,272.11
18063,391,2,186.60000000000002,2010-03-16 13:05:00,2010-11-14 10:46:00,United Kingdom,242,93.3
18064,133,11,4481.83,2010-02-01 15:01:00,2011-07-29 16:39:00,United Kingdom,543,407.44
18065,6,28,5846.63,2009-12-09 16:00:00,2011-12-04 10:30:00,United Kingdom,724,208.81
18066,75,3,1440.4,2010-10-20 11:42:00,2011-09-25 15:30:00,United Kingdom,340,480.13
18067,40,1,396.33,2011-10-30 15:58:00,2011-10-30 15:58:00,United Kingdom,0,396.33
18068,289,1,101.69999999999999,2011-02-23 14:50:00,2011-02-23 14:50:00,United Kingdom,0,101.7
18069,26,11,4449.02,2010-02-28 16:14:00,2011-11-13 16:03:00,United Kingdom,622,404.46
18070,669,1,314.1,2010-02-08 13:28:00,2010-02-08 13:28:00,United Kingdom,0,314.1
18071,258,6,1169.68,2009-12-05 10:31:00,2011-03-27 11:59:00,United Kingdom,477,194.95
18072,186,1,247.44,2011-06-07 10:44:00,2011-06-07 10:44:00,United Kingdom,0,247.44
18073,114,12,3859.82,2011-05-26 19:38:00,2011-08-17 14:02:00,United Kingdom,82,321.65
18074,374,2,1019.44,2010-07-22 10:31:00,2010-12-01 09:53:00,United Kingdom,131,509.72
18075,23,20,5783.29,2010-07-29 11:47:00,2011-11-16 15:21:00,United Kingdom,475,289.16
18076,380,1,151.49,2010-11-24 14:02:00,2010-11-24 14:02:00,United Kingdom,0,151.49
18077,8,18,4078.79,2009-12-07 11:40:00,2011-12-01 13:32:00,United Kingdom,724,226.6
18078,217,4,725.53,2010-03-21 15:50:00,2011-05-06 14:32:00,United Kingdom,410,181.38
18079,45,5,4203.93,2010-08-05 12:19:00,2011-10-25 15:27:00,United Kingdom,446,840.79
18080,19,2,1231.5,2011-04-11 10:10:00,2011-11-21 08:02:00,United Kingdom,223,615.75
18081,36,3,343.45,2011-07-29 11:56:00,2011-11-03 16:30:00,United Kingdom,97,114.48
18082,26,1,680.84,2011-11-14 12:45:00,2011-11-14 12:45:00,United Kingdom,0,680.84
18083,398,1,463.53,2010-11-07 11:44:00,2010-11-07 11:44:00,United Kingdom,0,463.53
18084,16,3,795.2299999999999,2010-11-16 08:09:00,2011-11-23 13:57:00,United Kingdom,372,265.08
18085,330,4,1341.8500000000001,2010-03-21 11:57:00,2011-01-13 15:17:00,United Kingdom,298,335.46
18086,274,1,101.34,2011-03-10 13:34:00,2011-03-10 13:34:00,United Kingdom,0,101.34
18087,291,16,13908.72,2009-12-01 09:43:00,2011-02-22 10:43:00,United Kingdom,448,869.3
18088,61,1,166.03,2011-10-09 13:41:00,2011-10-09 13:41:00,United Kingdom,0,166.03
18089,447,1,428.45,2010-09-19 11:57:00,2010-09-19 11:57:00,United Kingdom,0,428.45
18090,422,1,321.9,2010-10-14 12:32:00,2010-10-14 12:32:00,United Kingdom,0,321.9
18091,593,1,360.85,2010-04-25 13:18:00,2010-04-25 13:18:00,United Kingdom,0,360.85
18092,2,18,14693.72,2009-12-04 12:37:00,2011-12-07 13:14:00,United Kingdom,733,816.32
18093,93,8,4452.71,2010-03-31 10:27:00,2011-09-07 15:43:00,United Kingdom,525,556.59
18094,82,13,6391.52,2010-01-07 11:16:00,2011-09-19 09:28:00,United Kingdom,619,491.66
18095,313,5,2303.09,2010-04-19 14:09:00,2011-01-31 12:50:00,United Kingdom,286,460.62
18096,12,6,1638.16,2010-07-14 14:30:00,2011-11-28 12:44:00,United Kingdom,501,273.03
18097,8,11,4627.92,2009-12-17 11:06:00,2011-12-02 11:16:00,United Kingdom,715,420.72
18098,396,1,527.94,2010-11-08 16:31:00,2010-11-08 16:31:00,United Kingdom,0,527.94
18099,127,1,168.31,2011-08-04 15:52:00,2011-08-04 15:52:00,United Kingdom,0,168.31
18100,550,1,451.56,2010-06-07 14:19:00,2010-06-07 14:19:00,United Kingdom,0,451.56
18101,11,5,622.01,2010-02-03 13:52:00,2011-11-28 13:37:00,United Kingdom,662,124.4
18102,1,145,580987.04,2009-12-01 09:24:00,2011-12-09 11:50:00,United Kingdom,738,4006.81
18103,549,1,105.8,2010-06-08 13:36:00,2010-06-08 13:36:00,United Kingdom,0,105.8
18104,37,1,754.64,2011-11-02 14:07:00,2011-11-02 14:07:00,United Kingdom,0,754.64
18105,38,1,113.48000000000002,2011-11-02 12:04:00,2011-11-02 12:04:00,United Kingdom,0,113.48
18106,330,6,1441.06,2010-01-15 11:36:00,2011-01-14 12:23:00,United Kingdom,364,240.18
18107,442,1,165.88,2010-09-23 13:03:00,2010-09-23 13:03:00,United Kingdom,0,165.88
18108,254,3,848.8100000000001,2009-12-02 12:47:00,2011-03-30 13:56:00,United Kingdom,483,282.94
18109,2,38,9555.71,2010-07-01 12:13:00,2011-12-08 11:36:00,United Kingdom,524,251.47
18110,20,2,392.28000000000003,2010-10-24 14:21:00,2011-11-20 12:34:00,United Kingdom,391,196.14
18111,589,1,405.85,2010-04-29 12:58:00,2010-04-29 12:58:00,United Kingdom,0,405.85
18112,12,4,773.36,2010-06-06 12:40:00,2011-11-27 14:43:00,United Kingdom,539,193.34
18113,369,1,76.32000000000001,2010-12-06 12:31:00,2010-12-06 12:31:00,United Kingdom,0,76.32
18114,290,1,220.1,2011-02-22 13:20:00,2011-02-22 13:20:00,United Kingdom,0,220.1
18115,698,1,9.700000000000001,2010-01-11 11:57:00,2010-01-11 11:57:00,United Kingdom,0,9.7
18116,68,13,2130.89,2010-10-24 15:29:00,2011-10-03 11:00:00,United Kingdom,343,163.91
18117,26,1,314.4,2011-11-14 12:47:00,2011-11-14 12:47:00,United Kingdom,0,314.4
18118,11,29,6218.62,2010-11-23 13:36:00,2011-11-29 11:32:00,United Kingdom,370,214.44
18119,368,1,180.7,2010-12-07 11:59:00,2010-12-07 11:59:00,United Kingdom,0,180.7
18120,214,1,111.15,2011-05-09 13:45:00,2011-05-09 13:45:00,United Kingdom,0,111.15
18121,149,2,653.3,2011-07-08 12:14:00,2011-07-13 12:53:00,United Kingdom,5,326.65
18122,8,6,1791.84,2011-07-12 11:37:00,2011-12-01 13:08:00,United Kingdom,142,298.64
18123,24,3,666.64,2010-07-14 12:47:00,2011-11-15 14:23:00,United Kingdom,489,222.21
18124,472,1,102.65,2010-08-24 17:21:00,2010-08-24 17:21:00,United Kingdom,0,102.65
18125,30,4,1131.75,2011-01-27 15:02:00,2011-11-10 12:29:00,United Kingdom,286,282.94
18126,61,1,198.58,2011-10-10 12:19:00,2011-10-10 12:19:00,United Kingdom,0,198.58
18127,19,4,556.13,2010-11-01 13:56:00,2011-11-20 14:05:00,United Kingdom,384,139.03
18128,537,1,399.29,2010-06-20 13:19:00,2010-06-20 13:19:00,United Kingdom,0,399.29
18129,243,1,112.55000000000001,2011-04-10 14:16:00,2011-04-10 14:16:00,United Kingdom,0,112.55
18130,15,3,1059.39,2011-10-13 15:58:00,2011-11-24 14:40:00,United Kingdom,41,353.13
18131,632,1,222.95999999999998,2010-03-18 08:48:00,2010-03-18 08:48:00,United Kingdom,0,222.96
18132,504,1,220.13,2010-07-23 16:54:00,2010-07-23 16:54:00,United Kingdom,0,220.13
18133,212,1,931.4999999999999,2011-05-11 14:14:00,2011-05-11 14:14:00,United Kingdom,0,931.5
18134,598,2,445.0,2010-01-14 11:59:00,2010-04-20 14:02:00,United Kingdom,96,222.5
18135,29,10,1249.6200000000001,2010-03-15 13:55:00,2011-11-10 19:32:00,United Kingdom,605,124.96
18136,63,5,1631.3600000000001,2010-09-14 15:50:00,2011-10-07 15:40:00,United Kingdom,387,326.27
18137,551,2,145.99,2010-06-06 13:45:00,2010-06-06 14:18:00,United Kingdom,0,73.0
18138,295,1,152.65,2011-02-17 14:51:00,2011-02-17 14:51:00,United Kingdom,0,152.65
18139,18,6,8438.34,2011-11-21 14:06:00,2011-11-22 10:44:00,United Kingdom,0,1406.39
18140,474,1,536.41,2010-08-23 11:58:00,2010-08-23 11:58:00,West Indies,0,536.41
18141,402,2,882.47,2010-04-29 15:32:00,2010-11-03 11:44:00,United Kingdom,187,441.24
18142,157,2,1019.52,2011-05-08 12:31:00,2011-07-05 13:19:00,United Kingdom,58,509.76
18143,117,2,1000.16,2011-07-21 10:44:00,2011-08-15 12:07:00,United Kingdom,25,500.08
18144,8,19,4892.95,2009-12-16 15:57:00,2011-12-02 12:46:00,United Kingdom,715,257.52
18145,13,11,5609.74,2009-12-08 12:30:00,2011-11-27 11:22:00,United Kingdom,718,509.98
18146,141,2,160.35000000000002,2011-05-03 16:35:00,2011-07-22 12:08:00,United Kingdom,79,80.18
18147,46,2,179.33999999999997,2011-08-23 12:22:00,2011-10-25 11:46:00,United Kingdom,62,89.67
18148,647,1,112.85000000000001,2010-03-03 11:40:00,2010-03-03 11:40:00,United Kingdom,0,112.85
18149,51,7,1553.96,2010-03-14 12:41:00,2011-10-20 12:04:00,United Kingdom,584,221.99
18150,32,3,566.58,2011-05-22 10:47:00,2011-11-07 16:49:00,United Kingdom,169,188.86
18151,135,6,1879.44,2010-03-04 10:47:00,2011-07-28 11:35:00,United Kingdom,511,313.24
18152,646,1,426.69,2010-03-03 15:26:00,2010-03-03 15:26:00,United Kingdom,0,426.69
18153,659,1,246.22,2010-02-18 15:50:00,2010-02-18 15:50:00,United Kingdom,0,246.22
18154,3,5,932.6,2010-08-06 09:18:00,2011-12-06 16:41:00,United Kingdom,487,186.52
18155,75,3,371.62,2011-02-21 10:36:00,2011-09-25 13:32:00,United Kingdom,216,123.87
18156,13,2,675.64,2010-12-05 12:29:00,2011-11-27 12:24:00,United Kingdom,356,337.82
18157,571,1,213.9,2010-05-17 14:09:00,2010-05-17 14:09:00,United Kingdom,0,213.9
18158,9,2,453.4,2011-09-12 09:03:00,2011-11-30 16:19:00,United Kingdom,79,226.7
18159,301,1,530.15,2011-02-11 14:26:00,2011-02-11 14:26:00,United Kingdom,0,530.15
18160,57,3,1003.88,2010-11-18 16:33:00,2011-10-13 15:50:00,United Kingdom,328,334.63
18161,15,6,1803.1000000000001,2010-11-25 15:55:00,2011-11-24 16:40:00,United Kingdom,364,300.52
18162,732,1,371.51,2009-12-07 13:24:00,2009-12-07 13:24:00,United Kingdom,0,371.51
18163,584,1,728.84,2010-05-04 14:51:00,2010-05-04 14:51:00,United Kingdom,0,728.84
18164,37,1,399.65000000000003,2011-11-02 12:56:00,2011-11-02 12:56:00,United Kingdom,0,399.65
18165,177,1,302.46000000000004,2011-06-15 13:23:00,2011-06-15 13:23:00,United Kingdom,0,302.46
18166,624,1,175.5,2010-03-26 12:26:00,2010-03-26 12:26:00,United Kingdom,0,175.5
18167,23,3,1384.8600000000001,2011-08-26 11:40:00,2011-11-16 15:56:00,United Kingdom,82,461.62
18168,176,16,3435.5,2009-12-03 17:29:00,2011-06-16 19:21:00,United Kingdom,560,214.72
18169,61,1,202.65,2011-10-10 12:18:00,2011-10-10 12:18:00,United Kingdom,0,202.65
18170,33,9,2878.0,2010-01-08 14:10:00,2011-11-06 14:35:00,United Kingdom,667,319.78
18171,59,9,2437.31,2010-01-05 10:46:00,2011-10-12 09:13:00,United Kingdom,644,270.81
18172,15,52,17467.24,2009-12-11 09:58:00,2011-11-25 11:12:00,United Kingdom,714,335.91
18173,87,5,2696.36,2010-04-06 10:43:00,2011-09-14 11:26:00,United Kingdom,526,539.27
18174,7,2,162.5,2010-04-15 12:17:00,2011-12-02 16:56:00,United Kingdom,596,81.25
18175,676,1,176.1,2010-02-02 10:25:00,2010-02-02 10:25:00,United Kingdom,0,176.1
18176,358,1,476.35,2010-12-16 15:45:00,2010-12-16 15:45:00,United Kingdom,0,476.35
18177,31,9,2216.32,2009-12-15 18:57:00,2011-11-08 14:44:00,United Kingdom,692,246.26
18178,129,11,6103.74,2010-02-18 14:25:00,2011-08-03 09:30:00,United Kingdom,530,554.89
18179,9,8,2547.55,2010-02-14 15:51:00,2011-11-30 16:23:00,United Kingdom,654,318.44
18180,5,6,1843.75,2011-07-20 08:59:00,2011-12-05 08:39:00,United Kingdom,137,307.29
18181,24,5,1188.34,2009-12-04 15:30:00,2011-11-15 15:08:00,United Kingdom,710,237.67
18182,463,1,291.13,2010-09-02 14:25:00,2010-09-02 14:25:00,United Kingdom,0,291.13
18183,227,2,632.07,2011-03-10 10:08:00,2011-04-26 15:26:00,United Kingdom,47,316.04
18184,15,1,49.8,2011-11-24 15:28:00,2011-11-24 15:28:00,United Kingdom,0,49.8
18185,249,1,304.25,2011-04-04 13:42:00,2011-04-04 13:42:00,United Kingdom,0,304.25
18186,723,1,329.58,2009-12-17 10:22:00,2009-12-17 10:22:00,United Kingdom,0,329.58
18187,632,1,724.89,2010-03-18 09:49:00,2010-03-18 09:49:00,United Kingdom,0,724.89
18188,15,6,3280.59,2010-03-26 11:37:00,2011-11-24 16:46:00,United Kingdom,608,546.76
18189,78,3,1403.73,2010-03-24 09:57:00,2011-09-23 12:40:00,United Kingdom,548,467.91
18190,192,5,745.62,2009-12-22 12:05:00,2011-05-31 14:48:00,United Kingdom,525,149.12
18191,262,2,529.4,2010-08-19 17:42:00,2011-03-23 12:08:00,United Kingdom,215,264.7
18192,72,1,957.97,2011-09-29 09:53:00,2011-09-29 09:53:00,United Kingdom,0,957.97
18193,165,3,1207.35,2010-09-23 13:33:00,2011-06-27 13:58:00,United Kingdom,277,402.45
18194,82,6,4162.04,2010-01-28 15:30:00,2011-09-18 13:29:00,United Kingdom,597,693.67
18195,387,1,101.16,2010-11-17 15:03:00,2010-11-17 15:03:00,United Kingdom,0,101.16
18196,95,4,1455.27,2010-03-17 14:55:00,2011-09-05 16:22:00,United Kingdom,537,363.82
18197,576,1,230.1,2010-05-13 10:46:00,2010-05-13 10:46:00,United Kingdom,0,230.1
18198,4,17,5425.56,2011-01-07 13:39:00,2011-12-05 14:49:00,United Kingdom,332,319.15
18199,684,1,344.75,2010-01-25 11:32:00,2010-01-25 11:32:00,United Kingdom,0,344.75
18200,106,1,150.35,2011-08-25 18:45:00,2011-08-25 18:45:00,United Kingdom,0,150.35
18201,723,1,447.53000000000003,2009-12-17 08:55:00,2009-12-17 08:55:00,United Kingdom,0,447.53
18202,200,3,1396.99,2011-02-01 13:36:00,2011-05-24 12:12:00,United Kingdom,111,465.66
18203,157,4,482.52,2009-12-08 13:19:00,2011-07-05 13:07:00,United Kingdom,573,120.63
18204,71,3,1975.35,2011-05-31 15:26:00,2011-09-29 16:44:00,United Kingdom,121,658.45
18205,36,2,517.36,2011-09-26 12:02:00,2011-11-03 13:22:00,United Kingdom,38,258.68
18206,553,1,314.65999999999997,2010-06-04 13:47:00,2010-06-04 13:47:00,United Kingdom,0,314.66
18207,499,1,544.47,2010-07-28 14:26:00,2010-07-28 14:26:00,United Kingdom,0,544.47
18208,566,1,360.08,2010-05-23 11:54:00,2010-05-23 11:54:00,United Kingdom,0,360.08
18209,29,1,139.10000000000002,2011-11-11 12:07:00,2011-11-11 12:07:00,United Kingdom,0,139.1
18210,2,7,2768.83,2010-11-22 09:39:00,2011-12-08 11:02:00,United Kingdom,381,395.55
18211,26,5,600.07,2011-03-06 12:09:00,2011-11-14 08:10:00,United Kingdom,252,120.01
18212,326,2,514.37,2010-01-31 14:42:00,2011-01-17 16:14:00,United Kingdom,351,257.18
18213,237,1,232.48000000000002,2011-04-17 10:21:00,2011-04-17 10:21:00,United Kingdom,0,232.48
18214,531,4,1780.34,2010-06-03 19:47:00,2010-06-27 11:21:00,United Kingdom,23,445.08
18215,89,5,2232.4900000000002,2010-03-26 13:03:00,2011-09-11 16:05:00,United Kingdom,534,446.5
18216,31,1,481.75,2011-11-08 16:55:00,2011-11-08 16:55:00,United Kingdom,0,481.75
18217,29,4,945.04,2010-07-01 15:39:00,2011-11-10 13:18:00,United Kingdom,496,236.26
18218,211,4,1121.84,2010-02-17 15:11:00,2011-05-12 12:53:00,United Kingdom,448,280.46
18219,3,17,3352.7000000000003,2009-12-07 13:17:00,2011-12-07 11:43:00,United Kingdom,729,197.22
18220,227,6,1921.76,2009-12-15 11:42:00,2011-04-27 09:03:00,United Kingdom,497,320.29
18221,22,6,1424.94,2010-11-14 15:46:00,2011-11-17 14:40:00,United Kingdom,367,237.49
18222,93,1,443.0,2011-09-08 10:45:00,2011-09-08 10:45:00,United Kingdom,0,443.0
18223,5,26,14000.85,2009-12-04 12:20:00,2011-12-05 09:11:00,United Kingdom,730,538.49
18224,264,1,158.95000000000002,2011-03-21 10:30:00,2011-03-21 10:30:00,United Kingdom,0,158.95
18225,3,26,13014.8,2009-12-04 16:52:00,2011-12-06 13:27:00,United Kingdom,731,500.57
18226,44,26,11878.88,2010-03-05 10:05:00,2011-10-26 13:36:00,United Kingdom,600,456.88
18227,218,2,388.75,2010-08-12 16:45:00,2011-05-06 12:23:00,United Kingdom,266,194.38
18228,57,2,779.9,2011-09-21 10:48:00,2011-10-14 09:21:00,United Kingdom,22,389.95
18229,12,28,10150.51,2009-12-03 14:42:00,2011-11-28 09:48:00,United Kingdom,724,362.52
18230,9,9,4291.06,2010-07-02 10:01:00,2011-11-30 13:22:00,United Kingdom,516,476.78
18231,192,28,6848.27,2010-01-10 12:13:00,2011-05-31 14:18:00,United Kingdom,506,244.58
18232,82,4,592.97,2011-05-26 16:30:00,2011-09-19 11:49:00,United Kingdom,115,148.24
18233,326,1,440.0,2011-01-18 08:44:00,2011-01-18 08:44:00,United Kingdom,0,440.0
18234,552,1,179.6,2010-06-06 11:22:00,2010-06-06 11:22:00,United Kingdom,0,179.6
18235,72,3,1796.48,2011-05-06 13:35:00,2011-09-29 08:27:00,United Kingdom,145,598.83
18236,30,12,1795.3500000000001,2010-04-15 13:39:00,2011-11-10 08:06:00,United Kingdom,573,149.61
18237,3,5,987.1,2011-07-28 13:05:00,2011-12-07 12:49:00,United Kingdom,131,197.42
18238,515,1,270.92,2010-07-12 12:51:00,2010-07-12 12:51:00,United Kingdom,0,270.92
18239,219,6,1712.26,2010-10-13 10:11:00,2011-05-05 12:38:00,United Kingdom,204,285.38
18240,46,1,422.58,2011-10-24 13:06:00,2011-10-24 13:06:00,United Kingdom,0,422.58
18241,10,21,2986.9900000000002,2010-04-01 11:55:00,2011-11-30 12:10:00,United Kingdom,608,142.24
18242,72,8,3605.21,2010-01-11 08:49:00,2011-09-28 13:43:00,United Kingdom,625,450.65
18243,414,1,515.78,2010-10-21 14:29:00,2010-10-21 14:29:00,United Kingdom,0,515.78
18244,431,2,568.64,2010-07-25 10:30:00,2010-10-05 11:15:00,United Kingdom,72,284.32
18245,7,20,6324.9800000000005,2010-03-08 15:26:00,2011-12-02 14:48:00,United Kingdom,633,316.25
18246,24,3,758.8199999999999,2010-04-09 10:19:00,2011-11-16 11:49:00,United Kingdom,586,252.94
18247,415,3,839.73,2010-03-18 15:52:00,2010-10-21 09:49:00,United Kingdom,216,279.91
18248,123,2,804.02,2011-06-06 13:18:00,2011-08-09 10:19:00,United Kingdom,63,402.01
18249,17,1,95.34,2011-11-22 15:07:00,2011-11-22 15:07:00,United Kingdom,0,95.34
18250,310,1,349.27,2011-02-02 13:16:00,2011-02-02 13:16:00,United Kingdom,0,349.27
18251,87,9,26278.86,2009-12-22 12:01:00,2011-09-13 15:03:00,United Kingdom,630,2919.87
18252,51,7,1533.69,2009-12-18 16:13:00,2011-10-20 12:43:00,United Kingdom,670,219.1
18253,643,1,317.88,2010-03-07 12:38:00,2010-03-07 12:38:00,United Kingdom,0,317.88
18254,581,1,267.9,2010-05-07 14:37:00,2010-05-07 14:37:00,United Kingdom,0,267.9
18255,89,2,303.15,2010-09-09 16:31:00,2011-09-11 13:16:00,United Kingdom,366,151.57
18256,388,1,110.7,2010-11-17 08:53:00,2010-11-17 08:53:00,United Kingdom,0,110.7
18257,39,12,4585.15,2010-02-18 16:20:00,2011-10-31 14:48:00,United Kingdom,619,382.1
18258,464,6,2059.67,2010-05-16 11:35:00,2010-09-01 14:20:00,United Kingdom,108,343.28
18259,25,7,3941.9,2009-12-08 08:38:00,2011-11-15 12:34:00,United Kingdom,707,563.13
18260,173,23,9947.26,2009-12-15 13:50:00,2011-06-20 12:37:00,United Kingdom,551,432.49
18261,43,2,324.24,2011-09-05 09:34:00,2011-10-27 15:36:00,United Kingdom,52,162.12
18262,140,3,577.54,2010-04-16 09:05:00,2011-07-22 16:04:00,United Kingdom,462,192.51
18263,26,3,1213.1599999999999,2011-04-01 11:48:00,2011-11-14 09:00:00,United Kingdom,226,404.39
18264,499,1,603.25,2010-07-29 10:02:00,2010-07-29 10:02:00,United Kingdom,0,603.25
18265,72,2,801.51,2011-07-04 15:26:00,2011-09-28 14:10:00,United Kingdom,85,400.76
18266,434,1,251.1,2010-10-01 15:33:00,2010-10-01 15:33:00,United Kingdom,0,251.1
18267,673,1,269.37,2010-02-05 08:43:00,2010-02-05 08:43:00,United Kingdom,0,269.37
18268,134,6,1490.23,2009-12-11 10:27:00,2011-07-28 19:13:00,United Kingdom,594,248.37
18269,366,1,168.6,2010-12-08 13:53:00,2010-12-08 13:53:00,United Kingdom,0,168.6
18270,38,3,444.55,2010-10-03 10:49:00,2011-11-01 13:57:00,United Kingdom,394,148.18
18271,610,2,680.85,2009-12-08 11:27:00,2010-04-09 09:26:00,United Kingdom,121,340.42
18272,3,9,4385.9800000000005,2010-03-04 12:53:00,2011-12-07 12:43:00,United Kingdom,642,487.33
18273,2,4,357.0,2010-04-28 12:24:00,2011-12-07 13:16:00,United Kingdom,588,89.25
18274,30,1,175.92,2011-11-09 17:03:00,2011-11-09 17:03:00,United Kingdom,0,175.92
18275,578,2,741.85,2009-12-08 16:23:00,2010-05-10 15:46:00,United Kingdom,152,370.92
18276,44,6,1656.52,2009-12-10 17:14:00,2011-10-27 10:54:00,United Kingdom,685,276.09
18277,58,5,1180.05,2010-08-02 10:26:00,2011-10-12 15:22:00,United Kingdom,436,236.01
18278,74,2,414.20000000000005,2010-10-31 12:13:00,2011-09-27 11:58:00,United Kingdom,330,207.1
18279,519,1,231.33999999999997,2010-07-08 14:48:00,2010-07-08 14:48:00,United Kingdom,0,231.34
18280,278,2,488.15000000000003,2010-11-10 15:51:00,2011-03-07 09:52:00,United Kingdom,116,244.08
18281,181,2,201.14,2010-05-11 10:49:00,2011-06-12 10:53:00,United Kingdom,397,100.57
18282,8,2,178.05,2011-08-05 13:35:00,2011-12-02 11:43:00,United Kingdom,118,89.02
18283,4,22,2658.95,2010-02-19 17:16:00,2011-12-06 12:02:00,United Kingdom,654,120.86
18284,432,1,411.68,2010-10-04 11:33:00,2010-10-04 11:33:00,United Kingdom,0,411.68
18285,661,1,377.0,2010-02-17 10:24:00,2010-02-17 10:24:00,United Kingdom,0,377.0
18286,477,2,1246.43,2009-12-16 10:45:00,2010-08-20 11:57:00,United Kingdom,247,623.22
18287,43,7,4132.99,2010-05-17 11:55:00,2011-10-28 09:29:00,United Kingdom,528,590.43
